ProductKey,OrderDateKey,DueDateKey,ShipDateKey,CustomerKey,SalesTerritoryKey,SalesOrderNumber,OrderQuantity,UnitPrice,ExtendedAmount,DiscountAmount,ProductStandardCost,SalesAmount,TaxAmt,Freight
353,2012-12-31,2013-01-12,2013-01-07,11345,7,SO51224,1,2319.99,2319.99,0,1265.6195,2319.99,185.5992,57.9998
537,2012-12-31,2013-01-12,2013-01-08,11345,7,SO51224,1,35,35,0,13.09,35,2.8,0.875
581,2012-12-31,2013-01-12,2013-01-09,20982,10,SO51225,1,1700.99,1700.99,0,1082.51,1700.99,136.0792,42.5248
490,2012-12-31,2013-01-12,2013-01-10,20982,10,SO51225,1,53.99,53.99,0,41.5723,53.99,4.3192,1.3498
225,2012-12-31,2013-01-12,2013-01-11,20982,10,SO51225,1,8.99,8.99,0,6.9223,8.99,0.7192,0.2248
380,2012-12-31,2013-01-12,2013-01-12,22822,10,SO51226,1,2443.35,2443.35,0,1554.9479,2443.35,195.468,61.0838
540,2012-12-31,2013-01-12,2013-01-13,22822,10,SO51226,1,32.6,32.6,0,12.1924,32.6,2.608,0.815
378,2012-12-31,2013-01-12,2013-01-14,25793,8,SO51227,1,2443.35,2443.35,0,1554.9479,2443.35,195.468,61.0838
529,2012-12-31,2013-01-12,2013-01-15,25793,8,SO51227,1,3.99,3.99,0,1.4923,3.99,0.3192,0.0998
540,2012-12-31,2013-01-12,2013-01-16,25793,8,SO51227,1,32.6,32.6,0,12.1924,32.6,2.608,0.815
355,2012-12-31,2013-01-12,2013-01-17,11402,7,SO51228,1,2319.99,2319.99,0,1265.6195,2319.99,185.5992,57.9998
477,2012-12-31,2013-01-12,2013-01-18,11402,7,SO51228,1,4.99,4.99,0,1.8663,4.99,0.3992,0.1248
478,2012-12-31,2013-01-12,2013-01-19,11402,7,SO51228,1,9.99,9.99,0,3.7363,9.99,0.7992,0.2498
487,2012-12-31,2013-01-12,2013-01-20,11402,7,SO51228,1,54.99,54.99,0,20.5663,54.99,4.3992,1.3748
225,2012-12-31,2013-01-12,2013-01-21,11402,7,SO51228,1,8.99,8.99,0,6.9223,8.99,0.7192,0.2248
378,2012-12-31,2013-01-12,2013-01-22,20038,4,SO51229,1,2443.35,2443.35,0,1554.9479,2443.35,195.468,61.0838
359,2012-12-31,2013-01-12,2013-01-23,11292,4,SO51230,1,2294.99,2294.99,0,1251.9813,2294.99,183.5992,57.3748
485,2012-12-31,2013-01-12,2013-01-24,11292,4,SO51230,1,21.98,21.98,0,8.2205,21.98,1.7584,0.5495
477,2012-12-31,2013-01-12,2013-01-25,11292,4,SO51230,1,4.99,4.99,0,1.8663,4.99,0.3992,0.1248
478,2012-12-31,2013-01-12,2013-01-26,11292,4,SO51230,1,9.99,9.99,0,3.7363,9.99,0.7992,0.2498
363,2012-12-31,2013-01-12,2013-01-27,11257,4,SO51231,1,2294.99,2294.99,0,1251.9813,2294.99,183.5992,57.3748
480,2012-12-31,2013-01-12,2013-01-28,11257,4,SO51231,1,2.29,2.29,0,0.8565,2.29,0.1832,0.0573
571,2012-12-31,2013-01-12,2013-01-29,11615,10,SO51232,1,742.35,742.35,0,461.4448,742.35,59.388,18.5588
214,2012-12-31,2013-01-12,2013-01-30,11615,10,SO51232,1,34.99,34.99,0,13.0863,34.99,2.7992,0.8748
583,2012-12-31,2013-01-12,2013-01-31,18467,9,SO51233,1,1700.99,1700.99,0,1082.51,1700.99,136.0792,42.5248
562,2012-12-31,2013-01-12,2013-02-01,28204,9,SO51234,1,2384.07,2384.07,0,1481.9379,2384.07,190.7256,59.6018
214,2012-12-31,2013-01-12,2013-02-02,28204,9,SO51234,1,34.99,34.99,0,13.0863,34.99,2.7992,0.8748
361,2012-12-31,2013-01-12,2013-02-03,11105,9,SO51235,1,2294.99,2294.99,0,1251.9813,2294.99,183.5992,57.3748
359,2012-12-31,2013-01-12,2013-02-04,11106,9,SO51236,1,2294.99,2294.99,0,1251.9813,2294.99,183.5992,57.3748
357,2012-12-31,2013-01-12,2013-02-05,11061,9,SO51237,1,2319.99,2319.99,0,1265.6195,2319.99,185.5992,57.9998
478,2012-12-31,2013-01-12,2013-02-06,11061,9,SO51237,1,9.99,9.99,0,3.7363,9.99,0.7992,0.2498
477,2012-12-31,2013-01-12,2013-02-07,11061,9,SO51237,1,4.99,4.99,0,1.8663,4.99,0.3992,0.1248
214,2012-12-31,2013-01-12,2013-02-08,11061,9,SO51237,1,34.99,34.99,0,13.0863,34.99,2.7992,0.8748
359,2012-12-31,2013-01-12,2013-02-09,11002,9,SO51238,1,2294.99,2294.99,0,1251.9813,2294.99,183.5992,57.3748
353,2012-12-31,2013-01-12,2013-02-10,11076,9,SO51239,1,2319.99,2319.99,0,1265.6195,2319.99,185.5992,57.9998
487,2012-12-31,2013-01-12,2013-02-11,11076,9,SO51239,1,54.99,54.99,0,20.5663,54.99,4.3992,1.3748
584,2012-12-31,2013-01-12,2013-02-12,23859,6,SO51240,1,539.99,539.99,0,343.6496,539.99,43.1992,13.4998
222,2012-12-31,2013-01-12,2013-02-13,23859,6,SO51240,1,34.99,34.99,0,13.0863,34.99,2.7992,0.8748
606,2012-12-31,2013-01-12,2013-02-14,21600,4,SO51241,1,539.99,539.99,0,343.6496,539.99,43.1992,13.4998
538,2012-12-31,2013-01-12,2013-02-15,21600,4,SO51241,1,21.49,21.49,0,8.0373,21.49,1.7192,0.5373
480,2012-12-31,2013-01-12,2013-02-16,21600,4,SO51241,1,2.29,2.29,0,0.8565,2.29,0.1832,0.0573
388,2012-12-31,2013-01-12,2013-02-17,19225,4,SO51242,1,1120.49,1120.49,0,713.0798,1120.49,89.6392,28.0123
222,2012-12-31,2013-01-12,2013-02-18,19225,4,SO51242,1,34.99,34.99,0,13.0863,34.99,2.7992,0.8748
471,2012-12-31,2013-01-12,2013-02-19,19225,4,SO51242,1,63.5,63.5,0,23.749,63.5,5.08,1.5875
605,2012-12-31,2013-01-12,2013-02-20,25609,10,SO51243,1,539.99,539.99,0,343.6496,539.99,43.1992,13.4998
538,2012-12-31,2013-01-12,2013-02-21,25609,10,SO51243,1,21.49,21.49,0,8.0373,21.49,1.7192,0.5373
529,2012-12-31,2013-01-12,2013-02-22,25609,10,SO51243,1,3.99,3.99,0,1.4923,3.99,0.3192,0.0998
604,2012-12-31,2013-01-12,2013-02-23,29355,8,SO51244,1,539.99,539.99,0,343.6496,539.99,43.1992,13.4998
538,2012-12-31,2013-01-12,2013-02-24,29355,8,SO51244,1,21.49,21.49,0,8.0373,21.49,1.7192,0.5373
529,2012-12-31,2013-01-12,2013-02-25,29355,8,SO51244,1,3.99,3.99,0,1.4923,3.99,0.3192,0.0998
480,2012-12-31,2013-01-12,2013-02-26,29355,8,SO51244,1,2.29,2.29,0,0.8565,2.29,0.1832,0.0573
562,2012-12-31,2013-01-12,2013-02-27,12124,7,SO51245,1,2384.07,2384.07,0,1481.9379,2384.07,190.7256,59.6018
222,2012-12-31,2013-01-12,2013-02-28,12124,7,SO51245,1,34.99,34.99,0,13.0863,34.99,2.7992,0.8748
225,2012-12-31,2013-01-12,2013-03-01,12124,7,SO51245,1,8.99,8.99,0,6.9223,8.99,0.7192,0.2248
574,2012-12-31,2013-01-12,2013-03-02,25625,8,SO51246,1,2384.07,2384.07,0,1481.9379,2384.07,190.7256,59.6018
479,2012-12-31,2013-01-12,2013-03-03,25625,8,SO51246,1,8.99,8.99,0,3.3623,8.99,0.7192,0.2248
477,2012-12-31,2013-01-12,2013-03-04,25625,8,SO51246,1,4.99,4.99,0,1.8663,4.99,0.3992,0.1248
214,2012-12-31,2013-01-12,2013-03-05,25625,8,SO51246,1,34.99,34.99,0,13.0863,34.99,2.7992,0.8748
372,2012-12-30,2013-01-11,2013-03-06,18208,9,SO51203,1,2443.35,2443.35,0,1554.9479,2443.35,195.468,61.0838
479,2012-12-30,2013-01-11,2013-03-07,18208,9,SO51203,1,8.99,8.99,0,3.3623,8.99,0.7192,0.2248
477,2012-12-30,2013-01-11,2013-03-08,18208,9,SO51203,1,4.99,4.99,0,1.8663,4.99,0.3992,0.1248
374,2012-12-30,2013-01-11,2013-03-09,13519,9,SO51204,1,2443.35,2443.35,0,1554.9479,2443.35,195.468,61.0838
355,2012-12-30,2013-01-11,2013-03-10,11240,10,SO51205,1,2319.99,2319.99,0,1265.6195,2319.99,185.5992,57.9998
478,2012-12-30,2013-01-11,2013-03-11,11240,10,SO51205,1,9.99,9.99,0,3.7363,9.99,0.7992,0.2498
477,2012-12-30,2013-01-11,2013-03-12,11240,10,SO51205,1,4.99,4.99,0,1.8663,4.99,0.3992,0.1248
222,2012-12-30,2013-01-11,2013-03-13,11240,10,SO51205,1,34.99,34.99,0,13.0863,34.99,2.7992,0.8748
361,2012-12-30,2013-01-11,2013-03-14,11400,10,SO51206,1,2294.99,2294.99,0,1251.9813,2294.99,183.5992,57.3748
478,2012-12-30,2013-01-11,2013-03-15,11400,10,SO51206,1,9.99,9.99,0,3.7363,9.99,0.7992,0.2498
477,2012-12-30,2013-01-11,2013-03-16,11400,10,SO51206,1,4.99,4.99,0,1.8663,4.99,0.3992,0.1248
225,2012-12-30,2013-01-11,2013-03-17,11400,10,SO51206,1,8.99,8.99,0,6.9223,8.99,0.7192,0.2248
357,2012-12-30,2013-01-11,2013-03-18,11338,8,SO51207,1,2319.99,2319.99,0,1265.6195,2319.99,185.5992,57.9998
478,2012-12-30,2013-01-11,2013-03-19,11338,8,SO51207,1,9.99,9.99,0,3.7363,9.99,0.7992,0.2498
477,2012-12-30,2013-01-11,2013-03-20,11338,8,SO51207,1,4.99,4.99,0,1.8663,4.99,0.3992,0.1248
214,2012-12-30,2013-01-11,2013-03-21,11338,8,SO51207,1,34.99,34.99,0,13.0863,34.99,2.7992,0.8748
372,2012-12-30,2013-01-11,2013-03-22,23234,8,SO51208,1,2443.35,2443.35,0,1554.9479,2443.35,195.468,61.0838
222,2012-12-30,2013-01-11,2013-03-23,23234,8,SO51208,1,34.99,34.99,0,13.0863,34.99,2.7992,0.8748
593,2012-12-30,2013-01-11,2013-03-24,13059,4,SO51209,1,564.99,564.99,0,308.2179,564.99,45.1992,14.1248
485,2012-12-30,2013-01-11,2013-03-25,13059,4,SO51209,1,21.98,21.98,0,8.2205,21.98,1.7584,0.5495
217,2012-12-30,2013-01-11,2013-03-26,13059,4,SO51209,1,34.99,34.99,0,13.0863,34.99,2.7992,0.8748
465,2012-12-30,2013-01-11,2013-03-27,13059,4,SO51209,1,24.49,24.49,0,9.1593,24.49,1.9592,0.6123
361,2012-12-30,2013-01-11,2013-03-28,11261,4,SO51210,1,2294.99,2294.99,0,1251.9813,2294.99,183.5992,57.3748
222,2012-12-30,2013-01-11,2013-03-29,11261,4,SO51210,1,34.99,34.99,0,13.0863,34.99,2.7992,0.8748
565,2012-12-30,2013-01-11,2013-03-30,13841,10,SO51211,1,742.35,742.35,0,461.4448,742.35,59.388,18.5588
482,2012-12-30,2013-01-11,2013-03-31,13841,10,SO51211,1,8.99,8.99,0,3.3623,8.99,0.7192,0.2248
384,2012-12-30,2013-01-11,2013-04-01,24604,9,SO51212,1,1120.49,1120.49,0,713.0798,1120.49,89.6392,28.0123
539,2012-12-30,2013-01-11,2013-04-02,24604,9,SO51212,1,24.99,24.99,0,9.3463,24.99,1.9992,0.6248
529,2012-12-30,2013-01-11,2013-04-03,24604,9,SO51212,1,3.99,3.99,0,1.4923,3.99,0.3192,0.0998
214,2012-12-30,2013-01-11,2013-04-04,24604,9,SO51212,1,34.99,34.99,0,13.0863,34.99,2.7992,0.8748
488,2012-12-30,2013-01-11,2013-04-05,24604,9,SO51212,1,53.99,53.99,0,41.5723,53.99,4.3192,1.3498
576,2012-12-30,2013-01-11,2013-04-06,28202,9,SO51213,1,2384.07,2384.07,0,1481.9379,2384.07,190.7256,59.6018
222,2012-12-30,2013-01-11,2013-04-07,28202,9,SO51213,1,34.99,34.99,0,13.0863,34.99,2.7992,0.8748
584,2012-12-30,2013-01-11,2013-04-08,19765,9,SO51214,1,539.99,539.99,0,343.6496,539.99,43.1992,13.4998
479,2012-12-30,2013-01-11,2013-04-09,19765,9,SO51214,1,8.99,8.99,0,3.3623,8.99,0.7192,0.2248
477,2012-12-30,2013-01-11,2013-04-10,19765,9,SO51214,1,4.99,4.99,0,1.8663,4.99,0.3992,0.1248
361,2012-12-30,2013-01-11,2013-04-11,11108,9,SO51215,1,2294.99,2294.99,0,1251.9813,2294.99,183.5992,57.3748
537,2012-12-30,2013-01-11,2013-04-12,11108,9,SO51215,1,35,35,0,13.09,35,2.8,0.875
355,2012-12-30,2013-01-11,2013-04-13,11117,9,SO51216,1,2319.99,2319.99,0,1265.6195,2319.99,185.5992,57.9998
485,2012-12-30,2013-01-11,2013-04-14,11117,9,SO51216,1,21.98,21.98,0,8.2205,21.98,1.7584,0.5495
478,2012-12-30,2013-01-11,2013-04-15,11117,9,SO51216,1,9.99,9.99,0,3.7363,9.99,0.7992,0.2498
477,2012-12-30,2013-01-11,2013-04-16,11117,9,SO51216,1,4.99,4.99,0,1.8663,4.99,0.3992,0.1248
225,2012-12-30,2013-01-11,2013-04-17,11117,9,SO51216,1,8.99,8.99,0,6.9223,8.99,0.7192,0.2248
353,2012-12-30,2013-01-11,2013-04-18,11449,9,SO51217,1,2319.99,2319.99,0,1265.6195,2319.99,185.5992,57.9998
528,2012-12-30,2013-01-11,2013-04-19,11449,9,SO51217,1,4.99,4.99,0,1.8663,4.99,0.3992,0.1248
537,2012-12-30,2013-01-11,2013-04-20,11449,9,SO51217,1,35,35,0,13.09,35,2.8,0.875
480,2012-12-30,2013-01-11,2013-04-21,11449,9,SO51217,1,2.29,2.29,0,0.8565,2.29,0.1832,0.0573
596,2012-12-30,2013-01-11,2013-04-22,11943,9,SO51218,1,539.99,539.99,0,294.5797,539.99,43.1992,13.4998
560,2012-12-30,2013-01-11,2013-04-23,25086,4,SO51219,1,1214.85,1214.85,0,755.1508,1214.85,97.188,30.3713
530,2012-12-30,2013-01-11,2013-04-24,25086,4,SO51219,1,4.99,4.99,0,1.8663,4.99,0.3992,0.1248
541,2012-12-30,2013-01-11,2013-04-25,25086,4,SO51219,1,28.99,28.99,0,10.8423,28.99,2.3192,0.7248
463,2012-12-30,2013-01-11,2013-04-26,25086,4,SO51219,1,24.49,24.49,0,9.1593,24.49,1.9592,0.6123
217,2012-12-30,2013-01-11,2013-04-27,25086,4,SO51219,1,34.99,34.99,0,13.0863,34.99,2.7992,0.8748
604,2012-12-30,2013-01-11,2013-04-28,21575,4,SO51220,1,539.99,539.99,0,343.6496,539.99,43.1992,13.4998
479,2012-12-30,2013-01-11,2013-04-29,21575,4,SO51220,1,8.99,8.99,0,3.3623,8.99,0.7192,0.2248
390,2012-12-30,2013-01-11,2013-04-30,12130,8,SO51221,1,1120.49,1120.49,0,713.0798,1120.49,89.6392,28.0123
225,2012-12-30,2013-01-11,2013-05-01,12130,8,SO51221,1,8.99,8.99,0,6.9223,8.99,0.7192,0.2248
490,2012-12-30,2013-01-11,2013-05-02,12130,8,SO51221,1,53.99,53.99,0,41.5723,53.99,4.3192,1.3498
605,2012-12-30,2013-01-11,2013-05-03,25641,10,SO51222,1,539.99,539.99,0,343.6496,539.99,43.1992,13.4998
538,2012-12-30,2013-01-11,2013-05-04,25641,10,SO51222,1,21.49,21.49,0,8.0373,21.49,1.7192,0.5373
577,2012-12-30,2013-01-11,2013-05-05,26826,8,SO51223,1,1214.85,1214.85,0,755.1508,1214.85,97.188,30.3713
479,2012-12-30,2013-01-11,2013-05-06,26826,8,SO51223,1,8.99,8.99,0,3.3623,8.99,0.7192,0.2248
477,2012-12-30,2013-01-11,2013-05-07,26826,8,SO51223,1,4.99,4.99,0,1.8663,4.99,0.3992,0.1248
482,2012-12-30,2013-01-11,2013-05-08,26826,8,SO51223,1,8.99,8.99,0,3.3623,8.99,0.7192,0.2248
376,2012-12-29,2013-01-10,2013-05-09,16688,9,SO51189,1,2443.35,2443.35,0,1554.9479,2443.35,195.468,61.0838
217,2012-12-29,2013-01-10,2013-05-10,16688,9,SO51189,1,34.99,34.99,0,13.0863,34.99,2.7992,0.8748
467,2012-12-29,2013-01-10,2013-05-11,16688,9,SO51189,1,24.49,24.49,0,9.1593,24.49,1.9592,0.6123
580,2012-12-29,2013-01-10,2013-05-12,20824,10,SO51190,1,1700.99,1700.99,0,1082.51,1700.99,136.0792,42.5248
529,2012-12-29,2013-01-10,2013-05-13,20824,10,SO51190,1,3.99,3.99,0,1.4923,3.99,0.3192,0.0998
539,2012-12-29,2013-01-10,2013-05-14,20824,10,SO51190,1,24.99,24.99,0,9.3463,24.99,1.9992,0.6248
363,2012-12-29,2013-01-10,2013-05-15,12390,8,SO51191,1,2294.99,2294.99,0,1251.9813,2294.99,183.5992,57.3748
478,2012-12-29,2013-01-10,2013-05-16,12390,8,SO51191,1,9.99,9.99,0,3.7363,9.99,0.7992,0.2498
477,2012-12-29,2013-01-10,2013-05-17,12390,8,SO51191,1,4.99,4.99,0,1.8663,4.99,0.3992,0.1248
214,2012-12-29,2013-01-10,2013-05-18,12390,8,SO51191,1,34.99,34.99,0,13.0863,34.99,2.7992,0.8748
363,2012-12-29,2013-01-10,2013-05-19,11241,7,SO51192,1,2294.99,2294.99,0,1251.9813,2294.99,183.5992,57.3748
214,2012-12-29,2013-01-10,2013-05-20,11241,7,SO51192,1,34.99,34.99,0,13.0863,34.99,2.7992,0.8748
363,2012-12-29,2013-01-10,2013-05-21,11020,6,SO51193,1,2294.99,2294.99,0,1251.9813,2294.99,183.5992,57.3748
485,2012-12-29,2013-01-10,2013-05-22,11020,6,SO51193,1,21.98,21.98,0,8.2205,21.98,1.7584,0.5495
363,2012-12-29,2013-01-10,2013-05-23,11089,4,SO51194,1,2294.99,2294.99,0,1251.9813,2294.99,183.5992,57.3748
485,2012-12-29,2013-01-10,2013-05-24,11089,4,SO51194,1,21.98,21.98,0,8.2205,21.98,1.7584,0.5495
217,2012-12-29,2013-01-10,2013-05-25,11089,4,SO51194,1,34.99,34.99,0,13.0863,34.99,2.7992,0.8748
588,2012-12-29,2013-01-10,2013-05-26,14066,9,SO51195,1,769.49,769.49,0,419.7784,769.49,61.5592,19.2373
528,2012-12-29,2013-01-10,2013-05-27,14066,9,SO51195,1,4.99,4.99,0,1.8663,4.99,0.3992,0.1248
536,2012-12-29,2013-01-10,2013-05-28,14066,9,SO51195,1,29.99,29.99,0,11.2163,29.99,2.3992,0.7498
604,2012-12-29,2013-01-10,2013-05-29,18906,9,SO51196,1,539.99,539.99,0,343.6496,539.99,43.1992,13.4998
479,2012-12-29,2013-01-10,2013-05-30,18906,9,SO51196,1,8.99,8.99,0,3.3623,8.99,0.7192,0.2248
477,2012-12-29,2013-01-10,2013-05-31,18906,9,SO51196,1,4.99,4.99,0,1.8663,4.99,0.3992,0.1248
222,2012-12-29,2013-01-10,2013-06-01,18906,9,SO51196,1,34.99,34.99,0,13.0863,34.99,2.7992,0.8748
234,2012-12-29,2013-01-10,2013-06-02,18906,9,SO51196,1,49.99,49.99,0,38.4923,49.99,3.9992,1.2498
363,2012-12-29,2013-01-10,2013-06-03,11448,9,SO51197,1,2294.99,2294.99,0,1251.9813,2294.99,183.5992,57.3748
478,2012-12-29,2013-01-10,2013-06-04,11448,9,SO51197,1,9.99,9.99,0,3.7363,9.99,0.7992,0.2498
477,2012-12-29,2013-01-10,2013-06-05,11448,9,SO51197,1,4.99,4.99,0,1.8663,4.99,0.3992,0.1248
225,2012-12-29,2013-01-10,2013-06-06,11448,9,SO51197,1,8.99,8.99,0,6.9223,8.99,0.7192,0.2248
357,2012-12-29,2013-01-10,2013-06-07,11006,9,SO51198,1,2319.99,2319.99,0,1265.6195,2319.99,185.5992,57.9998
478,2012-12-29,2013-01-10,2013-06-08,11006,9,SO51198,1,9.99,9.99,0,3.7363,9.99,0.7992,0.2498
477,2012-12-29,2013-01-10,2013-06-09,11006,9,SO51198,1,4.99,4.99,0,1.8663,4.99,0.3992,0.1248
606,2012-12-29,2013-01-10,2013-06-10,21440,4,SO51199,1,539.99,539.99,0,343.6496,539.99,43.1992,13.4998
479,2012-12-29,2013-01-10,2013-06-11,21440,4,SO51199,1,8.99,8.99,0,3.3623,8.99,0.7192,0.2248
225,2012-12-29,2013-01-10,2013-06-12,21440,4,SO51199,1,8.99,8.99,0,6.9223,8.99,0.7192,0.2248
477,2012-12-29,2013-01-10,2013-06-13,21440,4,SO51199,1,4.99,4.99,0,1.8663,4.99,0.3992,0.1248
390,2012-12-29,2013-01-10,2013-06-14,22687,10,SO51200,1,1120.49,1120.49,0,713.0798,1120.49,89.6392,28.0123
217,2012-12-29,2013-01-10,2013-06-15,22687,10,SO51200,1,34.99,34.99,0,13.0863,34.99,2.7992,0.8748
573,2012-12-29,2013-01-10,2013-06-16,27820,10,SO51201,1,2384.07,2384.07,0,1481.9379,2384.07,190.7256,59.6018
222,2012-12-29,2013-01-10,2013-06-17,27820,10,SO51201,1,34.99,34.99,0,13.0863,34.99,2.7992,0.8748
578,2012-12-29,2013-01-10,2013-06-18,26864,8,SO51202,1,1214.85,1214.85,0,755.1508,1214.85,97.188,30.3713
489,2012-12-29,2013-01-10,2013-06-19,26864,8,SO51202,1,53.99,53.99,0,41.5723,53.99,4.3192,1.3498
380,2012-12-28,2013-01-09,2013-06-20,18239,9,SO51176,1,2443.35,2443.35,0,1554.9479,2443.35,195.468,61.0838
479,2012-12-28,2013-01-09,2013-06-21,18239,9,SO51176,1,8.99,8.99,0,3.3623,8.99,0.7192,0.2248
577,2012-12-28,2013-01-09,2013-06-22,27873,9,SO51177,1,1214.85,1214.85,0,755.1508,1214.85,97.188,30.3713
217,2012-12-28,2013-01-09,2013-06-23,27873,9,SO51177,1,34.99,34.99,0,13.0863,34.99,2.7992,0.8748
353,2012-12-28,2013-01-09,2013-06-24,11245,8,SO51178,1,2319.99,2319.99,0,1265.6195,2319.99,185.5992,57.9998
478,2012-12-28,2013-01-09,2013-06-25,11245,8,SO51178,1,9.99,9.99,0,3.7363,9.99,0.7992,0.2498
477,2012-12-28,2013-01-09,2013-06-26,11245,8,SO51178,1,4.99,4.99,0,1.8663,4.99,0.3992,0.1248
378,2012-12-28,2013-01-09,2013-06-27,22430,7,SO51179,1,2443.35,2443.35,0,1554.9479,2443.35,195.468,61.0838
540,2012-12-28,2013-01-09,2013-06-28,22430,7,SO51179,1,32.6,32.6,0,12.1924,32.6,2.608,0.815
529,2012-12-28,2013-01-09,2013-06-29,22430,7,SO51179,1,3.99,3.99,0,1.4923,3.99,0.3192,0.0998
486,2012-12-28,2013-01-09,2013-06-30,22430,7,SO51179,1,159,159,0,59.466,159,12.72,3.975
374,2012-12-28,2013-01-09,2013-07-01,16313,8,SO51180,1,2443.35,2443.35,0,1554.9479,2443.35,195.468,61.0838
479,2012-12-28,2013-01-09,2013-07-02,16313,8,SO51180,1,8.99,8.99,0,3.3623,8.99,0.7192,0.2248
477,2012-12-28,2013-01-09,2013-07-03,16313,8,SO51180,1,4.99,4.99,0,1.8663,4.99,0.3992,0.1248
214,2012-12-28,2013-01-09,2013-07-04,16313,8,SO51180,1,34.99,34.99,0,13.0863,34.99,2.7992,0.8748
231,2012-12-28,2013-01-09,2013-07-05,16313,8,SO51180,1,49.99,49.99,0,38.4923,49.99,3.9992,1.2498
372,2012-12-28,2013-01-09,2013-07-06,12132,7,SO51181,1,2443.35,2443.35,0,1554.9479,2443.35,195.468,61.0838
529,2012-12-28,2013-01-09,2013-07-07,12132,7,SO51181,1,3.99,3.99,0,1.4923,3.99,0.3192,0.0998
540,2012-12-28,2013-01-09,2013-07-08,12132,7,SO51181,1,32.6,32.6,0,12.1924,32.6,2.608,0.815
214,2012-12-28,2013-01-09,2013-07-09,12132,7,SO51181,1,34.99,34.99,0,13.0863,34.99,2.7992,0.8748
581,2012-12-28,2013-01-09,2013-07-10,22998,6,SO51182,1,1700.99,1700.99,0,1082.51,1700.99,136.0792,42.5248
234,2012-12-28,2013-01-09,2013-07-11,22998,6,SO51182,1,49.99,49.99,0,38.4923,49.99,3.9992,1.2498
581,2012-12-28,2013-01-09,2013-07-12,20662,1,SO51183,1,1700.99,1700.99,0,1082.51,1700.99,136.0792,42.5248
234,2012-12-28,2013-01-09,2013-07-13,20662,1,SO51183,1,49.99,49.99,0,38.4923,49.99,3.9992,1.2498
353,2012-12-28,2013-01-09,2013-07-14,11263,1,SO51184,1,2319.99,2319.99,0,1265.6195,2319.99,185.5992,57.9998
537,2012-12-28,2013-01-09,2013-07-15,11263,1,SO51184,1,35,35,0,13.09,35,2.8,0.875
528,2012-12-28,2013-01-09,2013-07-16,11263,1,SO51184,1,4.99,4.99,0,1.8663,4.99,0.3992,0.1248
222,2012-12-28,2013-01-09,2013-07-17,11263,1,SO51184,1,34.99,34.99,0,13.0863,34.99,2.7992,0.8748
571,2012-12-28,2013-01-09,2013-07-18,27767,8,SO51185,1,742.35,742.35,0,461.4448,742.35,59.388,18.5588
541,2012-12-28,2013-01-09,2013-07-19,27767,8,SO51185,1,28.99,28.99,0,10.8423,28.99,2.3192,0.7248
530,2012-12-28,2013-01-09,2013-07-20,27767,8,SO51185,1,4.99,4.99,0,1.8663,4.99,0.3992,0.1248
573,2012-12-28,2013-01-09,2013-07-21,24339,4,SO51186,1,2384.07,2384.07,0,1481.9379,2384.07,190.7256,59.6018
606,2012-12-28,2013-01-09,2013-07-22,22261,4,SO51187,1,539.99,539.99,0,343.6496,539.99,43.1992,13.4998
538,2012-12-28,2013-01-09,2013-07-23,22261,4,SO51187,1,21.49,21.49,0,8.0373,21.49,1.7192,0.5373
606,2012-12-28,2013-01-09,2013-07-24,12657,8,SO51188,1,539.99,539.99,0,343.6496,539.99,43.1992,13.4998
360,2012-12-27,2013-01-08,2013-07-25,21655,6,SO51071,1,2049.0982,2049.0982,0,1105.81,2049.0982,163.9279,51.2275
352,2012-12-27,2013-01-08,2013-07-26,27571,4,SO51072,1,2071.4196,2071.4196,0,1117.8559,2071.4196,165.7136,51.7855
371,2012-12-27,2013-01-08,2013-07-27,19058,10,SO51073,1,2181.5625,2181.5625,0,1320.6838,2181.5625,174.525,54.5391
362,2012-12-27,2013-01-08,2013-07-28,13407,10,SO51074,1,2049.0982,2049.0982,0,1105.81,2049.0982,163.9279,51.2275
354,2012-12-27,2013-01-08,2013-07-29,12850,8,SO51075,1,2071.4196,2071.4196,0,1117.8559,2071.4196,165.7136,51.7855
329,2012-12-27,2013-01-08,2013-07-30,15959,1,SO51076,1,782.99,782.99,0,486.7066,782.99,62.6392,19.5748
354,2012-12-27,2013-01-08,2013-07-31,15729,9,SO51077,1,2071.4196,2071.4196,0,1117.8559,2071.4196,165.7136,51.7855
358,2012-12-27,2013-01-08,2013-08-01,15786,9,SO51078,1,2049.0982,2049.0982,0,1105.81,2049.0982,163.9279,51.2275
360,2012-12-27,2013-01-08,2013-08-02,16156,9,SO51079,1,2049.0982,2049.0982,0,1105.81,2049.0982,163.9279,51.2275
373,2012-12-27,2013-01-08,2013-08-03,24602,9,SO51080,1,2181.5625,2181.5625,0,1320.6838,2181.5625,174.525,54.5391
358,2012-12-26,2013-01-07,2013-08-04,27521,4,SO51064,1,2049.0982,2049.0982,0,1105.81,2049.0982,163.9279,51.2275
360,2012-12-26,2013-01-07,2013-08-05,27539,4,SO51065,1,2049.0982,2049.0982,0,1105.81,2049.0982,163.9279,51.2275
358,2012-12-26,2013-01-07,2013-08-06,27556,1,SO51066,1,2049.0982,2049.0982,0,1105.81,2049.0982,163.9279,51.2275
339,2012-12-26,2013-01-07,2013-08-07,15992,4,SO51067,1,782.99,782.99,0,486.7066,782.99,62.6392,19.5748
360,2012-12-26,2013-01-07,2013-08-08,15801,9,SO51068,1,2049.0982,2049.0982,0,1105.81,2049.0982,163.9279,51.2275
358,2012-12-26,2013-01-07,2013-08-09,16180,9,SO51069,1,2049.0982,2049.0982,0,1105.81,2049.0982,163.9279,51.2275
373,2012-12-26,2013-01-07,2013-08-10,24477,9,SO51070,1,2181.5625,2181.5625,0,1320.6838,2181.5625,174.525,54.5391
356,2012-12-25,2013-01-06,2013-08-11,27568,1,SO51051,1,2071.4196,2071.4196,0,1117.8559,2071.4196,165.7136,51.7855
368,2012-12-25,2013-01-06,2013-08-12,17998,8,SO51052,1,2443.35,2443.35,0,1518.7864,2443.35,195.468,61.0838
352,2012-12-25,2013-01-06,2013-08-13,11480,7,SO51053,1,2071.4196,2071.4196,0,1117.8559,2071.4196,165.7136,51.7855
354,2012-12-25,2013-01-06,2013-08-14,11547,7,SO51054,1,2071.4196,2071.4196,0,1117.8559,2071.4196,165.7136,51.7855
341,2012-12-25,2013-01-06,2013-08-15,19943,7,SO51055,1,782.99,782.99,0,486.7066,782.99,62.6392,19.5748
375,2012-12-25,2013-01-06,2013-08-16,13949,4,SO51056,1,2181.5625,2181.5625,0,1320.6838,2181.5625,174.525,54.5391
329,2012-12-25,2013-01-06,2013-08-17,15985,4,SO51057,1,782.99,782.99,0,486.7066,782.99,62.6392,19.5748
385,2012-12-25,2013-01-06,2013-08-18,14472,4,SO51058,1,1000.4375,1000.4375,0,605.6492,1000.4375,80.035,25.0109
352,2012-12-25,2013-01-06,2013-08-19,15734,9,SO51059,1,2071.4196,2071.4196,0,1117.8559,2071.4196,165.7136,51.7855
352,2012-12-25,2013-01-06,2013-08-20,15756,9,SO51060,1,2071.4196,2071.4196,0,1117.8559,2071.4196,165.7136,51.7855
370,2012-12-25,2013-01-06,2013-08-21,24604,9,SO51061,1,2443.35,2443.35,0,1518.7864,2443.35,195.468,61.0838
341,2012-12-25,2013-01-06,2013-08-22,27494,9,SO51062,1,782.99,782.99,0,486.7066,782.99,62.6392,19.5748
327,2012-12-25,2013-01-06,2013-08-23,27500,9,SO51063,1,782.99,782.99,0,486.7066,782.99,62.6392,19.5748
362,2012-12-24,2013-01-05,2013-08-24,27559,1,SO51038,1,2049.0982,2049.0982,0,1105.81,2049.0982,163.9279,51.2275
373,2012-12-24,2013-01-05,2013-08-25,17952,8,SO51039,1,2181.5625,2181.5625,0,1320.6838,2181.5625,174.525,54.5391
368,2012-12-24,2013-01-05,2013-08-26,19036,10,SO51040,1,2443.35,2443.35,0,1518.7864,2443.35,195.468,61.0838
373,2012-12-24,2013-01-05,2013-08-27,16559,7,SO51041,1,2181.5625,2181.5625,0,1320.6838,2181.5625,174.525,54.5391
371,2012-12-24,2013-01-05,2013-08-28,16566,7,SO51042,1,2181.5625,2181.5625,0,1320.6838,2181.5625,174.525,54.5391
369,2012-12-24,2013-01-05,2013-08-29,19049,10,SO51043,1,2443.35,2443.35,0,1518.7864,2443.35,195.468,61.0838
368,2012-12-24,2013-01-05,2013-08-30,17985,8,SO51044,1,2443.35,2443.35,0,1518.7864,2443.35,195.468,61.0838
362,2012-12-24,2013-01-05,2013-08-31,12833,8,SO51045,1,2049.0982,2049.0982,0,1105.81,2049.0982,163.9279,51.2275
371,2012-12-24,2013-01-05,2013-09-01,13976,1,SO51046,1,2181.5625,2181.5625,0,1320.6838,2181.5625,174.525,54.5391
358,2012-12-24,2013-01-05,2013-09-02,15755,9,SO51047,1,2049.0982,2049.0982,0,1105.81,2049.0982,163.9279,51.2275
354,2012-12-24,2013-01-05,2013-09-03,15757,9,SO51048,1,2071.4196,2071.4196,0,1117.8559,2071.4196,165.7136,51.7855
362,2012-12-24,2013-01-05,2013-09-04,15802,9,SO51049,1,2049.0982,2049.0982,0,1105.81,2049.0982,163.9279,51.2275
356,2012-12-24,2013-01-05,2013-09-05,15832,9,SO51050,1,2071.4196,2071.4196,0,1117.8559,2071.4196,165.7136,51.7855
362,2012-12-23,2013-01-04,2013-09-06,27524,1,SO51030,1,2049.0982,2049.0982,0,1105.81,2049.0982,163.9279,51.2275
360,2012-12-23,2013-01-04,2013-09-07,13562,10,SO51031,1,2049.0982,2049.0982,0,1105.81,2049.0982,163.9279,51.2275
329,2012-12-23,2013-01-04,2013-09-08,15949,4,SO51032,1,782.99,782.99,0,486.7066,782.99,62.6392,19.5748
358,2012-12-23,2013-01-04,2013-09-09,16339,9,SO51033,1,2049.0982,2049.0982,0,1105.81,2049.0982,163.9279,51.2275
373,2012-12-23,2013-01-04,2013-09-10,24485,9,SO51034,1,2181.5625,2181.5625,0,1320.6838,2181.5625,174.525,54.5391
341,2012-12-23,2013-01-04,2013-09-11,27486,9,SO51035,1,782.99,782.99,0,486.7066,782.99,62.6392,19.5748
383,2012-12-23,2013-01-04,2013-09-12,25240,9,SO51036,1,1000.4375,1000.4375,0,605.6492,1000.4375,80.035,25.0109
323,2012-12-23,2013-01-04,2013-09-13,21668,10,SO51037,1,782.99,782.99,0,486.7066,782.99,62.6392,19.5748
369,2012-12-22,2013-01-03,2013-09-14,16532,7,SO51021,1,2443.35,2443.35,0,1518.7864,2443.35,195.468,61.0838
356,2012-12-22,2013-01-03,2013-09-15,11483,7,SO51022,1,2071.4196,2071.4196,0,1117.8559,2071.4196,165.7136,51.7855
360,2012-12-22,2013-01-03,2013-09-16,13517,10,SO51023,1,2049.0982,2049.0982,0,1105.81,2049.0982,163.9279,51.2275
323,2012-12-22,2013-01-03,2013-09-17,21029,8,SO51024,1,782.99,782.99,0,486.7066,782.99,62.6392,19.5748
381,2012-12-22,2013-01-03,2013-09-18,25226,9,SO51025,1,1000.4375,1000.4375,0,605.6492,1000.4375,80.035,25.0109
389,2012-12-22,2013-01-03,2013-09-19,25228,9,SO51026,1,1000.4375,1000.4375,0,605.6492,1000.4375,80.035,25.0109
358,2012-12-22,2013-01-03,2013-09-20,15765,9,SO51027,1,2049.0982,2049.0982,0,1105.81,2049.0982,163.9279,51.2275
373,2012-12-22,2013-01-03,2013-09-21,24587,9,SO51028,1,2181.5625,2181.5625,0,1320.6838,2181.5625,174.525,54.5391
377,2012-12-22,2013-01-03,2013-09-22,24475,9,SO51029,1,2181.5625,2181.5625,0,1320.6838,2181.5625,174.525,54.5391
358,2012-12-21,2013-01-02,2013-09-23,27546,4,SO51010,1,2049.0982,2049.0982,0,1105.81,2049.0982,163.9279,51.2275
369,2012-12-21,2013-01-02,2013-09-24,16551,7,SO51011,1,2443.35,2443.35,0,1518.7864,2443.35,195.468,61.0838
354,2012-12-21,2013-01-02,2013-09-25,12846,8,SO51012,1,2071.4196,2071.4196,0,1117.8559,2071.4196,165.7136,51.7855
358,2012-12-21,2013-01-02,2013-09-26,11577,7,SO51013,1,2049.0982,2049.0982,0,1105.81,2049.0982,163.9279,51.2275
352,2012-12-21,2013-01-02,2013-09-27,11583,7,SO51014,1,2071.4196,2071.4196,0,1117.8559,2071.4196,165.7136,51.7855
385,2012-12-21,2013-01-02,2013-09-28,17891,7,SO51015,1,1000.4375,1000.4375,0,605.6492,1000.4375,80.035,25.0109
331,2012-12-21,2013-01-02,2013-09-29,19899,7,SO51016,1,782.99,782.99,0,486.7066,782.99,62.6392,19.5748
329,2012-12-21,2013-01-02,2013-09-30,15987,1,SO51017,1,782.99,782.99,0,486.7066,782.99,62.6392,19.5748
352,2012-12-21,2013-01-02,2013-10-01,15751,9,SO51018,1,2071.4196,2071.4196,0,1117.8559,2071.4196,165.7136,51.7855
362,2012-12-21,2013-01-02,2013-10-02,15767,9,SO51019,1,2049.0982,2049.0982,0,1105.81,2049.0982,163.9279,51.2275
354,2012-12-21,2013-01-02,2013-10-03,16159,9,SO51020,1,2071.4196,2071.4196,0,1117.8559,2071.4196,165.7136,51.7855
358,2012-12-20,2013-01-01,2013-10-04,27467,4,SO51001,1,2049.0982,2049.0982,0,1105.81,2049.0982,163.9279,51.2275
379,2012-12-20,2013-01-01,2013-10-05,17976,8,SO51002,1,2181.5625,2181.5625,0,1320.6838,2181.5625,174.525,54.5391
371,2012-12-20,2013-01-01,2013-10-06,18005,8,SO51003,1,2181.5625,2181.5625,0,1320.6838,2181.5625,174.525,54.5391
369,2012-12-20,2013-01-01,2013-10-07,13978,1,SO51004,1,2443.35,2443.35,0,1518.7864,2443.35,195.468,61.0838
341,2012-12-20,2013-01-01,2013-10-08,15990,4,SO51005,1,782.99,782.99,0,486.7066,782.99,62.6392,19.5748
389,2012-12-20,2013-01-01,2013-10-09,14461,1,SO51006,1,1000.4375,1000.4375,0,605.6492,1000.4375,80.035,25.0109
387,2012-12-20,2013-01-01,2013-10-10,25234,9,SO51007,1,1000.4375,1000.4375,0,605.6492,1000.4375,80.035,25.0109
356,2012-12-20,2013-01-01,2013-10-11,15830,9,SO51008,1,2071.4196,2071.4196,0,1117.8559,2071.4196,165.7136,51.7855
354,2012-12-20,2013-01-01,2013-10-12,16029,9,SO51009,1,2071.4196,2071.4196,0,1117.8559,2071.4196,165.7136,51.7855
360,2012-12-19,2012-12-31,2013-10-13,27523,1,SO50995,1,2049.0982,2049.0982,0,1105.81,2049.0982,163.9279,51.2275
356,2012-12-19,2012-12-31,2013-10-14,27544,4,SO50996,1,2071.4196,2071.4196,0,1117.8559,2071.4196,165.7136,51.7855
369,2012-12-19,2012-12-31,2013-10-15,17984,8,SO50997,1,2443.35,2443.35,0,1518.7864,2443.35,195.468,61.0838
381,2012-12-19,2012-12-31,2013-10-16,19316,8,SO50998,1,1000.4375,1000.4375,0,605.6492,1000.4375,80.035,25.0109
329,2012-12-19,2012-12-31,2013-10-17,19504,7,SO50999,1,782.99,782.99,0,486.7066,782.99,62.6392,19.5748
343,2012-12-19,2012-12-31,2013-10-18,27470,9,SO51000,1,782.99,782.99,0,486.7066,782.99,62.6392,19.5748
362,2012-12-18,2012-12-30,2013-10-19,27459,4,SO50979,1,2049.0982,2049.0982,0,1105.81,2049.0982,163.9279,51.2275
354,2012-12-18,2012-12-30,2013-10-20,27540,4,SO50980,1,2071.4196,2071.4196,0,1117.8559,2071.4196,165.7136,51.7855
368,2012-12-18,2012-12-30,2013-10-21,19031,10,SO50981,1,2443.35,2443.35,0,1518.7864,2443.35,195.468,61.0838
370,2012-12-18,2012-12-30,2013-10-22,19073,10,SO50982,1,2443.35,2443.35,0,1518.7864,2443.35,195.468,61.0838
321,2012-12-18,2012-12-30,2013-10-23,21516,10,SO50983,1,782.99,782.99,0,486.7066,782.99,62.6392,19.5748
337,2012-12-18,2012-12-30,2013-10-24,19902,7,SO50984,1,782.99,782.99,0,486.7066,782.99,62.6392,19.5748
381,2012-12-18,2012-12-30,2013-10-25,14481,1,SO50985,1,1000.4375,1000.4375,0,605.6492,1000.4375,80.035,25.0109
383,2012-12-18,2012-12-30,2013-10-26,14485,4,SO50986,1,1000.4375,1000.4375,0,605.6492,1000.4375,80.035,25.0109
387,2012-12-18,2012-12-30,2013-10-27,14495,4,SO50987,1,1000.4375,1000.4375,0,605.6492,1000.4375,80.035,25.0109
362,2012-12-18,2012-12-30,2013-10-28,16164,9,SO50988,1,2049.0982,2049.0982,0,1105.81,2049.0982,163.9279,51.2275
371,2012-12-18,2012-12-30,2013-10-29,24482,9,SO50989,1,2181.5625,2181.5625,0,1320.6838,2181.5625,174.525,54.5391
377,2012-12-18,2012-12-30,2013-10-30,24505,9,SO50990,1,2181.5625,2181.5625,0,1320.6838,2181.5625,174.525,54.5391
377,2012-12-18,2012-12-30,2013-10-31,24585,9,SO50991,1,2181.5625,2181.5625,0,1320.6838,2181.5625,174.525,54.5391
337,2012-12-18,2012-12-30,2013-11-01,27471,9,SO50992,1,782.99,782.99,0,486.7066,782.99,62.6392,19.5748
339,2012-12-18,2012-12-30,2013-11-02,27472,9,SO50993,1,782.99,782.99,0,486.7066,782.99,62.6392,19.5748
333,2012-12-18,2012-12-30,2013-11-03,27485,9,SO50994,1,782.99,782.99,0,486.7066,782.99,62.6392,19.5748
356,2012-12-17,2012-12-29,2013-11-04,27460,4,SO50969,1,2071.4196,2071.4196,0,1117.8559,2071.4196,165.7136,51.7855
362,2012-12-17,2012-12-29,2013-11-05,27574,4,SO50970,1,2049.0982,2049.0982,0,1105.81,2049.0982,163.9279,51.2275
337,2012-12-17,2012-12-29,2013-11-06,21545,10,SO50971,1,782.99,782.99,0,486.7066,782.99,62.6392,19.5748
381,2012-12-17,2012-12-29,2013-11-07,25229,9,SO50972,1,1000.4375,1000.4375,0,605.6492,1000.4375,80.035,25.0109
341,2012-12-17,2012-12-29,2013-11-08,27602,6,SO50973,1,782.99,782.99,0,486.7066,782.99,62.6392,19.5748
381,2012-12-17,2012-12-29,2013-11-09,14470,4,SO50974,1,1000.4375,1000.4375,0,605.6492,1000.4375,80.035,25.0109
356,2012-12-17,2012-12-29,2013-11-10,15788,9,SO50975,1,2071.4196,2071.4196,0,1117.8559,2071.4196,165.7136,51.7855
360,2012-12-17,2012-12-29,2013-11-11,15793,9,SO50976,1,2049.0982,2049.0982,0,1105.81,2049.0982,163.9279,51.2275
356,2012-12-17,2012-12-29,2013-11-12,16157,9,SO50977,1,2071.4196,2071.4196,0,1117.8559,2071.4196,165.7136,51.7855
369,2012-12-17,2012-12-29,2013-11-13,24503,9,SO50978,1,2443.35,2443.35,0,1518.7864,2443.35,195.468,61.0838
354,2012-12-16,2012-12-28,2013-11-14,27468,4,SO50955,1,2071.4196,2071.4196,0,1117.8559,2071.4196,165.7136,51.7855
354,2012-12-16,2012-12-28,2013-11-15,27554,4,SO50956,1,2071.4196,2071.4196,0,1117.8559,2071.4196,165.7136,51.7855
383,2012-12-16,2012-12-28,2013-11-16,17932,7,SO50957,1,1000.4375,1000.4375,0,605.6492,1000.4375,80.035,25.0109
375,2012-12-16,2012-12-28,2013-11-17,16548,7,SO50958,1,2181.5625,2181.5625,0,1320.6838,2181.5625,174.525,54.5391
379,2012-12-16,2012-12-28,2013-11-18,16560,7,SO50959,1,2181.5625,2181.5625,0,1320.6838,2181.5625,174.525,54.5391
375,2012-12-16,2012-12-28,2013-11-19,17986,8,SO50960,1,2181.5625,2181.5625,0,1320.6838,2181.5625,174.525,54.5391
368,2012-12-16,2012-12-28,2013-11-20,16580,7,SO50961,1,2443.35,2443.35,0,1518.7864,2443.35,195.468,61.0838
377,2012-12-16,2012-12-28,2013-11-21,16937,7,SO50962,1,2181.5625,2181.5625,0,1320.6838,2181.5625,174.525,54.5391
362,2012-12-16,2012-12-28,2013-11-22,13404,10,SO50963,1,2049.0982,2049.0982,0,1105.81,2049.0982,163.9279,51.2275
356,2012-12-16,2012-12-28,2013-11-23,12858,8,SO50964,1,2071.4196,2071.4196,0,1117.8559,2071.4196,165.7136,51.7855
329,2012-12-16,2012-12-28,2013-11-24,15952,1,SO50965,1,782.99,782.99,0,486.7066,782.99,62.6392,19.5748
321,2012-12-16,2012-12-28,2013-11-25,15954,4,SO50966,1,782.99,782.99,0,486.7066,782.99,62.6392,19.5748
321,2012-12-16,2012-12-28,2013-11-26,15965,4,SO50967,1,782.99,782.99,0,486.7066,782.99,62.6392,19.5748
329,2012-12-16,2012-12-28,2013-11-27,15968,4,SO50968,1,782.99,782.99,0,486.7066,782.99,62.6392,19.5748
352,2012-12-15,2012-12-27,2013-11-28,27527,4,SO50947,1,2071.4196,2071.4196,0,1117.8559,2071.4196,165.7136,51.7855
370,2012-12-15,2012-12-27,2013-11-29,19037,10,SO50948,1,2443.35,2443.35,0,1518.7864,2443.35,195.468,61.0838
369,2012-12-15,2012-12-27,2013-11-30,19070,10,SO50949,1,2443.35,2443.35,0,1518.7864,2443.35,195.468,61.0838
354,2012-12-15,2012-12-27,2013-12-01,11576,7,SO50950,1,2071.4196,2071.4196,0,1117.8559,2071.4196,165.7136,51.7855
356,2012-12-15,2012-12-27,2013-12-02,13557,10,SO50951,1,2071.4196,2071.4196,0,1117.8559,2071.4196,165.7136,51.7855
337,2012-12-15,2012-12-27,2013-12-03,15994,1,SO50952,1,782.99,782.99,0,486.7066,782.99,62.6392,19.5748
387,2012-12-15,2012-12-27,2013-12-04,14464,4,SO50953,1,1000.4375,1000.4375,0,605.6492,1000.4375,80.035,25.0109
358,2012-12-15,2012-12-27,2013-12-05,16161,9,SO50954,1,2049.0982,2049.0982,0,1105.81,2049.0982,163.9279,51.2275
356,2012-12-14,2012-12-26,2013-12-06,27508,4,SO50937,1,2071.4196,2071.4196,0,1117.8559,2071.4196,165.7136,51.7855
379,2012-12-14,2012-12-26,2013-12-07,17983,8,SO50938,1,2181.5625,2181.5625,0,1320.6838,2181.5625,174.525,54.5391
389,2012-12-14,2012-12-26,2013-12-08,17897,7,SO50939,1,1000.4375,1000.4375,0,605.6492,1000.4375,80.035,25.0109
360,2012-12-14,2012-12-26,2013-12-09,13408,10,SO50940,1,2049.0982,2049.0982,0,1105.81,2049.0982,163.9279,51.2275
337,2012-12-14,2012-12-26,2013-12-10,19517,7,SO50941,1,782.99,782.99,0,486.7066,782.99,62.6392,19.5748
354,2012-12-14,2012-12-26,2013-12-11,11429,7,SO50942,1,2071.4196,2071.4196,0,1117.8559,2071.4196,165.7136,51.7855
358,2012-12-14,2012-12-26,2013-12-12,15784,9,SO50943,1,2049.0982,2049.0982,0,1105.81,2049.0982,163.9279,51.2275
360,2012-12-14,2012-12-26,2013-12-13,16169,9,SO50944,1,2049.0982,2049.0982,0,1105.81,2049.0982,163.9279,51.2275
371,2012-12-14,2012-12-26,2013-12-14,24478,9,SO50945,1,2181.5625,2181.5625,0,1320.6838,2181.5625,174.525,54.5391
383,2012-12-14,2012-12-26,2013-12-15,25243,9,SO50946,1,1000.4375,1000.4375,0,605.6492,1000.4375,80.035,25.0109
381,2012-12-13,2012-12-25,2013-12-16,17950,7,SO50930,1,1000.4375,1000.4375,0,605.6492,1000.4375,80.035,25.0109
379,2012-12-13,2012-12-25,2013-12-17,16569,7,SO50931,1,2181.5625,2181.5625,0,1320.6838,2181.5625,174.525,54.5391
383,2012-12-13,2012-12-25,2013-12-18,17885,7,SO50932,1,1000.4375,1000.4375,0,605.6492,1000.4375,80.035,25.0109
341,2012-12-13,2012-12-25,2013-12-19,19922,7,SO50933,1,782.99,782.99,0,486.7066,782.99,62.6392,19.5748
352,2012-12-13,2012-12-25,2013-12-20,13256,8,SO50934,1,2071.4196,2071.4196,0,1117.8559,2071.4196,165.7136,51.7855
321,2012-12-13,2012-12-25,2013-12-21,15980,1,SO50935,1,782.99,782.99,0,486.7066,782.99,62.6392,19.5748
370,2012-12-13,2012-12-25,2013-12-22,24605,9,SO50936,1,2443.35,2443.35,0,1518.7864,2443.35,195.468,61.0838
354,2012-12-12,2012-12-24,2013-12-23,27531,1,SO50916,1,2071.4196,2071.4196,0,1117.8559,2071.4196,165.7136,51.7855
379,2012-12-12,2012-12-24,2013-12-24,16533,7,SO50917,1,2181.5625,2181.5625,0,1320.6838,2181.5625,174.525,54.5391
368,2012-12-12,2012-12-24,2013-12-25,16547,7,SO50918,1,2443.35,2443.35,0,1518.7864,2443.35,195.468,61.0838
379,2012-12-12,2012-12-24,2013-12-26,18027,8,SO50919,1,2181.5625,2181.5625,0,1320.6838,2181.5625,174.525,54.5391
356,2012-12-12,2012-12-24,2013-12-27,11571,7,SO50920,1,2071.4196,2071.4196,0,1117.8559,2071.4196,165.7136,51.7855
335,2012-12-12,2012-12-24,2013-12-28,21517,10,SO50921,1,782.99,782.99,0,486.7066,782.99,62.6392,19.5748
341,2012-12-12,2012-12-24,2013-12-29,21037,8,SO50922,1,782.99,782.99,0,486.7066,782.99,62.6392,19.5748
333,2012-12-12,2012-12-24,2013-12-30,15984,4,SO50923,1,782.99,782.99,0,486.7066,782.99,62.6392,19.5748
356,2012-12-12,2012-12-24,2013-12-31,15732,9,SO50924,1,2071.4196,2071.4196,0,1117.8559,2071.4196,165.7136,51.7855
356,2012-12-12,2012-12-24,2014-01-01,15790,9,SO50925,1,2071.4196,2071.4196,0,1117.8559,2071.4196,165.7136,51.7855
354,2012-12-12,2012-12-24,2014-01-02,15799,9,SO50926,1,2071.4196,2071.4196,0,1117.8559,2071.4196,165.7136,51.7855
370,2012-12-12,2012-12-24,2014-01-03,24504,9,SO50927,1,2443.35,2443.35,0,1518.7864,2443.35,195.468,61.0838
371,2012-12-12,2012-12-24,2014-01-04,24592,9,SO50928,1,2181.5625,2181.5625,0,1320.6838,2181.5625,174.525,54.5391
389,2012-12-12,2012-12-24,2014-01-05,25242,9,SO50929,1,1000.4375,1000.4375,0,605.6492,1000.4375,80.035,25.0109
352,2012-12-11,2012-12-23,2014-01-06,27576,1,SO50905,1,2071.4196,2071.4196,0,1117.8559,2071.4196,165.7136,51.7855
379,2012-12-11,2012-12-23,2014-01-07,17947,8,SO50906,1,2181.5625,2181.5625,0,1320.6838,2181.5625,174.525,54.5391
385,2012-12-11,2012-12-23,2014-01-08,17894,7,SO50907,1,1000.4375,1000.4375,0,605.6492,1000.4375,80.035,25.0109
358,2012-12-11,2012-12-23,2014-01-09,13254,10,SO50908,1,2049.0982,2049.0982,0,1105.81,2049.0982,163.9279,51.2275
356,2012-12-11,2012-12-23,2014-01-10,13554,10,SO50909,1,2071.4196,2071.4196,0,1117.8559,2071.4196,165.7136,51.7855
343,2012-12-11,2012-12-23,2014-01-11,21035,8,SO50910,1,782.99,782.99,0,486.7066,782.99,62.6392,19.5748
356,2012-12-11,2012-12-23,2014-01-12,12867,8,SO50911,1,2071.4196,2071.4196,0,1117.8559,2071.4196,165.7136,51.7855
381,2012-12-11,2012-12-23,2014-01-13,25231,9,SO50912,1,1000.4375,1000.4375,0,605.6492,1000.4375,80.035,25.0109
368,2012-12-11,2012-12-23,2014-01-14,24481,9,SO50913,1,2443.35,2443.35,0,1518.7864,2443.35,195.468,61.0838
343,2012-12-11,2012-12-23,2014-01-15,27484,9,SO50914,1,782.99,782.99,0,486.7066,782.99,62.6392,19.5748
333,2012-12-11,2012-12-23,2014-01-16,27492,9,SO50915,1,782.99,782.99,0,486.7066,782.99,62.6392,19.5748
360,2012-12-10,2012-12-22,2014-01-17,27555,4,SO50895,1,2049.0982,2049.0982,0,1105.81,2049.0982,163.9279,51.2275
354,2012-12-10,2012-12-22,2014-01-18,27569,4,SO50896,1,2071.4196,2071.4196,0,1117.8559,2071.4196,165.7136,51.7855
352,2012-12-10,2012-12-22,2014-01-19,11432,7,SO50897,1,2071.4196,2071.4196,0,1117.8559,2071.4196,165.7136,51.7855
371,2012-12-10,2012-12-22,2014-01-20,13948,4,SO50898,1,2181.5625,2181.5625,0,1320.6838,2181.5625,174.525,54.5391
333,2012-12-10,2012-12-22,2014-01-21,15983,4,SO50899,1,782.99,782.99,0,486.7066,782.99,62.6392,19.5748
385,2012-12-10,2012-12-22,2014-01-22,25235,9,SO50900,1,1000.4375,1000.4375,0,605.6492,1000.4375,80.035,25.0109
352,2012-12-10,2012-12-22,2014-01-23,15833,9,SO50901,1,2071.4196,2071.4196,0,1117.8559,2071.4196,165.7136,51.7855
368,2012-12-10,2012-12-22,2014-01-24,24506,9,SO50902,1,2443.35,2443.35,0,1518.7864,2443.35,195.468,61.0838
370,2012-12-10,2012-12-22,2014-01-25,24586,9,SO50903,1,2443.35,2443.35,0,1518.7864,2443.35,195.468,61.0838
379,2012-12-10,2012-12-22,2014-01-26,24590,9,SO50904,1,2181.5625,2181.5625,0,1320.6838,2181.5625,174.525,54.5391
362,2012-12-09,2012-12-21,2014-01-27,27543,4,SO50884,1,2049.0982,2049.0982,0,1105.81,2049.0982,163.9279,51.2275
354,2012-12-09,2012-12-21,2014-01-28,27572,4,SO50885,1,2071.4196,2071.4196,0,1117.8559,2071.4196,165.7136,51.7855
370,2012-12-09,2012-12-21,2014-01-29,19048,10,SO50886,1,2443.35,2443.35,0,1518.7864,2443.35,195.468,61.0838
375,2012-12-09,2012-12-21,2014-01-30,16596,7,SO50887,1,2181.5625,2181.5625,0,1320.6838,2181.5625,174.525,54.5391
381,2012-12-09,2012-12-21,2014-01-31,19916,10,SO50888,1,1000.4375,1000.4375,0,605.6492,1000.4375,80.035,25.0109
352,2012-12-09,2012-12-21,2014-02-01,11572,7,SO50889,1,2071.4196,2071.4196,0,1117.8559,2071.4196,165.7136,51.7855
368,2012-12-09,2012-12-21,2014-02-02,13984,4,SO50890,1,2443.35,2443.35,0,1518.7864,2443.35,195.468,61.0838
339,2012-12-09,2012-12-21,2014-02-03,15976,1,SO50891,1,782.99,782.99,0,486.7066,782.99,62.6392,19.5748
360,2012-12-09,2012-12-21,2014-02-04,15753,9,SO50892,1,2049.0982,2049.0982,0,1105.81,2049.0982,163.9279,51.2275
352,2012-12-09,2012-12-21,2014-02-05,16028,9,SO50893,1,2071.4196,2071.4196,0,1117.8559,2071.4196,165.7136,51.7855
358,2012-12-09,2012-12-21,2014-02-06,16160,9,SO50894,1,2049.0982,2049.0982,0,1105.81,2049.0982,163.9279,51.2275
368,2012-12-08,2012-12-20,2014-02-07,16570,7,SO50874,1,2443.35,2443.35,0,1518.7864,2443.35,195.468,61.0838
362,2012-12-08,2012-12-20,2014-02-08,12829,8,SO50875,1,2049.0982,2049.0982,0,1105.81,2049.0982,163.9279,51.2275
356,2012-12-08,2012-12-20,2014-02-09,12827,8,SO50876,1,2071.4196,2071.4196,0,1117.8559,2071.4196,165.7136,51.7855
352,2012-12-08,2012-12-20,2014-02-10,12863,8,SO50877,1,2071.4196,2071.4196,0,1117.8559,2071.4196,165.7136,51.7855
358,2012-12-08,2012-12-20,2014-02-11,15733,9,SO50878,1,2049.0982,2049.0982,0,1105.81,2049.0982,163.9279,51.2275
356,2012-12-08,2012-12-20,2014-02-12,15752,9,SO50879,1,2071.4196,2071.4196,0,1117.8559,2071.4196,165.7136,51.7855
379,2012-12-08,2012-12-20,2014-02-13,24467,9,SO50880,1,2181.5625,2181.5625,0,1320.6838,2181.5625,174.525,54.5391
368,2012-12-08,2012-12-20,2014-02-14,24480,9,SO50881,1,2443.35,2443.35,0,1518.7864,2443.35,195.468,61.0838
343,2012-12-08,2012-12-20,2014-02-15,27473,9,SO50882,1,782.99,782.99,0,486.7066,782.99,62.6392,19.5748
375,2012-12-08,2012-12-20,2014-02-16,18045,8,SO50883,1,2181.5625,2181.5625,0,1320.6838,2181.5625,174.525,54.5391
352,2012-12-07,2012-12-19,2014-02-17,27504,1,SO50860,1,2071.4196,2071.4196,0,1117.8559,2071.4196,165.7136,51.7855
356,2012-12-07,2012-12-19,2014-02-18,27534,4,SO50861,1,2071.4196,2071.4196,0,1117.8559,2071.4196,165.7136,51.7855
356,2012-12-07,2012-12-19,2014-02-19,27541,4,SO50862,1,2071.4196,2071.4196,0,1117.8559,2071.4196,165.7136,51.7855
356,2012-12-07,2012-12-19,2014-02-20,27552,4,SO50863,1,2071.4196,2071.4196,0,1117.8559,2071.4196,165.7136,51.7855
356,2012-12-07,2012-12-19,2014-02-21,13411,10,SO50864,1,2071.4196,2071.4196,0,1117.8559,2071.4196,165.7136,51.7855
362,2012-12-07,2012-12-19,2014-02-22,11582,7,SO50865,1,2049.0982,2049.0982,0,1105.81,2049.0982,163.9279,51.2275
333,2012-12-07,2012-12-19,2014-02-23,15991,1,SO50866,1,782.99,782.99,0,486.7066,782.99,62.6392,19.5748
343,2012-12-07,2012-12-19,2014-02-24,15964,4,SO50867,1,782.99,782.99,0,486.7066,782.99,62.6392,19.5748
383,2012-12-07,2012-12-19,2014-02-25,14473,4,SO50868,1,1000.4375,1000.4375,0,605.6492,1000.4375,80.035,25.0109
381,2012-12-07,2012-12-19,2014-02-26,25225,9,SO50869,1,1000.4375,1000.4375,0,605.6492,1000.4375,80.035,25.0109
352,2012-12-07,2012-12-19,2014-02-27,15764,9,SO50870,1,2071.4196,2071.4196,0,1117.8559,2071.4196,165.7136,51.7855
352,2012-12-07,2012-12-19,2014-02-28,16027,9,SO50871,1,2071.4196,2071.4196,0,1117.8559,2071.4196,165.7136,51.7855
379,2012-12-07,2012-12-19,2014-03-01,24597,9,SO50872,1,2181.5625,2181.5625,0,1320.6838,2181.5625,174.525,54.5391
377,2012-12-07,2012-12-19,2014-03-02,24463,9,SO50873,1,2181.5625,2181.5625,0,1320.6838,2181.5625,174.525,54.5391
356,2012-12-06,2012-12-18,2014-03-03,27542,1,SO50853,1,2071.4196,2071.4196,0,1117.8559,2071.4196,165.7136,51.7855
358,2012-12-06,2012-12-18,2014-03-04,27551,1,SO50854,1,2049.0982,2049.0982,0,1105.81,2049.0982,163.9279,51.2275
358,2012-12-06,2012-12-18,2014-03-05,27558,1,SO50855,1,2049.0982,2049.0982,0,1105.81,2049.0982,163.9279,51.2275
381,2012-12-06,2012-12-18,2014-03-06,17949,7,SO50856,1,1000.4375,1000.4375,0,605.6492,1000.4375,80.035,25.0109
360,2012-12-06,2012-12-18,2014-03-07,16158,9,SO50857,1,2049.0982,2049.0982,0,1105.81,2049.0982,163.9279,51.2275
356,2012-12-06,2012-12-18,2014-03-08,16163,9,SO50858,1,2071.4196,2071.4196,0,1117.8559,2071.4196,165.7136,51.7855
368,2012-12-06,2012-12-18,2014-03-09,24502,9,SO50859,1,2443.35,2443.35,0,1518.7864,2443.35,195.468,61.0838
358,2012-12-05,2012-12-17,2014-03-10,27535,4,SO50836,1,2049.0982,2049.0982,0,1105.81,2049.0982,163.9279,51.2275
352,2012-12-05,2012-12-17,2014-03-11,27537,4,SO50837,1,2071.4196,2071.4196,0,1117.8559,2071.4196,165.7136,51.7855
352,2012-12-05,2012-12-17,2014-03-12,27573,4,SO50838,1,2071.4196,2071.4196,0,1117.8559,2071.4196,165.7136,51.7855
389,2012-12-05,2012-12-17,2014-03-13,19918,10,SO50839,1,1000.4375,1000.4375,0,605.6492,1000.4375,80.035,25.0109
371,2012-12-05,2012-12-17,2014-03-14,16436,7,SO50840,1,2181.5625,2181.5625,0,1320.6838,2181.5625,174.525,54.5391
379,2012-12-05,2012-12-17,2014-03-15,19032,10,SO50841,1,2181.5625,2181.5625,0,1320.6838,2181.5625,174.525,54.5391
356,2012-12-05,2012-12-17,2014-03-16,11479,7,SO50842,1,2071.4196,2071.4196,0,1117.8559,2071.4196,165.7136,51.7855
362,2012-12-05,2012-12-17,2014-03-17,12852,8,SO50843,1,2049.0982,2049.0982,0,1105.81,2049.0982,163.9279,51.2275
327,2012-12-05,2012-12-17,2014-03-18,19503,7,SO50844,1,782.99,782.99,0,486.7066,782.99,62.6392,19.5748
375,2012-12-05,2012-12-17,2014-03-19,13947,1,SO50845,1,2181.5625,2181.5625,0,1320.6838,2181.5625,174.525,54.5391
368,2012-12-05,2012-12-17,2014-03-20,13979,1,SO50846,1,2443.35,2443.35,0,1518.7864,2443.35,195.468,61.0838
325,2012-12-05,2012-12-17,2014-03-21,15953,4,SO50847,1,782.99,782.99,0,486.7066,782.99,62.6392,19.5748
335,2012-12-05,2012-12-17,2014-03-22,15986,4,SO50848,1,782.99,782.99,0,486.7066,782.99,62.6392,19.5748
358,2012-12-05,2012-12-17,2014-03-23,16026,9,SO50849,1,2049.0982,2049.0982,0,1105.81,2049.0982,163.9279,51.2275
360,2012-12-05,2012-12-17,2014-03-24,16155,9,SO50850,1,2049.0982,2049.0982,0,1105.81,2049.0982,163.9279,51.2275
369,2012-12-05,2012-12-17,2014-03-25,24596,9,SO50851,1,2443.35,2443.35,0,1518.7864,2443.35,195.468,61.0838
362,2012-12-05,2012-12-17,2014-03-26,15831,9,SO50852,1,2049.0982,2049.0982,0,1105.81,2049.0982,163.9279,51.2275
352,2012-12-04,2012-12-16,2014-03-27,27570,1,SO50825,1,2071.4196,2071.4196,0,1117.8559,2071.4196,165.7136,51.7855
379,2012-12-04,2012-12-16,2014-03-28,16476,7,SO50826,1,2181.5625,2181.5625,0,1320.6838,2181.5625,174.525,54.5391
389,2012-12-04,2012-12-16,2014-03-29,19917,10,SO50827,1,1000.4375,1000.4375,0,605.6492,1000.4375,80.035,25.0109
358,2012-12-04,2012-12-16,2014-03-30,13551,10,SO50828,1,2049.0982,2049.0982,0,1105.81,2049.0982,163.9279,51.2275
343,2012-12-04,2012-12-16,2014-03-31,21540,10,SO50829,1,782.99,782.99,0,486.7066,782.99,62.6392,19.5748
333,2012-12-04,2012-12-16,2014-04-01,27613,6,SO50830,1,782.99,782.99,0,486.7066,782.99,62.6392,19.5748
325,2012-12-04,2012-12-16,2014-04-02,15961,4,SO50831,1,782.99,782.99,0,486.7066,782.99,62.6392,19.5748
381,2012-12-04,2012-12-16,2014-04-03,14477,4,SO50832,1,1000.4375,1000.4375,0,605.6492,1000.4375,80.035,25.0109
354,2012-12-04,2012-12-16,2014-04-04,15754,9,SO50833,1,2071.4196,2071.4196,0,1117.8559,2071.4196,165.7136,51.7855
369,2012-12-04,2012-12-16,2014-04-05,24598,9,SO50834,1,2443.35,2443.35,0,1518.7864,2443.35,195.468,61.0838
373,2012-12-04,2012-12-16,2014-04-06,24474,9,SO50835,1,2181.5625,2181.5625,0,1320.6838,2181.5625,174.525,54.5391
356,2012-12-03,2012-12-15,2014-04-07,27547,4,SO50814,1,2071.4196,2071.4196,0,1117.8559,2071.4196,165.7136,51.7855
354,2012-12-03,2012-12-15,2014-04-08,21658,6,SO50815,1,2071.4196,2071.4196,0,1117.8559,2071.4196,165.7136,51.7855
387,2012-12-03,2012-12-15,2014-04-09,17944,7,SO50816,1,1000.4375,1000.4375,0,605.6492,1000.4375,80.035,25.0109
379,2012-12-03,2012-12-15,2014-04-10,17989,8,SO50817,1,2181.5625,2181.5625,0,1320.6838,2181.5625,174.525,54.5391
377,2012-12-03,2012-12-15,2014-04-11,18019,8,SO50818,1,2181.5625,2181.5625,0,1320.6838,2181.5625,174.525,54.5391
354,2012-12-03,2012-12-15,2014-04-12,15792,9,SO50819,1,2071.4196,2071.4196,0,1117.8559,2071.4196,165.7136,51.7855
360,2012-12-03,2012-12-15,2014-04-13,15808,9,SO50820,1,2049.0982,2049.0982,0,1105.81,2049.0982,163.9279,51.2275
356,2012-12-03,2012-12-15,2014-04-14,16025,9,SO50821,1,2071.4196,2071.4196,0,1117.8559,2071.4196,165.7136,51.7855
358,2012-12-03,2012-12-15,2014-04-15,16031,9,SO50822,1,2049.0982,2049.0982,0,1105.81,2049.0982,163.9279,51.2275
373,2012-12-03,2012-12-15,2014-04-16,24601,9,SO50823,1,2181.5625,2181.5625,0,1320.6838,2181.5625,174.525,54.5391
341,2012-12-03,2012-12-15,2014-04-17,27499,9,SO50824,1,782.99,782.99,0,486.7066,782.99,62.6392,19.5748
368,2012-12-02,2012-12-14,2014-04-18,17980,8,SO50806,1,2443.35,2443.35,0,1518.7864,2443.35,195.468,61.0838
360,2012-12-02,2012-12-14,2014-04-19,11433,7,SO50807,1,2049.0982,2049.0982,0,1105.81,2049.0982,163.9279,51.2275
352,2012-12-02,2012-12-14,2014-04-20,11546,7,SO50808,1,2071.4196,2071.4196,0,1117.8559,2071.4196,165.7136,51.7855
387,2012-12-02,2012-12-14,2014-04-21,14484,4,SO50809,1,1000.4375,1000.4375,0,605.6492,1000.4375,80.035,25.0109
325,2012-12-02,2012-12-14,2014-04-22,27483,9,SO50810,1,782.99,782.99,0,486.7066,782.99,62.6392,19.5748
337,2012-12-02,2012-12-14,2014-04-23,27493,9,SO50811,1,782.99,782.99,0,486.7066,782.99,62.6392,19.5748
325,2012-12-02,2012-12-14,2014-04-24,27498,9,SO50812,1,782.99,782.99,0,486.7066,782.99,62.6392,19.5748
360,2012-12-02,2012-12-14,2014-04-25,13255,8,SO50813,1,2049.0982,2049.0982,0,1105.81,2049.0982,163.9279,51.2275
373,2012-12-01,2012-12-13,2014-04-26,17964,8,SO50797,1,2181.5625,2181.5625,0,1320.6838,2181.5625,174.525,54.5391
387,2012-12-01,2012-12-13,2014-04-27,17900,7,SO50798,1,1000.4375,1000.4375,0,605.6492,1000.4375,80.035,25.0109
329,2012-12-01,2012-12-13,2014-04-28,21016,8,SO50799,1,782.99,782.99,0,486.7066,782.99,62.6392,19.5748
362,2012-12-01,2012-12-13,2014-04-29,11590,7,SO50800,1,2049.0982,2049.0982,0,1105.81,2049.0982,163.9279,51.2275
335,2012-12-01,2012-12-13,2014-04-30,15989,4,SO50801,1,782.99,782.99,0,486.7066,782.99,62.6392,19.5748
385,2012-12-01,2012-12-13,2014-05-01,14494,1,SO50802,1,1000.4375,1000.4375,0,605.6492,1000.4375,80.035,25.0109
362,2012-12-01,2012-12-13,2014-05-02,15789,9,SO50803,1,2049.0982,2049.0982,0,1105.81,2049.0982,163.9279,51.2275
379,2012-12-01,2012-12-13,2014-05-03,24466,9,SO50804,1,2181.5625,2181.5625,0,1320.6838,2181.5625,174.525,54.5391
385,2012-12-01,2012-12-13,2014-05-04,14471,4,SO50805,1,1000.4375,1000.4375,0,605.6492,1000.4375,80.035,25.0109
354,2012-11-30,2012-12-12,2014-05-05,27575,4,SO50788,1,2071.4196,2071.4196,0,1117.8559,2071.4196,165.7136,51.7855
352,2012-11-30,2012-12-12,2014-05-06,13553,10,SO50789,1,2071.4196,2071.4196,0,1117.8559,2071.4196,165.7136,51.7855
321,2012-11-30,2012-12-12,2014-05-07,21509,10,SO50790,1,782.99,782.99,0,486.7066,782.99,62.6392,19.5748
341,2012-11-30,2012-12-12,2014-05-08,15969,1,SO50791,1,782.99,782.99,0,486.7066,782.99,62.6392,19.5748
323,2012-11-30,2012-12-12,2014-05-09,15972,4,SO50792,1,782.99,782.99,0,486.7066,782.99,62.6392,19.5748
383,2012-11-30,2012-12-12,2014-05-10,14457,4,SO50793,1,1000.4375,1000.4375,0,605.6492,1000.4375,80.035,25.0109
329,2012-11-30,2012-12-12,2014-05-11,27488,9,SO50794,1,782.99,782.99,0,486.7066,782.99,62.6392,19.5748
325,2012-11-30,2012-12-12,2014-05-12,27489,9,SO50795,1,782.99,782.99,0,486.7066,782.99,62.6392,19.5748
343,2012-11-30,2012-12-12,2014-05-13,27490,9,SO50796,1,782.99,782.99,0,486.7066,782.99,62.6392,19.5748
358,2012-11-29,2012-12-11,2014-05-14,27553,4,SO50775,1,2049.0982,2049.0982,0,1105.81,2049.0982,163.9279,51.2275
381,2012-11-29,2012-12-11,2014-05-15,19940,10,SO50776,1,1000.4375,1000.4375,0,605.6492,1000.4375,80.035,25.0109
354,2012-11-29,2012-12-11,2014-05-16,11439,7,SO50777,1,2071.4196,2071.4196,0,1117.8559,2071.4196,165.7136,51.7855
356,2012-11-29,2012-12-11,2014-05-17,11578,7,SO50778,1,2071.4196,2071.4196,0,1117.8559,2071.4196,165.7136,51.7855
335,2012-11-29,2012-12-11,2014-05-18,21508,10,SO50779,1,782.99,782.99,0,486.7066,782.99,62.6392,19.5748
321,2012-11-29,2012-12-11,2014-05-19,19945,7,SO50780,1,782.99,782.99,0,486.7066,782.99,62.6392,19.5748
360,2012-11-29,2012-12-11,2014-05-20,13561,10,SO50781,1,2049.0982,2049.0982,0,1105.81,2049.0982,163.9279,51.2275
360,2012-11-29,2012-12-11,2014-05-21,11587,7,SO50782,1,2049.0982,2049.0982,0,1105.81,2049.0982,163.9279,51.2275
358,2012-11-29,2012-12-11,2014-05-22,11588,7,SO50783,1,2049.0982,2049.0982,0,1105.81,2049.0982,163.9279,51.2275
383,2012-11-29,2012-12-11,2014-05-23,14498,4,SO50784,1,1000.4375,1000.4375,0,605.6492,1000.4375,80.035,25.0109
356,2012-11-29,2012-12-11,2014-05-24,15785,9,SO50785,1,2071.4196,2071.4196,0,1117.8559,2071.4196,165.7136,51.7855
356,2012-11-29,2012-12-11,2014-05-25,15797,9,SO50786,1,2071.4196,2071.4196,0,1117.8559,2071.4196,165.7136,51.7855
358,2012-11-29,2012-12-11,2014-05-26,15800,9,SO50787,1,2049.0982,2049.0982,0,1105.81,2049.0982,163.9279,51.2275
354,2012-11-28,2012-12-10,2014-05-27,27549,1,SO50760,1,2071.4196,2071.4196,0,1117.8559,2071.4196,165.7136,51.7855
387,2012-11-28,2012-12-10,2014-05-28,19321,8,SO50761,1,1000.4375,1000.4375,0,605.6492,1000.4375,80.035,25.0109
377,2012-11-28,2012-12-10,2014-05-29,17963,8,SO50762,1,2181.5625,2181.5625,0,1320.6838,2181.5625,174.525,54.5391
373,2012-11-28,2012-12-10,2014-05-30,16513,7,SO50763,1,2181.5625,2181.5625,0,1320.6838,2181.5625,174.525,54.5391
337,2012-11-28,2012-12-10,2014-05-31,21534,10,SO50764,1,782.99,782.99,0,486.7066,782.99,62.6392,19.5748
339,2012-11-28,2012-12-10,2014-06-01,21669,10,SO50765,1,782.99,782.99,0,486.7066,782.99,62.6392,19.5748
369,2012-11-28,2012-12-10,2014-06-02,13977,1,SO50766,1,2443.35,2443.35,0,1518.7864,2443.35,195.468,61.0838
389,2012-11-28,2012-12-10,2014-06-03,14486,4,SO50767,1,1000.4375,1000.4375,0,605.6492,1000.4375,80.035,25.0109
360,2012-11-28,2012-12-10,2014-06-04,16176,9,SO50768,1,2049.0982,2049.0982,0,1105.81,2049.0982,163.9279,51.2275
368,2012-11-28,2012-12-10,2014-06-05,24484,9,SO50769,1,2443.35,2443.35,0,1518.7864,2443.35,195.468,61.0838
379,2012-11-28,2012-12-10,2014-06-06,24465,9,SO50770,1,2181.5625,2181.5625,0,1320.6838,2181.5625,174.525,54.5391
370,2012-11-28,2012-12-10,2014-06-07,24468,9,SO50771,1,2443.35,2443.35,0,1518.7864,2443.35,195.468,61.0838
369,2012-11-28,2012-12-10,2014-06-08,24476,9,SO50772,1,2443.35,2443.35,0,1518.7864,2443.35,195.468,61.0838
331,2012-11-28,2012-12-10,2014-06-09,19903,7,SO50773,1,782.99,782.99,0,486.7066,782.99,62.6392,19.5748
331,2012-11-28,2012-12-10,2014-06-10,27487,9,SO50774,1,782.99,782.99,0,486.7066,782.99,62.6392,19.5748
354,2012-11-27,2012-12-09,2014-06-11,27455,1,SO50641,1,2071.4196,2071.4196,0,1117.8559,2071.4196,165.7136,51.7855
373,2012-11-27,2012-12-09,2014-06-12,18147,10,SO50642,1,2181.5625,2181.5625,0,1320.6838,2181.5625,174.525,54.5391
352,2012-11-27,2012-12-09,2014-06-13,27427,4,SO50643,1,2071.4196,2071.4196,0,1117.8559,2071.4196,165.7136,51.7855
362,2012-11-27,2012-12-09,2014-06-14,27275,4,SO50644,1,2049.0982,2049.0982,0,1105.81,2049.0982,163.9279,51.2275
387,2012-11-27,2012-12-09,2014-06-15,19288,8,SO50645,1,1000.4375,1000.4375,0,605.6492,1000.4375,80.035,25.0109
383,2012-11-27,2012-12-09,2014-06-16,19298,8,SO50646,1,1000.4375,1000.4375,0,605.6492,1000.4375,80.035,25.0109
339,2012-11-27,2012-12-09,2014-06-17,20945,8,SO50647,1,782.99,782.99,0,486.7066,782.99,62.6392,19.5748
369,2012-11-27,2012-12-09,2014-06-18,13917,4,SO50648,1,2443.35,2443.35,0,1518.7864,2443.35,195.468,61.0838
371,2012-11-27,2012-12-09,2014-06-19,13938,4,SO50649,1,2181.5625,2181.5625,0,1320.6838,2181.5625,174.525,54.5391
358,2012-11-27,2012-12-09,2014-06-20,12747,8,SO50650,1,2049.0982,2049.0982,0,1105.81,2049.0982,163.9279,51.2275
335,2012-11-27,2012-12-09,2014-06-21,15888,1,SO50651,1,782.99,782.99,0,486.7066,782.99,62.6392,19.5748
327,2012-11-27,2012-12-09,2014-06-22,15903,4,SO50652,1,782.99,782.99,0,486.7066,782.99,62.6392,19.5748
335,2012-11-27,2012-12-09,2014-06-23,27550,6,SO50653,1,782.99,782.99,0,486.7066,782.99,62.6392,19.5748
389,2012-11-27,2012-12-09,2014-06-24,25214,9,SO50654,1,1000.4375,1000.4375,0,605.6492,1000.4375,80.035,25.0109
358,2012-11-27,2012-12-09,2014-06-25,15582,9,SO50655,1,2049.0982,2049.0982,0,1105.81,2049.0982,163.9279,51.2275
337,2012-11-27,2012-12-09,2014-06-26,27362,9,SO50656,1,782.99,782.99,0,486.7066,782.99,62.6392,19.5748
369,2012-11-27,2012-12-09,2014-06-27,24378,9,SO50657,1,2443.35,2443.35,0,1518.7864,2443.35,195.468,61.0838
373,2012-11-26,2012-12-08,2014-06-28,18620,10,SO50626,1,2181.5625,2181.5625,0,1320.6838,2181.5625,174.525,54.5391
370,2012-11-26,2012-12-08,2014-06-29,18627,10,SO50627,1,2443.35,2443.35,0,1518.7864,2443.35,195.468,61.0838
368,2012-11-26,2012-12-08,2014-06-30,17902,8,SO50628,1,2443.35,2443.35,0,1518.7864,2443.35,195.468,61.0838
377,2012-11-26,2012-12-08,2014-07-01,16426,7,SO50629,1,2181.5625,2181.5625,0,1320.6838,2181.5625,174.525,54.5391
383,2012-11-26,2012-12-08,2014-07-02,19289,8,SO50630,1,1000.4375,1000.4375,0,605.6492,1000.4375,80.035,25.0109
383,2012-11-26,2012-12-08,2014-07-03,19511,10,SO50631,1,1000.4375,1000.4375,0,605.6492,1000.4375,80.035,25.0109
333,2012-11-26,2012-12-08,2014-07-04,15908,4,SO50632,1,782.99,782.99,0,486.7066,782.99,62.6392,19.5748
387,2012-11-26,2012-12-08,2014-07-05,14420,1,SO50633,1,1000.4375,1000.4375,0,605.6492,1000.4375,80.035,25.0109
362,2012-11-26,2012-12-08,2014-07-06,15218,9,SO50634,1,2049.0982,2049.0982,0,1105.81,2049.0982,163.9279,51.2275
356,2012-11-26,2012-12-08,2014-07-07,15586,9,SO50635,1,2071.4196,2071.4196,0,1117.8559,2071.4196,165.7136,51.7855
354,2012-11-26,2012-12-08,2014-07-08,15589,9,SO50636,1,2071.4196,2071.4196,0,1117.8559,2071.4196,165.7136,51.7855
329,2012-11-26,2012-12-08,2014-07-09,27356,9,SO50637,1,782.99,782.99,0,486.7066,782.99,62.6392,19.5748
371,2012-11-26,2012-12-08,2014-07-10,24283,9,SO50638,1,2181.5625,2181.5625,0,1320.6838,2181.5625,174.525,54.5391
369,2012-11-26,2012-12-08,2014-07-11,24303,9,SO50639,1,2443.35,2443.35,0,1518.7864,2443.35,195.468,61.0838
369,2012-11-26,2012-12-08,2014-07-12,24307,9,SO50640,1,2443.35,2443.35,0,1518.7864,2443.35,195.468,61.0838
354,2012-11-25,2012-12-07,2014-07-13,27296,4,SO50617,1,2071.4196,2071.4196,0,1117.8559,2071.4196,165.7136,51.7855
360,2012-11-25,2012-12-07,2014-07-14,27431,1,SO50618,1,2049.0982,2049.0982,0,1105.81,2049.0982,163.9279,51.2275
354,2012-11-25,2012-12-07,2014-07-15,27277,4,SO50619,1,2071.4196,2071.4196,0,1117.8559,2071.4196,165.7136,51.7855
356,2012-11-25,2012-12-07,2014-07-16,27281,5,SO50620,1,2071.4196,2071.4196,0,1117.8559,2071.4196,165.7136,51.7855
341,2012-11-25,2012-12-07,2014-07-17,19474,7,SO50621,1,782.99,782.99,0,486.7066,782.99,62.6392,19.5748
343,2012-11-25,2012-12-07,2014-07-18,27536,6,SO50622,1,782.99,782.99,0,486.7066,782.99,62.6392,19.5748
321,2012-11-25,2012-12-07,2014-07-19,27545,6,SO50623,1,782.99,782.99,0,486.7066,782.99,62.6392,19.5748
371,2012-11-25,2012-12-07,2014-07-20,24281,9,SO50624,1,2181.5625,2181.5625,0,1320.6838,2181.5625,174.525,54.5391
369,2012-11-25,2012-12-07,2014-07-21,24367,9,SO50625,1,2443.35,2443.35,0,1518.7864,2443.35,195.468,61.0838
354,2012-11-24,2012-12-06,2014-07-22,27450,1,SO50605,1,2071.4196,2071.4196,0,1117.8559,2071.4196,165.7136,51.7855
354,2012-11-24,2012-12-06,2014-07-23,27294,4,SO50606,1,2071.4196,2071.4196,0,1117.8559,2071.4196,165.7136,51.7855
327,2012-11-24,2012-12-06,2014-07-24,20979,8,SO50607,1,782.99,782.99,0,486.7066,782.99,62.6392,19.5748
373,2012-11-24,2012-12-06,2014-07-25,26279,6,SO50608,1,2181.5625,2181.5625,0,1320.6838,2181.5625,174.525,54.5391
321,2012-11-24,2012-12-06,2014-07-26,15886,4,SO50609,1,782.99,782.99,0,486.7066,782.99,62.6392,19.5748
339,2012-11-24,2012-12-06,2014-07-27,15941,4,SO50610,1,782.99,782.99,0,486.7066,782.99,62.6392,19.5748
362,2012-11-24,2012-12-06,2014-07-28,15220,9,SO50611,1,2049.0982,2049.0982,0,1105.81,2049.0982,163.9279,51.2275
358,2012-11-24,2012-12-06,2014-07-29,15590,9,SO50612,1,2049.0982,2049.0982,0,1105.81,2049.0982,163.9279,51.2275
360,2012-11-24,2012-12-06,2014-07-30,15596,9,SO50613,1,2049.0982,2049.0982,0,1105.81,2049.0982,163.9279,51.2275
343,2012-11-24,2012-12-06,2014-07-31,27469,9,SO50614,1,782.99,782.99,0,486.7066,782.99,62.6392,19.5748
373,2012-11-24,2012-12-06,2014-08-01,24304,9,SO50615,1,2181.5625,2181.5625,0,1320.6838,2181.5625,174.525,54.5391
369,2012-11-24,2012-12-06,2014-08-02,24366,9,SO50616,1,2443.35,2443.35,0,1518.7864,2443.35,195.468,61.0838
371,2012-11-23,2012-12-05,2014-08-03,17928,8,SO50595,1,2181.5625,2181.5625,0,1320.6838,2181.5625,174.525,54.5391
362,2012-11-23,2012-12-05,2014-08-04,27416,1,SO50596,1,2049.0982,2049.0982,0,1105.81,2049.0982,163.9279,51.2275
362,2012-11-23,2012-12-05,2014-08-05,21629,6,SO50597,1,2049.0982,2049.0982,0,1105.81,2049.0982,163.9279,51.2275
354,2012-11-23,2012-12-05,2014-08-06,27271,1,SO50598,1,2071.4196,2071.4196,0,1117.8559,2071.4196,165.7136,51.7855
343,2012-11-23,2012-12-05,2014-08-07,20923,8,SO50599,1,782.99,782.99,0,486.7066,782.99,62.6392,19.5748
327,2012-11-23,2012-12-05,2014-08-08,19458,7,SO50600,1,782.99,782.99,0,486.7066,782.99,62.6392,19.5748
354,2012-11-23,2012-12-05,2014-08-09,12742,8,SO50601,1,2071.4196,2071.4196,0,1117.8559,2071.4196,165.7136,51.7855
362,2012-11-23,2012-12-05,2014-08-10,15719,9,SO50602,1,2049.0982,2049.0982,0,1105.81,2049.0982,163.9279,51.2275
360,2012-11-23,2012-12-05,2014-08-11,15576,9,SO50603,1,2049.0982,2049.0982,0,1105.81,2049.0982,163.9279,51.2275
373,2012-11-23,2012-12-05,2014-08-12,24282,9,SO50604,1,2181.5625,2181.5625,0,1320.6838,2181.5625,174.525,54.5391
352,2012-11-22,2012-12-04,2014-08-13,27452,4,SO50585,1,2071.4196,2071.4196,0,1117.8559,2071.4196,165.7136,51.7855
369,2012-11-22,2012-12-04,2014-08-14,17898,8,SO50586,1,2443.35,2443.35,0,1518.7864,2443.35,195.468,61.0838
360,2012-11-22,2012-12-04,2014-08-15,27262,1,SO50587,1,2049.0982,2049.0982,0,1105.81,2049.0982,163.9279,51.2275
362,2012-11-22,2012-12-04,2014-08-16,27274,4,SO50588,1,2049.0982,2049.0982,0,1105.81,2049.0982,163.9279,51.2275
358,2012-11-22,2012-12-04,2014-08-17,27276,4,SO50589,1,2049.0982,2049.0982,0,1105.81,2049.0982,163.9279,51.2275
354,2012-11-22,2012-12-04,2014-08-18,27287,4,SO50590,1,2071.4196,2071.4196,0,1117.8559,2071.4196,165.7136,51.7855
360,2012-11-22,2012-12-04,2014-08-19,11425,7,SO50591,1,2049.0982,2049.0982,0,1105.81,2049.0982,163.9279,51.2275
333,2012-11-22,2012-12-04,2014-08-20,27560,6,SO50592,1,782.99,782.99,0,486.7066,782.99,62.6392,19.5748
352,2012-11-22,2012-12-04,2014-08-21,15266,9,SO50593,1,2071.4196,2071.4196,0,1117.8559,2071.4196,165.7136,51.7855
360,2012-11-22,2012-12-04,2014-08-22,15601,9,SO50594,1,2049.0982,2049.0982,0,1105.81,2049.0982,163.9279,51.2275
379,2012-11-21,2012-12-03,2014-08-23,18126,10,SO50578,1,2181.5625,2181.5625,0,1320.6838,2181.5625,174.525,54.5391
387,2012-11-21,2012-12-03,2014-08-24,17834,7,SO50579,1,1000.4375,1000.4375,0,605.6492,1000.4375,80.035,25.0109
379,2012-11-21,2012-12-03,2014-08-25,24305,9,SO50580,1,2181.5625,2181.5625,0,1320.6838,2181.5625,174.525,54.5391
327,2012-11-21,2012-12-03,2014-08-26,15909,4,SO50581,1,782.99,782.99,0,486.7066,782.99,62.6392,19.5748
389,2012-11-21,2012-12-03,2014-08-27,26582,6,SO50582,1,1000.4375,1000.4375,0,605.6492,1000.4375,80.035,25.0109
354,2012-11-21,2012-12-03,2014-08-28,15725,9,SO50583,1,2071.4196,2071.4196,0,1117.8559,2071.4196,165.7136,51.7855
358,2012-11-21,2012-12-03,2014-08-29,15585,9,SO50584,1,2049.0982,2049.0982,0,1105.81,2049.0982,163.9279,51.2275
373,2012-11-20,2012-12-02,2014-08-30,17945,8,SO50562,1,2181.5625,2181.5625,0,1320.6838,2181.5625,174.525,54.5391
379,2012-11-20,2012-12-02,2014-08-31,18633,10,SO50563,1,2181.5625,2181.5625,0,1320.6838,2181.5625,174.525,54.5391
360,2012-11-20,2012-12-02,2014-09-01,27424,4,SO50564,1,2049.0982,2049.0982,0,1105.81,2049.0982,163.9279,51.2275
362,2012-11-20,2012-12-02,2014-09-02,27439,4,SO50565,1,2049.0982,2049.0982,0,1105.81,2049.0982,163.9279,51.2275
358,2012-11-20,2012-12-02,2014-09-03,21621,6,SO50566,1,2049.0982,2049.0982,0,1105.81,2049.0982,163.9279,51.2275
352,2012-11-20,2012-12-02,2014-09-04,27286,3,SO50567,1,2071.4196,2071.4196,0,1117.8559,2071.4196,165.7136,51.7855
341,2012-11-20,2012-12-02,2014-09-05,21093,10,SO50568,1,782.99,782.99,0,486.7066,782.99,62.6392,19.5748
335,2012-11-20,2012-12-02,2014-09-06,20930,8,SO50569,1,782.99,782.99,0,486.7066,782.99,62.6392,19.5748
377,2012-11-20,2012-12-02,2014-09-07,13939,4,SO50570,1,2181.5625,2181.5625,0,1320.6838,2181.5625,174.525,54.5391
343,2012-11-20,2012-12-02,2014-09-08,15890,4,SO50571,1,782.99,782.99,0,486.7066,782.99,62.6392,19.5748
329,2012-11-20,2012-12-02,2014-09-09,15899,4,SO50572,1,782.99,782.99,0,486.7066,782.99,62.6392,19.5748
329,2012-11-20,2012-12-02,2014-09-10,15934,1,SO50573,1,782.99,782.99,0,486.7066,782.99,62.6392,19.5748
360,2012-11-20,2012-12-02,2014-09-11,15267,9,SO50574,1,2049.0982,2049.0982,0,1105.81,2049.0982,163.9279,51.2275
325,2012-11-20,2012-12-02,2014-09-12,27359,9,SO50575,1,782.99,782.99,0,486.7066,782.99,62.6392,19.5748
369,2012-11-20,2012-12-02,2014-09-13,24300,9,SO50576,1,2443.35,2443.35,0,1518.7864,2443.35,195.468,61.0838
371,2012-11-20,2012-12-02,2014-09-14,24372,9,SO50577,1,2181.5625,2181.5625,0,1320.6838,2181.5625,174.525,54.5391
356,2012-11-19,2012-12-01,2014-09-15,27448,4,SO50550,1,2071.4196,2071.4196,0,1117.8559,2071.4196,165.7136,51.7855
373,2012-11-19,2012-12-01,2014-09-16,18168,10,SO50551,1,2181.5625,2181.5625,0,1320.6838,2181.5625,174.525,54.5391
375,2012-11-19,2012-12-01,2014-09-17,16430,7,SO50552,1,2181.5625,2181.5625,0,1320.6838,2181.5625,174.525,54.5391
387,2012-11-19,2012-12-01,2014-09-18,19500,10,SO50553,1,1000.4375,1000.4375,0,605.6492,1000.4375,80.035,25.0109
321,2012-11-19,2012-12-01,2014-09-19,21015,8,SO50554,1,782.99,782.99,0,486.7066,782.99,62.6392,19.5748
329,2012-11-19,2012-12-01,2014-09-20,21006,8,SO50555,1,782.99,782.99,0,486.7066,782.99,62.6392,19.5748
377,2012-11-19,2012-12-01,2014-09-21,13927,4,SO50556,1,2181.5625,2181.5625,0,1320.6838,2181.5625,174.525,54.5391
360,2012-11-19,2012-12-01,2014-09-22,12861,10,SO50557,1,2049.0982,2049.0982,0,1105.81,2049.0982,163.9279,51.2275
360,2012-11-19,2012-12-01,2014-09-23,12816,8,SO50558,1,2049.0982,2049.0982,0,1105.81,2049.0982,163.9279,51.2275
360,2012-11-19,2012-12-01,2014-09-24,15228,9,SO50559,1,2049.0982,2049.0982,0,1105.81,2049.0982,163.9279,51.2275
362,2012-11-19,2012-12-01,2014-09-25,15716,9,SO50560,1,2049.0982,2049.0982,0,1105.81,2049.0982,163.9279,51.2275
379,2012-11-19,2012-12-01,2014-09-26,24459,9,SO50561,1,2181.5625,2181.5625,0,1320.6838,2181.5625,174.525,54.5391
358,2012-11-18,2012-11-30,2014-09-27,21614,6,SO50538,1,2049.0982,2049.0982,0,1105.81,2049.0982,163.9279,51.2275
358,2012-11-18,2012-11-30,2014-09-28,27261,1,SO50539,1,2049.0982,2049.0982,0,1105.81,2049.0982,163.9279,51.2275
389,2012-11-18,2012-11-30,2014-09-29,19506,10,SO50540,1,1000.4375,1000.4375,0,605.6492,1000.4375,80.035,25.0109
362,2012-11-18,2012-11-30,2014-09-30,12806,8,SO50541,1,2049.0982,2049.0982,0,1105.81,2049.0982,163.9279,51.2275
385,2012-11-18,2012-11-30,2014-10-01,14442,4,SO50542,1,1000.4375,1000.4375,0,605.6492,1000.4375,80.035,25.0109
381,2012-11-18,2012-11-30,2014-10-02,25221,9,SO50543,1,1000.4375,1000.4375,0,605.6492,1000.4375,80.035,25.0109
362,2012-11-18,2012-11-30,2014-10-03,15722,9,SO50544,1,2049.0982,2049.0982,0,1105.81,2049.0982,163.9279,51.2275
354,2012-11-18,2012-11-30,2014-10-04,15587,9,SO50545,1,2071.4196,2071.4196,0,1117.8559,2071.4196,165.7136,51.7855
354,2012-11-18,2012-11-30,2014-10-05,15597,9,SO50546,1,2071.4196,2071.4196,0,1117.8559,2071.4196,165.7136,51.7855
371,2012-11-18,2012-11-30,2014-10-06,24381,9,SO50547,1,2181.5625,2181.5625,0,1320.6838,2181.5625,174.525,54.5391
371,2012-11-18,2012-11-30,2014-10-07,24461,9,SO50548,1,2181.5625,2181.5625,0,1320.6838,2181.5625,174.525,54.5391
325,2012-11-18,2012-11-30,2014-10-08,27365,9,SO50549,1,782.99,782.99,0,486.7066,782.99,62.6392,19.5748
371,2012-11-17,2012-11-29,2014-10-09,18160,10,SO50528,1,2181.5625,2181.5625,0,1320.6838,2181.5625,174.525,54.5391
358,2012-11-17,2012-11-29,2014-10-10,27295,1,SO50529,1,2049.0982,2049.0982,0,1105.81,2049.0982,163.9279,51.2275
387,2012-11-17,2012-11-29,2014-10-11,19912,10,SO50530,1,1000.4375,1000.4375,0,605.6492,1000.4375,80.035,25.0109
331,2012-11-17,2012-11-29,2014-10-12,19452,7,SO50531,1,782.99,782.99,0,486.7066,782.99,62.6392,19.5748
371,2012-11-17,2012-11-29,2014-10-13,13915,4,SO50532,1,2181.5625,2181.5625,0,1320.6838,2181.5625,174.525,54.5391
358,2012-11-17,2012-11-29,2014-10-14,11409,7,SO50533,1,2049.0982,2049.0982,0,1105.81,2049.0982,163.9279,51.2275
356,2012-11-17,2012-11-29,2014-10-15,12826,8,SO50534,1,2071.4196,2071.4196,0,1117.8559,2071.4196,165.7136,51.7855
379,2012-11-17,2012-11-29,2014-10-16,24460,9,SO50535,1,2181.5625,2181.5625,0,1320.6838,2181.5625,174.525,54.5391
369,2012-11-17,2012-11-29,2014-10-17,24462,9,SO50536,1,2443.35,2443.35,0,1518.7864,2443.35,195.468,61.0838
333,2012-11-17,2012-11-29,2014-10-18,27341,9,SO50537,1,782.99,782.99,0,486.7066,782.99,62.6392,19.5748
373,2012-11-16,2012-11-28,2014-10-19,18136,10,SO50518,1,2181.5625,2181.5625,0,1320.6838,2181.5625,174.525,54.5391
371,2012-11-16,2012-11-28,2014-10-20,17934,8,SO50519,1,2181.5625,2181.5625,0,1320.6838,2181.5625,174.525,54.5391
356,2012-11-16,2012-11-28,2014-10-21,27264,1,SO50520,1,2071.4196,2071.4196,0,1117.8559,2071.4196,165.7136,51.7855
356,2012-11-16,2012-11-28,2014-10-22,27279,1,SO50521,1,2071.4196,2071.4196,0,1117.8559,2071.4196,165.7136,51.7855
389,2012-11-16,2012-11-28,2014-10-23,17780,7,SO50522,1,1000.4375,1000.4375,0,605.6492,1000.4375,80.035,25.0109
360,2012-11-16,2012-11-28,2014-10-24,12860,10,SO50523,1,2049.0982,2049.0982,0,1105.81,2049.0982,163.9279,51.2275
321,2012-11-16,2012-11-28,2014-10-25,15914,1,SO50524,1,782.99,782.99,0,486.7066,782.99,62.6392,19.5748
387,2012-11-16,2012-11-28,2014-10-26,14447,1,SO50525,1,1000.4375,1000.4375,0,605.6492,1000.4375,80.035,25.0109
321,2012-11-16,2012-11-28,2014-10-27,27340,9,SO50526,1,782.99,782.99,0,486.7066,782.99,62.6392,19.5748
377,2012-11-16,2012-11-28,2014-10-28,24377,9,SO50527,1,2181.5625,2181.5625,0,1320.6838,2181.5625,174.525,54.5391
369,2012-11-15,2012-11-27,2014-10-29,18621,10,SO50511,1,2443.35,2443.35,0,1518.7864,2443.35,195.468,61.0838
356,2012-11-15,2012-11-27,2014-10-30,27418,4,SO50512,1,2071.4196,2071.4196,0,1117.8559,2071.4196,165.7136,51.7855
362,2012-11-15,2012-11-27,2014-10-31,12825,8,SO50513,1,2049.0982,2049.0982,0,1105.81,2049.0982,163.9279,51.2275
341,2012-11-15,2012-11-27,2014-11-01,15904,4,SO50514,1,782.99,782.99,0,486.7066,782.99,62.6392,19.5748
358,2012-11-15,2012-11-27,2014-11-02,15215,9,SO50515,1,2049.0982,2049.0982,0,1105.81,2049.0982,163.9279,51.2275
360,2012-11-15,2012-11-27,2014-11-03,15646,9,SO50516,1,2049.0982,2049.0982,0,1105.81,2049.0982,163.9279,51.2275
352,2012-11-15,2012-11-27,2014-11-04,27423,4,SO50517,1,2071.4196,2071.4196,0,1117.8559,2071.4196,165.7136,51.7855
370,2012-11-14,2012-11-26,2014-11-05,16415,7,SO50509,1,2443.35,2443.35,0,1518.7864,2443.35,195.468,61.0838
377,2012-11-14,2012-11-26,2014-11-06,24365,9,SO50510,1,2181.5625,2181.5625,0,1320.6838,2181.5625,174.525,54.5391
377,2012-11-13,2012-11-25,2014-11-07,18625,10,SO50501,1,2181.5625,2181.5625,0,1320.6838,2181.5625,174.525,54.5391
375,2012-11-13,2012-11-25,2014-11-08,16425,7,SO50502,1,2181.5625,2181.5625,0,1320.6838,2181.5625,174.525,54.5391
389,2012-11-13,2012-11-25,2014-11-09,19286,8,SO50503,1,1000.4375,1000.4375,0,605.6492,1000.4375,80.035,25.0109
356,2012-11-13,2012-11-25,2014-11-10,12874,10,SO50504,1,2071.4196,2071.4196,0,1117.8559,2071.4196,165.7136,51.7855
360,2012-11-13,2012-11-25,2014-11-11,11410,7,SO50505,1,2049.0982,2049.0982,0,1105.81,2049.0982,163.9279,51.2275
335,2012-11-13,2012-11-25,2014-11-12,27342,9,SO50506,1,782.99,782.99,0,486.7066,782.99,62.6392,19.5748
333,2012-11-13,2012-11-25,2014-11-13,27366,9,SO50507,1,782.99,782.99,0,486.7066,782.99,62.6392,19.5748
373,2012-11-13,2012-11-25,2014-11-14,24361,9,SO50508,1,2181.5625,2181.5625,0,1320.6838,2181.5625,174.525,54.5391
362,2012-11-12,2012-11-24,2014-11-15,27453,4,SO50493,1,2049.0982,2049.0982,0,1105.81,2049.0982,163.9279,51.2275
379,2012-11-12,2012-11-24,2014-11-16,16432,7,SO50494,1,2181.5625,2181.5625,0,1320.6838,2181.5625,174.525,54.5391
325,2012-11-12,2012-11-24,2014-11-17,19475,7,SO50495,1,782.99,782.99,0,486.7066,782.99,62.6392,19.5748
381,2012-11-12,2012-11-24,2014-11-18,14452,1,SO50496,1,1000.4375,1000.4375,0,605.6492,1000.4375,80.035,25.0109
389,2012-11-12,2012-11-24,2014-11-19,14419,1,SO50497,1,1000.4375,1000.4375,0,605.6492,1000.4375,80.035,25.0109
389,2012-11-12,2012-11-24,2014-11-20,14434,4,SO50498,1,1000.4375,1000.4375,0,605.6492,1000.4375,80.035,25.0109
352,2012-11-12,2012-11-24,2014-11-21,15214,9,SO50499,1,2071.4196,2071.4196,0,1117.8559,2071.4196,165.7136,51.7855
354,2012-11-12,2012-11-24,2014-11-22,15425,9,SO50500,1,2071.4196,2071.4196,0,1117.8559,2071.4196,165.7136,51.7855
375,2012-11-11,2012-11-23,2014-11-23,18028,10,SO50484,1,2181.5625,2181.5625,0,1320.6838,2181.5625,174.525,54.5391
360,2012-11-11,2012-11-23,2014-11-24,27446,4,SO50485,1,2049.0982,2049.0982,0,1105.81,2049.0982,163.9279,51.2275
381,2012-11-11,2012-11-23,2014-11-25,14448,1,SO50486,1,1000.4375,1000.4375,0,605.6492,1000.4375,80.035,25.0109
383,2012-11-11,2012-11-23,2014-11-26,25213,9,SO50487,1,1000.4375,1000.4375,0,605.6492,1000.4375,80.035,25.0109
389,2012-11-11,2012-11-23,2014-11-27,25218,9,SO50488,1,1000.4375,1000.4375,0,605.6492,1000.4375,80.035,25.0109
362,2012-11-11,2012-11-23,2014-11-28,15717,9,SO50489,1,2049.0982,2049.0982,0,1105.81,2049.0982,163.9279,51.2275
352,2012-11-11,2012-11-23,2014-11-29,15226,9,SO50490,1,2071.4196,2071.4196,0,1117.8559,2071.4196,165.7136,51.7855
356,2012-11-11,2012-11-23,2014-11-30,15644,9,SO50491,1,2071.4196,2071.4196,0,1117.8559,2071.4196,165.7136,51.7855
370,2012-11-11,2012-11-23,2014-12-01,24362,9,SO50492,1,2443.35,2443.35,0,1518.7864,2443.35,195.468,61.0838
358,2012-11-10,2012-11-22,2014-12-02,27288,4,SO50472,1,2049.0982,2049.0982,0,1105.81,2049.0982,163.9279,51.2275
381,2012-11-10,2012-11-22,2014-12-03,17827,7,SO50473,1,1000.4375,1000.4375,0,605.6492,1000.4375,80.035,25.0109
362,2012-11-10,2012-11-22,2014-12-04,27269,1,SO50474,1,2049.0982,2049.0982,0,1105.81,2049.0982,163.9279,51.2275
381,2012-11-10,2012-11-22,2014-12-05,19911,10,SO50475,1,1000.4375,1000.4375,0,605.6492,1000.4375,80.035,25.0109
341,2012-11-10,2012-11-22,2014-12-06,20980,8,SO50476,1,782.99,782.99,0,486.7066,782.99,62.6392,19.5748
356,2012-11-10,2012-11-22,2014-12-07,13252,10,SO50477,1,2071.4196,2071.4196,0,1117.8559,2071.4196,165.7136,51.7855
339,2012-11-10,2012-11-22,2014-12-08,15893,1,SO50478,1,782.99,782.99,0,486.7066,782.99,62.6392,19.5748
385,2012-11-10,2012-11-22,2014-12-09,14449,1,SO50479,1,1000.4375,1000.4375,0,605.6492,1000.4375,80.035,25.0109
383,2012-11-10,2012-11-22,2014-12-10,25138,9,SO50480,1,1000.4375,1000.4375,0,605.6492,1000.4375,80.035,25.0109
354,2012-11-10,2012-11-22,2014-12-11,15262,9,SO50481,1,2071.4196,2071.4196,0,1117.8559,2071.4196,165.7136,51.7855
325,2012-11-10,2012-11-22,2014-12-12,27354,9,SO50482,1,782.99,782.99,0,486.7066,782.99,62.6392,19.5748
352,2012-11-10,2012-11-22,2014-12-13,15578,9,SO50483,1,2071.4196,2071.4196,0,1117.8559,2071.4196,165.7136,51.7855
370,2012-11-09,2012-11-21,2014-12-14,18166,10,SO50463,1,2443.35,2443.35,0,1518.7864,2443.35,195.468,61.0838
381,2012-11-09,2012-11-21,2014-12-15,19499,10,SO50464,1,1000.4375,1000.4375,0,605.6492,1000.4375,80.035,25.0109
381,2012-11-09,2012-11-21,2014-12-16,19294,8,SO50465,1,1000.4375,1000.4375,0,605.6492,1000.4375,80.035,25.0109
331,2012-11-09,2012-11-21,2014-12-17,21105,10,SO50466,1,782.99,782.99,0,486.7066,782.99,62.6392,19.5748
356,2012-11-09,2012-11-21,2014-12-18,15221,9,SO50467,1,2071.4196,2071.4196,0,1117.8559,2071.4196,165.7136,51.7855
333,2012-11-09,2012-11-21,2014-12-19,27346,9,SO50468,1,782.99,782.99,0,486.7066,782.99,62.6392,19.5748
321,2012-11-09,2012-11-21,2014-12-20,27348,9,SO50469,1,782.99,782.99,0,486.7066,782.99,62.6392,19.5748
339,2012-11-09,2012-11-21,2014-12-21,27370,9,SO50470,1,782.99,782.99,0,486.7066,782.99,62.6392,19.5748
352,2012-11-09,2012-11-21,2014-12-22,12807,8,SO50471,1,2071.4196,2071.4196,0,1117.8559,2071.4196,165.7136,51.7855
368,2012-11-08,2012-11-20,2014-12-23,16416,7,SO50450,1,2443.35,2443.35,0,1518.7864,2443.35,195.468,61.0838
360,2012-11-08,2012-11-20,2014-12-24,27272,1,SO50451,1,2049.0982,2049.0982,0,1105.81,2049.0982,163.9279,51.2275
360,2012-11-08,2012-11-20,2014-12-25,27280,4,SO50452,1,2049.0982,2049.0982,0,1105.81,2049.0982,163.9279,51.2275
381,2012-11-08,2012-11-20,2014-12-26,17779,7,SO50453,1,1000.4375,1000.4375,0,605.6492,1000.4375,80.035,25.0109
389,2012-11-08,2012-11-20,2014-12-27,19493,10,SO50454,1,1000.4375,1000.4375,0,605.6492,1000.4375,80.035,25.0109
337,2012-11-08,2012-11-20,2014-12-28,19480,7,SO50455,1,782.99,782.99,0,486.7066,782.99,62.6392,19.5748
360,2012-11-08,2012-11-20,2014-12-29,15723,9,SO50456,1,2049.0982,2049.0982,0,1105.81,2049.0982,163.9279,51.2275
358,2012-11-08,2012-11-20,2014-12-30,15227,9,SO50457,1,2049.0982,2049.0982,0,1105.81,2049.0982,163.9279,51.2275
354,2012-11-08,2012-11-20,2014-12-31,15438,9,SO50458,1,2071.4196,2071.4196,0,1117.8559,2071.4196,165.7136,51.7855
369,2012-11-08,2012-11-20,2015-01-01,24458,9,SO50459,1,2443.35,2443.35,0,1518.7864,2443.35,195.468,61.0838
331,2012-11-08,2012-11-20,2015-01-02,27352,9,SO50460,1,782.99,782.99,0,486.7066,782.99,62.6392,19.5748
341,2012-11-08,2012-11-20,2015-01-03,27355,9,SO50461,1,782.99,782.99,0,486.7066,782.99,62.6392,19.5748
371,2012-11-08,2012-11-20,2015-01-04,24364,9,SO50462,1,2181.5625,2181.5625,0,1320.6838,2181.5625,174.525,54.5391
371,2012-11-07,2012-11-19,2015-01-05,17929,8,SO50438,1,2181.5625,2181.5625,0,1320.6838,2181.5625,174.525,54.5391
360,2012-11-07,2012-11-19,2015-01-06,21618,6,SO50439,1,2049.0982,2049.0982,0,1105.81,2049.0982,163.9279,51.2275
381,2012-11-07,2012-11-19,2015-01-07,19502,10,SO50440,1,1000.4375,1000.4375,0,605.6492,1000.4375,80.035,25.0109
323,2012-11-07,2012-11-19,2015-01-08,21104,10,SO50441,1,782.99,782.99,0,486.7066,782.99,62.6392,19.5748
352,2012-11-07,2012-11-19,2015-01-09,11402,7,SO50442,1,2071.4196,2071.4196,0,1117.8559,2071.4196,165.7136,51.7855
362,2012-11-07,2012-11-19,2015-01-10,11416,7,SO50443,1,2049.0982,2049.0982,0,1105.81,2049.0982,163.9279,51.2275
389,2012-11-07,2012-11-19,2015-01-11,14438,1,SO50444,1,1000.4375,1000.4375,0,605.6492,1000.4375,80.035,25.0109
387,2012-11-07,2012-11-19,2015-01-12,26615,6,SO50445,1,1000.4375,1000.4375,0,605.6492,1000.4375,80.035,25.0109
387,2012-11-07,2012-11-19,2015-01-13,25127,9,SO50446,1,1000.4375,1000.4375,0,605.6492,1000.4375,80.035,25.0109
362,2012-11-07,2012-11-19,2015-01-14,15726,9,SO50447,1,2049.0982,2049.0982,0,1105.81,2049.0982,163.9279,51.2275
358,2012-11-07,2012-11-19,2015-01-15,15219,9,SO50448,1,2049.0982,2049.0982,0,1105.81,2049.0982,163.9279,51.2275
352,2012-11-07,2012-11-19,2015-01-16,15435,9,SO50449,1,2071.4196,2071.4196,0,1117.8559,2071.4196,165.7136,51.7855
377,2012-11-06,2012-11-18,2015-01-17,17940,8,SO50432,1,2181.5625,2181.5625,0,1320.6838,2181.5625,174.525,54.5391
327,2012-11-06,2012-11-18,2015-01-18,21008,8,SO50433,1,782.99,782.99,0,486.7066,782.99,62.6392,19.5748
375,2012-11-06,2012-11-18,2015-01-19,13912,4,SO50434,1,2181.5625,2181.5625,0,1320.6838,2181.5625,174.525,54.5391
356,2012-11-06,2012-11-18,2015-01-20,12873,10,SO50435,1,2071.4196,2071.4196,0,1117.8559,2071.4196,165.7136,51.7855
385,2012-11-06,2012-11-18,2015-01-21,25133,9,SO50436,1,1000.4375,1000.4375,0,605.6492,1000.4375,80.035,25.0109
358,2012-11-06,2012-11-18,2015-01-22,15647,9,SO50437,1,2049.0982,2049.0982,0,1105.81,2049.0982,163.9279,51.2275
377,2012-11-05,2012-11-17,2015-01-23,16433,7,SO50424,1,2181.5625,2181.5625,0,1320.6838,2181.5625,174.525,54.5391
360,2012-11-05,2012-11-17,2015-01-24,27421,2,SO50425,1,2049.0982,2049.0982,0,1105.81,2049.0982,163.9279,51.2275
354,2012-11-05,2012-11-17,2015-01-25,21642,6,SO50426,1,2071.4196,2071.4196,0,1117.8559,2071.4196,165.7136,51.7855
335,2012-11-05,2012-11-17,2015-01-26,15944,1,SO50427,1,782.99,782.99,0,486.7066,782.99,62.6392,19.5748
381,2012-11-05,2012-11-17,2015-01-27,14421,1,SO50428,1,1000.4375,1000.4375,0,605.6492,1000.4375,80.035,25.0109
387,2012-11-05,2012-11-17,2015-01-28,14433,4,SO50429,1,1000.4375,1000.4375,0,605.6492,1000.4375,80.035,25.0109
387,2012-11-05,2012-11-17,2015-01-29,25126,9,SO50430,1,1000.4375,1000.4375,0,605.6492,1000.4375,80.035,25.0109
370,2012-11-05,2012-11-17,2015-01-30,24371,9,SO50431,1,2443.35,2443.35,0,1518.7864,2443.35,195.468,61.0838
371,2012-11-04,2012-11-16,2015-01-31,18177,10,SO50409,1,2181.5625,2181.5625,0,1320.6838,2181.5625,174.525,54.5391
377,2012-11-04,2012-11-16,2015-02-01,18135,10,SO50410,1,2181.5625,2181.5625,0,1320.6838,2181.5625,174.525,54.5391
379,2012-11-04,2012-11-16,2015-02-02,18141,10,SO50411,1,2181.5625,2181.5625,0,1320.6838,2181.5625,174.525,54.5391
358,2012-11-04,2012-11-16,2015-02-03,27268,4,SO50412,1,2049.0982,2049.0982,0,1105.81,2049.0982,163.9279,51.2275
354,2012-11-04,2012-11-16,2015-02-04,27273,4,SO50413,1,2071.4196,2071.4196,0,1117.8559,2071.4196,165.7136,51.7855
387,2012-11-04,2012-11-16,2015-02-05,19285,8,SO50414,1,1000.4375,1000.4375,0,605.6492,1000.4375,80.035,25.0109
323,2012-11-04,2012-11-16,2015-02-06,20970,8,SO50415,1,782.99,782.99,0,486.7066,782.99,62.6392,19.5748
362,2012-11-04,2012-11-16,2015-02-07,11406,7,SO50416,1,2049.0982,2049.0982,0,1105.81,2049.0982,163.9279,51.2275
358,2012-11-04,2012-11-16,2015-02-08,11417,7,SO50417,1,2049.0982,2049.0982,0,1105.81,2049.0982,163.9279,51.2275
331,2012-11-04,2012-11-16,2015-02-09,15897,4,SO50418,1,782.99,782.99,0,486.7066,782.99,62.6392,19.5748
387,2012-11-04,2012-11-16,2015-02-10,14453,1,SO50419,1,1000.4375,1000.4375,0,605.6492,1000.4375,80.035,25.0109
387,2012-11-04,2012-11-16,2015-02-11,25215,9,SO50420,1,1000.4375,1000.4375,0,605.6492,1000.4375,80.035,25.0109
358,2012-11-04,2012-11-16,2015-02-12,15724,9,SO50421,1,2049.0982,2049.0982,0,1105.81,2049.0982,163.9279,51.2275
352,2012-11-04,2012-11-16,2015-02-13,15223,9,SO50422,1,2071.4196,2071.4196,0,1117.8559,2071.4196,165.7136,51.7855
370,2012-11-04,2012-11-16,2015-02-14,24360,9,SO50423,1,2443.35,2443.35,0,1518.7864,2443.35,195.468,61.0838
368,2012-11-03,2012-11-15,2015-02-15,18173,10,SO50400,1,2443.35,2443.35,0,1518.7864,2443.35,195.468,61.0838
371,2012-11-03,2012-11-15,2015-02-16,18127,10,SO50401,1,2181.5625,2181.5625,0,1320.6838,2181.5625,174.525,54.5391
362,2012-11-03,2012-11-15,2015-02-17,21622,6,SO50402,1,2049.0982,2049.0982,0,1105.81,2049.0982,163.9279,51.2275
321,2012-11-03,2012-11-15,2015-02-18,20914,8,SO50403,1,782.99,782.99,0,486.7066,782.99,62.6392,19.5748
358,2012-11-03,2012-11-15,2015-02-19,11382,7,SO50404,1,2049.0982,2049.0982,0,1105.81,2049.0982,163.9279,51.2275
387,2012-11-03,2012-11-15,2015-02-20,14451,4,SO50405,1,1000.4375,1000.4375,0,605.6492,1000.4375,80.035,25.0109
360,2012-11-03,2012-11-15,2015-02-21,15229,9,SO50406,1,2049.0982,2049.0982,0,1105.81,2049.0982,163.9279,51.2275
371,2012-11-03,2012-11-15,2015-02-22,24302,9,SO50407,1,2181.5625,2181.5625,0,1320.6838,2181.5625,174.525,54.5391
373,2012-11-03,2012-11-15,2015-02-23,24368,9,SO50408,1,2181.5625,2181.5625,0,1320.6838,2181.5625,174.525,54.5391
356,2012-11-02,2012-11-14,2015-02-24,27258,4,SO50385,1,2071.4196,2071.4196,0,1117.8559,2071.4196,165.7136,51.7855
373,2012-11-02,2012-11-14,2015-02-25,17942,8,SO50386,1,2181.5625,2181.5625,0,1320.6838,2181.5625,174.525,54.5391
354,2012-11-02,2012-11-14,2015-02-26,27407,1,SO50387,1,2071.4196,2071.4196,0,1117.8559,2071.4196,165.7136,51.7855
352,2012-11-02,2012-11-14,2015-02-27,27266,4,SO50388,1,2071.4196,2071.4196,0,1117.8559,2071.4196,165.7136,51.7855
362,2012-11-02,2012-11-14,2015-02-28,12813,8,SO50389,1,2049.0982,2049.0982,0,1105.81,2049.0982,163.9279,51.2275
352,2012-11-02,2012-11-14,2015-03-01,13253,10,SO50390,1,2071.4196,2071.4196,0,1117.8559,2071.4196,165.7136,51.7855
337,2012-11-02,2012-11-14,2015-03-02,15901,1,SO50391,1,782.99,782.99,0,486.7066,782.99,62.6392,19.5748
329,2012-11-02,2012-11-14,2015-03-03,15902,1,SO50392,1,782.99,782.99,0,486.7066,782.99,62.6392,19.5748
335,2012-11-02,2012-11-14,2015-03-04,15918,1,SO50393,1,782.99,782.99,0,486.7066,782.99,62.6392,19.5748
333,2012-11-02,2012-11-14,2015-03-05,27557,6,SO50394,1,782.99,782.99,0,486.7066,782.99,62.6392,19.5748
383,2012-11-02,2012-11-14,2015-03-06,14439,1,SO50395,1,1000.4375,1000.4375,0,605.6492,1000.4375,80.035,25.0109
362,2012-11-02,2012-11-14,2015-03-07,15439,9,SO50396,1,2049.0982,2049.0982,0,1105.81,2049.0982,163.9279,51.2275
360,2012-11-02,2012-11-14,2015-03-08,15588,9,SO50397,1,2049.0982,2049.0982,0,1105.81,2049.0982,163.9279,51.2275
360,2012-11-02,2012-11-14,2015-03-09,15645,9,SO50398,1,2049.0982,2049.0982,0,1105.81,2049.0982,163.9279,51.2275
379,2012-11-02,2012-11-14,2015-03-10,24457,9,SO50399,1,2181.5625,2181.5625,0,1320.6838,2181.5625,174.525,54.5391
373,2012-11-01,2012-11-13,2015-03-11,16431,7,SO50371,1,2181.5625,2181.5625,0,1320.6838,2181.5625,174.525,54.5391
358,2012-11-01,2012-11-13,2015-03-12,27440,1,SO50372,1,2049.0982,2049.0982,0,1105.81,2049.0982,163.9279,51.2275
358,2012-11-01,2012-11-13,2015-03-13,27260,4,SO50373,1,2049.0982,2049.0982,0,1105.81,2049.0982,163.9279,51.2275
383,2012-11-01,2012-11-13,2015-03-14,17787,7,SO50374,1,1000.4375,1000.4375,0,605.6492,1000.4375,80.035,25.0109
381,2012-11-01,2012-11-13,2015-03-15,17830,7,SO50375,1,1000.4375,1000.4375,0,605.6492,1000.4375,80.035,25.0109
385,2012-11-01,2012-11-13,2015-03-16,17831,7,SO50376,1,1000.4375,1000.4375,0,605.6492,1000.4375,80.035,25.0109
333,2012-11-01,2012-11-13,2015-03-17,20913,8,SO50377,1,782.99,782.99,0,486.7066,782.99,62.6392,19.5748
321,2012-11-01,2012-11-13,2015-03-18,19473,7,SO50378,1,782.99,782.99,0,486.7066,782.99,62.6392,19.5748
358,2012-11-01,2012-11-13,2015-03-19,13251,10,SO50379,1,2049.0982,2049.0982,0,1105.81,2049.0982,163.9279,51.2275
356,2012-11-01,2012-11-13,2015-03-20,11420,7,SO50380,1,2071.4196,2071.4196,0,1117.8559,2071.4196,165.7136,51.7855
356,2012-11-01,2012-11-13,2015-03-21,15436,9,SO50381,1,2071.4196,2071.4196,0,1117.8559,2071.4196,165.7136,51.7855
360,2012-11-01,2012-11-13,2015-03-22,15591,9,SO50382,1,2049.0982,2049.0982,0,1105.81,2049.0982,163.9279,51.2275
327,2012-11-01,2012-11-13,2015-03-23,27353,9,SO50383,1,782.99,782.99,0,486.7066,782.99,62.6392,19.5748
341,2012-11-01,2012-11-13,2015-03-24,27371,9,SO50384,1,782.99,782.99,0,486.7066,782.99,62.6392,19.5748
362,2012-10-31,2012-11-12,2015-03-25,27292,1,SO50362,1,2049.0982,2049.0982,0,1105.81,2049.0982,163.9279,51.2275
358,2012-10-31,2012-11-12,2015-03-26,27263,4,SO50363,1,2049.0982,2049.0982,0,1105.81,2049.0982,163.9279,51.2275
325,2012-10-31,2012-11-12,2015-03-27,21106,10,SO50364,1,782.99,782.99,0,486.7066,782.99,62.6392,19.5748
370,2012-10-31,2012-11-12,2015-03-28,13925,4,SO50365,1,2443.35,2443.35,0,1518.7864,2443.35,195.468,61.0838
369,2012-10-31,2012-11-12,2015-03-29,26294,6,SO50366,1,2443.35,2443.35,0,1518.7864,2443.35,195.468,61.0838
381,2012-10-31,2012-11-12,2015-03-30,26572,6,SO50367,1,1000.4375,1000.4375,0,605.6492,1000.4375,80.035,25.0109
362,2012-10-31,2012-11-12,2015-03-31,15265,9,SO50368,1,2049.0982,2049.0982,0,1105.81,2049.0982,163.9279,51.2275
352,2012-10-31,2012-11-12,2015-04-01,15642,9,SO50369,1,2071.4196,2071.4196,0,1117.8559,2071.4196,165.7136,51.7855
377,2012-10-31,2012-11-12,2015-04-02,17941,8,SO50370,1,2181.5625,2181.5625,0,1320.6838,2181.5625,174.525,54.5391
356,2012-10-30,2012-11-11,2015-04-03,27405,4,SO50347,1,2071.4196,2071.4196,0,1117.8559,2071.4196,165.7136,51.7855
381,2012-10-30,2012-11-11,2015-04-04,19311,8,SO50348,1,1000.4375,1000.4375,0,605.6492,1000.4375,80.035,25.0109
381,2012-10-30,2012-11-11,2015-04-05,19314,8,SO50349,1,1000.4375,1000.4375,0,605.6492,1000.4375,80.035,25.0109
343,2012-10-30,2012-11-11,2015-04-06,21103,10,SO50350,1,782.99,782.99,0,486.7066,782.99,62.6392,19.5748
337,2012-10-30,2012-11-11,2015-04-07,15885,1,SO50351,1,782.99,782.99,0,486.7066,782.99,62.6392,19.5748
335,2012-10-30,2012-11-11,2015-04-08,15948,4,SO50352,1,782.99,782.99,0,486.7066,782.99,62.6392,19.5748
385,2012-10-30,2012-11-11,2015-04-09,14440,4,SO50353,1,1000.4375,1000.4375,0,605.6492,1000.4375,80.035,25.0109
381,2012-10-30,2012-11-11,2015-04-10,14456,1,SO50354,1,1000.4375,1000.4375,0,605.6492,1000.4375,80.035,25.0109
352,2012-10-30,2012-11-11,2015-04-11,15268,9,SO50355,1,2071.4196,2071.4196,0,1117.8559,2071.4196,165.7136,51.7855
354,2012-10-30,2012-11-11,2015-04-12,15600,9,SO50356,1,2071.4196,2071.4196,0,1117.8559,2071.4196,165.7136,51.7855
352,2012-10-30,2012-11-11,2015-04-13,15643,9,SO50357,1,2071.4196,2071.4196,0,1117.8559,2071.4196,165.7136,51.7855
333,2012-10-30,2012-11-11,2015-04-14,27339,9,SO50358,1,782.99,782.99,0,486.7066,782.99,62.6392,19.5748
370,2012-10-30,2012-11-11,2015-04-15,24274,9,SO50359,1,2443.35,2443.35,0,1518.7864,2443.35,195.468,61.0838
368,2012-10-30,2012-11-11,2015-04-16,24301,9,SO50360,1,2443.35,2443.35,0,1518.7864,2443.35,195.468,61.0838
387,2012-10-30,2012-11-11,2015-04-17,19510,10,SO50361,1,1000.4375,1000.4375,0,605.6492,1000.4375,80.035,25.0109
362,2012-10-29,2012-11-10,2015-04-18,27449,4,SO50336,1,2049.0982,2049.0982,0,1105.81,2049.0982,163.9279,51.2275
358,2012-10-29,2012-11-10,2015-04-19,21652,6,SO50337,1,2049.0982,2049.0982,0,1105.81,2049.0982,163.9279,51.2275
377,2012-10-29,2012-11-10,2015-04-20,17946,8,SO50338,1,2181.5625,2181.5625,0,1320.6838,2181.5625,174.525,54.5391
379,2012-10-29,2012-11-10,2015-04-21,18026,10,SO50339,1,2181.5625,2181.5625,0,1320.6838,2181.5625,174.525,54.5391
379,2012-10-29,2012-11-10,2015-04-22,16424,7,SO50340,1,2181.5625,2181.5625,0,1320.6838,2181.5625,174.525,54.5391
356,2012-10-29,2012-11-10,2015-04-23,27289,4,SO50341,1,2071.4196,2071.4196,0,1117.8559,2071.4196,165.7136,51.7855
360,2012-10-29,2012-11-10,2015-04-24,27425,4,SO50342,1,2049.0982,2049.0982,0,1105.81,2049.0982,163.9279,51.2275
377,2012-10-29,2012-11-10,2015-04-25,26310,6,SO50343,1,2181.5625,2181.5625,0,1320.6838,2181.5625,174.525,54.5391
337,2012-10-29,2012-11-10,2015-04-26,15937,1,SO50344,1,782.99,782.99,0,486.7066,782.99,62.6392,19.5748
354,2012-10-29,2012-11-10,2015-04-27,15225,9,SO50345,1,2071.4196,2071.4196,0,1117.8559,2071.4196,165.7136,51.7855
354,2012-10-29,2012-11-10,2015-04-28,15575,9,SO50346,1,2071.4196,2071.4196,0,1117.8559,2071.4196,165.7136,51.7855
356,2012-10-28,2012-11-09,2015-04-29,27447,4,SO50323,1,2071.4196,2071.4196,0,1117.8559,2071.4196,165.7136,51.7855
377,2012-10-28,2012-11-09,2015-04-30,18158,10,SO50324,1,2181.5625,2181.5625,0,1320.6838,2181.5625,174.525,54.5391
356,2012-10-28,2012-11-09,2015-05-01,27291,1,SO50325,1,2071.4196,2071.4196,0,1117.8559,2071.4196,165.7136,51.7855
354,2012-10-28,2012-11-09,2015-05-02,21620,6,SO50326,1,2071.4196,2071.4196,0,1117.8559,2071.4196,165.7136,51.7855
343,2012-10-28,2012-11-09,2015-05-03,21130,10,SO50327,1,782.99,782.99,0,486.7066,782.99,62.6392,19.5748
356,2012-10-28,2012-11-09,2015-05-04,11401,7,SO50328,1,2071.4196,2071.4196,0,1117.8559,2071.4196,165.7136,51.7855
354,2012-10-28,2012-11-09,2015-05-05,11403,7,SO50329,1,2071.4196,2071.4196,0,1117.8559,2071.4196,165.7136,51.7855
323,2012-10-28,2012-11-09,2015-05-06,15892,1,SO50330,1,782.99,782.99,0,486.7066,782.99,62.6392,19.5748
329,2012-10-28,2012-11-09,2015-05-07,15915,4,SO50331,1,782.99,782.99,0,486.7066,782.99,62.6392,19.5748
385,2012-10-28,2012-11-09,2015-05-08,25222,9,SO50332,1,1000.4375,1000.4375,0,605.6492,1000.4375,80.035,25.0109
352,2012-10-28,2012-11-09,2015-05-09,15580,9,SO50333,1,2071.4196,2071.4196,0,1117.8559,2071.4196,165.7136,51.7855
360,2012-10-28,2012-11-09,2015-05-10,15595,9,SO50334,1,2049.0982,2049.0982,0,1105.81,2049.0982,163.9279,51.2275
356,2012-10-28,2012-11-09,2015-05-11,15648,9,SO50335,1,2071.4196,2071.4196,0,1117.8559,2071.4196,165.7136,51.7855
354,2012-10-27,2012-11-08,2015-05-12,27257,4,SO50178,1,2071.4196,2071.4196,0,1117.8559,2071.4196,165.7136,51.7855
377,2012-10-27,2012-11-08,2015-05-13,17769,8,SO50179,1,2181.5625,2181.5625,0,1320.6838,2181.5625,174.525,54.5391
369,2012-10-27,2012-11-08,2015-05-14,17777,8,SO50180,1,2443.35,2443.35,0,1518.7864,2443.35,195.468,61.0838
385,2012-10-27,2012-11-08,2015-05-15,19257,8,SO50181,1,1000.4375,1000.4375,0,605.6492,1000.4375,80.035,25.0109
325,2012-10-27,2012-11-08,2015-05-16,21067,10,SO50182,1,782.99,782.99,0,486.7066,782.99,62.6392,19.5748
329,2012-10-27,2012-11-08,2015-05-17,20912,8,SO50183,1,782.99,782.99,0,486.7066,782.99,62.6392,19.5748
360,2012-10-27,2012-11-08,2015-05-18,11340,7,SO50184,1,2049.0982,2049.0982,0,1105.81,2049.0982,163.9279,51.2275
360,2012-10-27,2012-11-08,2015-05-19,12657,8,SO50185,1,2049.0982,2049.0982,0,1105.81,2049.0982,163.9279,51.2275
385,2012-10-27,2012-11-08,2015-05-20,14412,1,SO50186,1,1000.4375,1000.4375,0,605.6492,1000.4375,80.035,25.0109
360,2012-10-27,2012-11-08,2015-05-21,15150,9,SO50187,1,2049.0982,2049.0982,0,1105.81,2049.0982,163.9279,51.2275
329,2012-10-27,2012-11-08,2015-05-22,26922,9,SO50188,1,782.99,782.99,0,486.7066,782.99,62.6392,19.5748
375,2012-10-26,2012-11-07,2015-05-23,16288,7,SO50171,1,2181.5625,2181.5625,0,1320.6838,2181.5625,174.525,54.5391
383,2012-10-26,2012-11-07,2015-05-24,17773,7,SO50172,1,1000.4375,1000.4375,0,605.6492,1000.4375,80.035,25.0109
385,2012-10-26,2012-11-07,2015-05-25,25121,9,SO50173,1,1000.4375,1000.4375,0,605.6492,1000.4375,80.035,25.0109
373,2012-10-26,2012-11-07,2015-05-26,24168,9,SO50174,1,2181.5625,2181.5625,0,1320.6838,2181.5625,174.525,54.5391
371,2012-10-26,2012-11-07,2015-05-27,24178,9,SO50175,1,2181.5625,2181.5625,0,1320.6838,2181.5625,174.525,54.5391
371,2012-10-26,2012-11-07,2015-05-28,16273,7,SO50176,1,2181.5625,2181.5625,0,1320.6838,2181.5625,174.525,54.5391
323,2012-10-26,2012-11-07,2015-05-29,26795,9,SO50177,1,782.99,782.99,0,486.7066,782.99,62.6392,19.5748
354,2012-10-25,2012-11-06,2015-05-30,27250,1,SO50163,1,2071.4196,2071.4196,0,1117.8559,2071.4196,165.7136,51.7855
377,2012-10-25,2012-11-06,2015-05-31,17765,8,SO50164,1,2181.5625,2181.5625,0,1320.6838,2181.5625,174.525,54.5391
379,2012-10-25,2012-11-06,2015-06-01,17977,10,SO50165,1,2181.5625,2181.5625,0,1320.6838,2181.5625,174.525,54.5391
385,2012-10-25,2012-11-06,2015-06-02,19467,10,SO50166,1,1000.4375,1000.4375,0,605.6492,1000.4375,80.035,25.0109
371,2012-10-25,2012-11-06,2015-06-03,13905,4,SO50167,1,2181.5625,2181.5625,0,1320.6838,2181.5625,174.525,54.5391
356,2012-10-25,2012-11-06,2015-06-04,15033,9,SO50168,1,2071.4196,2071.4196,0,1117.8559,2071.4196,165.7136,51.7855
356,2012-10-25,2012-11-06,2015-06-05,15041,9,SO50169,1,2071.4196,2071.4196,0,1117.8559,2071.4196,165.7136,51.7855
371,2012-10-25,2012-11-06,2015-06-06,24257,9,SO50170,1,2181.5625,2181.5625,0,1320.6838,2181.5625,174.525,54.5391
371,2012-10-24,2012-11-05,2015-06-07,17768,8,SO50152,1,2181.5625,2181.5625,0,1320.6838,2181.5625,174.525,54.5391
335,2012-10-24,2012-11-05,2015-06-08,21092,10,SO50153,1,782.99,782.99,0,486.7066,782.99,62.6392,19.5748
373,2012-10-24,2012-11-05,2015-06-09,13904,4,SO50154,1,2181.5625,2181.5625,0,1320.6838,2181.5625,174.525,54.5391
356,2012-10-24,2012-11-05,2015-06-10,15030,9,SO50155,1,2071.4196,2071.4196,0,1117.8559,2071.4196,165.7136,51.7855
358,2012-10-24,2012-11-05,2015-06-11,15038,9,SO50156,1,2049.0982,2049.0982,0,1105.81,2049.0982,163.9279,51.2275
356,2012-10-24,2012-11-05,2015-06-12,15121,9,SO50157,1,2071.4196,2071.4196,0,1117.8559,2071.4196,165.7136,51.7855
352,2012-10-24,2012-11-05,2015-06-13,15133,9,SO50158,1,2071.4196,2071.4196,0,1117.8559,2071.4196,165.7136,51.7855
370,2012-10-24,2012-11-05,2015-06-14,24165,9,SO50159,1,2443.35,2443.35,0,1518.7864,2443.35,195.468,61.0838
321,2012-10-24,2012-11-05,2015-06-15,15873,4,SO50160,1,782.99,782.99,0,486.7066,782.99,62.6392,19.5748
377,2012-10-24,2012-11-05,2015-06-16,24247,9,SO50161,1,2181.5625,2181.5625,0,1320.6838,2181.5625,174.525,54.5391
321,2012-10-24,2012-11-05,2015-06-17,26918,9,SO50162,1,782.99,782.99,0,486.7066,782.99,62.6392,19.5748
360,2012-10-23,2012-11-04,2015-06-18,27205,4,SO50143,1,2049.0982,2049.0982,0,1105.81,2049.0982,163.9279,51.2275
389,2012-10-23,2012-11-04,2015-06-19,19459,10,SO50144,1,1000.4375,1000.4375,0,605.6492,1000.4375,80.035,25.0109
387,2012-10-23,2012-11-04,2015-06-20,19283,8,SO50145,1,1000.4375,1000.4375,0,605.6492,1000.4375,80.035,25.0109
377,2012-10-23,2012-11-04,2015-06-21,13897,1,SO50146,1,2181.5625,2181.5625,0,1320.6838,2181.5625,174.525,54.5391
321,2012-10-23,2012-11-04,2015-06-22,27429,6,SO50147,1,782.99,782.99,0,486.7066,782.99,62.6392,19.5748
329,2012-10-23,2012-11-04,2015-06-23,15771,1,SO50148,1,782.99,782.99,0,486.7066,782.99,62.6392,19.5748
354,2012-10-23,2012-11-04,2015-06-24,15134,9,SO50149,1,2071.4196,2071.4196,0,1117.8559,2071.4196,165.7136,51.7855
339,2012-10-23,2012-11-04,2015-06-25,26919,9,SO50150,1,782.99,782.99,0,486.7066,782.99,62.6392,19.5748
335,2012-10-23,2012-11-04,2015-06-26,26967,9,SO50151,1,782.99,782.99,0,486.7066,782.99,62.6392,19.5748
352,2012-10-22,2012-11-03,2015-06-27,27227,4,SO50128,1,2071.4196,2071.4196,0,1117.8559,2071.4196,165.7136,51.7855
379,2012-10-22,2012-11-03,2015-06-28,17990,10,SO50129,1,2181.5625,2181.5625,0,1320.6838,2181.5625,174.525,54.5391
383,2012-10-22,2012-11-03,2015-06-29,19284,8,SO50130,1,1000.4375,1000.4375,0,605.6492,1000.4375,80.035,25.0109
327,2012-10-22,2012-11-03,2015-06-30,19426,7,SO50131,1,782.99,782.99,0,486.7066,782.99,62.6392,19.5748
337,2012-10-22,2012-11-03,2015-07-01,21053,10,SO50132,1,782.99,782.99,0,486.7066,782.99,62.6392,19.5748
362,2012-10-22,2012-11-03,2015-07-02,11345,7,SO50133,1,2049.0982,2049.0982,0,1105.81,2049.0982,163.9279,51.2275
354,2012-10-22,2012-11-03,2015-07-03,15028,9,SO50134,1,2071.4196,2071.4196,0,1117.8559,2071.4196,165.7136,51.7855
354,2012-10-22,2012-11-03,2015-07-04,15037,9,SO50135,1,2071.4196,2071.4196,0,1117.8559,2071.4196,165.7136,51.7855
321,2012-10-22,2012-11-03,2015-07-05,15845,1,SO50136,1,782.99,782.99,0,486.7066,782.99,62.6392,19.5748
341,2012-10-22,2012-11-03,2015-07-06,15865,4,SO50137,1,782.99,782.99,0,486.7066,782.99,62.6392,19.5748
389,2012-10-22,2012-11-03,2015-07-07,14413,4,SO50138,1,1000.4375,1000.4375,0,605.6492,1000.4375,80.035,25.0109
352,2012-10-22,2012-11-03,2015-07-08,15182,9,SO50139,1,2071.4196,2071.4196,0,1117.8559,2071.4196,165.7136,51.7855
368,2012-10-22,2012-11-03,2015-07-09,24161,9,SO50140,1,2443.35,2443.35,0,1518.7864,2443.35,195.468,61.0838
369,2012-10-22,2012-11-03,2015-07-10,24179,9,SO50141,1,2443.35,2443.35,0,1518.7864,2443.35,195.468,61.0838
323,2012-10-22,2012-11-03,2015-07-11,26920,9,SO50142,1,782.99,782.99,0,486.7066,782.99,62.6392,19.5748
358,2012-10-21,2012-11-02,2015-07-12,27235,1,SO50113,1,2049.0982,2049.0982,0,1105.81,2049.0982,163.9279,51.2275
356,2012-10-21,2012-11-02,2015-07-13,27256,1,SO50114,1,2071.4196,2071.4196,0,1117.8559,2071.4196,165.7136,51.7855
373,2012-10-21,2012-11-02,2015-07-14,17764,8,SO50115,1,2181.5625,2181.5625,0,1320.6838,2181.5625,174.525,54.5391
377,2012-10-21,2012-11-02,2015-07-15,17825,8,SO50116,1,2181.5625,2181.5625,0,1320.6838,2181.5625,174.525,54.5391
375,2012-10-21,2012-11-02,2015-07-16,17893,8,SO50117,1,2181.5625,2181.5625,0,1320.6838,2181.5625,174.525,54.5391
321,2012-10-21,2012-11-02,2015-07-17,21044,10,SO50118,1,782.99,782.99,0,486.7066,782.99,62.6392,19.5748
377,2012-10-21,2012-11-02,2015-07-18,13907,1,SO50119,1,2181.5625,2181.5625,0,1320.6838,2181.5625,174.525,54.5391
352,2012-10-21,2012-11-02,2015-07-19,15040,9,SO50120,1,2071.4196,2071.4196,0,1117.8559,2071.4196,165.7136,51.7855
354,2012-10-21,2012-11-02,2015-07-20,15042,9,SO50121,1,2071.4196,2071.4196,0,1117.8559,2071.4196,165.7136,51.7855
341,2012-10-21,2012-11-02,2015-07-21,15844,4,SO50122,1,782.99,782.99,0,486.7066,782.99,62.6392,19.5748
331,2012-10-21,2012-11-02,2015-07-22,15778,1,SO50123,1,782.99,782.99,0,486.7066,782.99,62.6392,19.5748
352,2012-10-21,2012-11-02,2015-07-23,27114,4,SO50124,1,2071.4196,2071.4196,0,1117.8559,2071.4196,165.7136,51.7855
358,2012-10-21,2012-11-02,2015-07-24,15209,9,SO50125,1,2049.0982,2049.0982,0,1105.81,2049.0982,163.9279,51.2275
356,2012-10-21,2012-11-02,2015-07-25,15135,9,SO50126,1,2071.4196,2071.4196,0,1117.8559,2071.4196,165.7136,51.7855
370,2012-10-21,2012-11-02,2015-07-26,24176,9,SO50127,1,2443.35,2443.35,0,1518.7864,2443.35,195.468,61.0838
360,2012-10-20,2012-11-01,2015-07-27,27254,1,SO50107,1,2049.0982,2049.0982,0,1105.81,2049.0982,163.9279,51.2275
373,2012-10-20,2012-11-01,2015-07-28,17974,10,SO50108,1,2181.5625,2181.5625,0,1320.6838,2181.5625,174.525,54.5391
373,2012-10-20,2012-11-01,2015-07-29,16268,7,SO50109,1,2181.5625,2181.5625,0,1320.6838,2181.5625,174.525,54.5391
325,2012-10-20,2012-11-01,2015-07-30,19441,7,SO50110,1,782.99,782.99,0,486.7066,782.99,62.6392,19.5748
377,2012-10-20,2012-11-01,2015-07-31,24250,9,SO50111,1,2181.5625,2181.5625,0,1320.6838,2181.5625,174.525,54.5391
329,2012-10-20,2012-11-01,2015-08-01,26917,9,SO50112,1,782.99,782.99,0,486.7066,782.99,62.6392,19.5748
369,2012-10-19,2012-10-31,2015-08-02,16310,7,SO50101,1,2443.35,2443.35,0,1518.7864,2443.35,195.468,61.0838
370,2012-10-19,2012-10-31,2015-08-03,13898,1,SO50102,1,2443.35,2443.35,0,1518.7864,2443.35,195.468,61.0838
323,2012-10-19,2012-10-31,2015-08-04,15827,1,SO50103,1,782.99,782.99,0,486.7066,782.99,62.6392,19.5748
385,2012-10-19,2012-10-31,2015-08-05,14394,1,SO50104,1,1000.4375,1000.4375,0,605.6492,1000.4375,80.035,25.0109
389,2012-10-19,2012-10-31,2015-08-06,25113,9,SO50105,1,1000.4375,1000.4375,0,605.6492,1000.4375,80.035,25.0109
343,2012-10-19,2012-10-31,2015-08-07,27299,9,SO50106,1,782.99,782.99,0,486.7066,782.99,62.6392,19.5748
377,2012-10-18,2012-10-30,2015-08-08,17978,10,SO50096,1,2181.5625,2181.5625,0,1320.6838,2181.5625,174.525,54.5391
323,2012-10-18,2012-10-30,2015-08-09,19447,7,SO50097,1,782.99,782.99,0,486.7066,782.99,62.6392,19.5748
331,2012-10-18,2012-10-30,2015-08-10,15843,1,SO50098,1,782.99,782.99,0,486.7066,782.99,62.6392,19.5748
321,2012-10-18,2012-10-30,2015-08-11,15852,4,SO50099,1,782.99,782.99,0,486.7066,782.99,62.6392,19.5748
385,2012-10-18,2012-10-30,2015-08-12,14385,1,SO50100,1,1000.4375,1000.4375,0,605.6492,1000.4375,80.035,25.0109
358,2012-10-17,2012-10-29,2015-08-13,21613,6,SO50087,1,2049.0982,2049.0982,0,1105.81,2049.0982,163.9279,51.2275
379,2012-10-17,2012-10-29,2015-08-14,16393,7,SO50088,1,2181.5625,2181.5625,0,1320.6838,2181.5625,174.525,54.5391
389,2012-10-17,2012-10-29,2015-08-15,17778,7,SO50089,1,1000.4375,1000.4375,0,605.6492,1000.4375,80.035,25.0109
327,2012-10-17,2012-10-29,2015-08-16,19423,7,SO50090,1,782.99,782.99,0,486.7066,782.99,62.6392,19.5748
335,2012-10-17,2012-10-29,2015-08-17,19436,7,SO50091,1,782.99,782.99,0,486.7066,782.99,62.6392,19.5748
354,2012-10-17,2012-10-29,2015-08-18,11378,7,SO50092,1,2071.4196,2071.4196,0,1117.8559,2071.4196,165.7136,51.7855
321,2012-10-17,2012-10-29,2015-08-19,15781,4,SO50093,1,782.99,782.99,0,486.7066,782.99,62.6392,19.5748
352,2012-10-17,2012-10-29,2015-08-20,15184,9,SO50094,1,2071.4196,2071.4196,0,1117.8559,2071.4196,165.7136,51.7855
362,2012-10-17,2012-10-29,2015-08-21,15178,9,SO50095,1,2049.0982,2049.0982,0,1105.81,2049.0982,163.9279,51.2275
354,2012-10-16,2012-10-28,2015-08-22,27239,4,SO50080,1,2071.4196,2071.4196,0,1117.8559,2071.4196,165.7136,51.7855
341,2012-10-16,2012-10-28,2015-08-23,19434,7,SO50081,1,782.99,782.99,0,486.7066,782.99,62.6392,19.5748
325,2012-10-16,2012-10-28,2015-08-24,20874,8,SO50082,1,782.99,782.99,0,486.7066,782.99,62.6392,19.5748
333,2012-10-16,2012-10-28,2015-08-25,19446,7,SO50083,1,782.99,782.99,0,486.7066,782.99,62.6392,19.5748
362,2012-10-16,2012-10-28,2015-08-26,12548,8,SO50084,1,2049.0982,2049.0982,0,1105.81,2049.0982,163.9279,51.2275
373,2012-10-16,2012-10-28,2015-08-27,24164,9,SO50085,1,2181.5625,2181.5625,0,1320.6838,2181.5625,174.525,54.5391
368,2012-10-16,2012-10-28,2015-08-28,24174,9,SO50086,1,2443.35,2443.35,0,1518.7864,2443.35,195.468,61.0838
371,2012-10-15,2012-10-27,2015-08-29,17972,10,SO50069,1,2181.5625,2181.5625,0,1320.6838,2181.5625,174.525,54.5391
358,2012-10-15,2012-10-27,2015-08-30,12624,8,SO50070,1,2049.0982,2049.0982,0,1105.81,2049.0982,163.9279,51.2275
362,2012-10-15,2012-10-27,2015-08-31,12853,10,SO50071,1,2049.0982,2049.0982,0,1105.81,2049.0982,163.9279,51.2275
362,2012-10-15,2012-10-27,2015-09-01,15036,9,SO50072,1,2049.0982,2049.0982,0,1105.81,2049.0982,163.9279,51.2275
339,2012-10-15,2012-10-27,2015-09-02,15862,4,SO50073,1,782.99,782.99,0,486.7066,782.99,62.6392,19.5748
356,2012-10-15,2012-10-27,2015-09-03,27117,1,SO50074,1,2071.4196,2071.4196,0,1117.8559,2071.4196,165.7136,51.7855
356,2012-10-15,2012-10-27,2015-09-04,15170,9,SO50075,1,2071.4196,2071.4196,0,1117.8559,2071.4196,165.7136,51.7855
379,2012-10-15,2012-10-27,2015-09-05,24169,9,SO50076,1,2181.5625,2181.5625,0,1320.6838,2181.5625,174.525,54.5391
368,2012-10-15,2012-10-27,2015-09-06,24244,9,SO50077,1,2443.35,2443.35,0,1518.7864,2443.35,195.468,61.0838
370,2012-10-15,2012-10-27,2015-09-07,24251,9,SO50078,1,2443.35,2443.35,0,1518.7864,2443.35,195.468,61.0838
379,2012-10-15,2012-10-27,2015-09-08,24252,9,SO50079,1,2181.5625,2181.5625,0,1320.6838,2181.5625,174.525,54.5391
371,2012-10-14,2012-10-26,2015-09-09,17811,8,SO50053,1,2181.5625,2181.5625,0,1320.6838,2181.5625,174.525,54.5391
369,2012-10-14,2012-10-26,2015-09-10,16412,7,SO50054,1,2443.35,2443.35,0,1518.7864,2443.35,195.468,61.0838
383,2012-10-14,2012-10-26,2015-09-11,19479,10,SO50055,1,1000.4375,1000.4375,0,605.6492,1000.4375,80.035,25.0109
325,2012-10-14,2012-10-26,2015-09-12,15842,1,SO50056,1,782.99,782.99,0,486.7066,782.99,62.6392,19.5748
323,2012-10-14,2012-10-26,2015-09-13,15834,1,SO50057,1,782.99,782.99,0,486.7066,782.99,62.6392,19.5748
381,2012-10-14,2012-10-26,2015-09-14,14414,4,SO50058,1,1000.4375,1000.4375,0,605.6492,1000.4375,80.035,25.0109
385,2012-10-14,2012-10-26,2015-09-15,14415,4,SO50059,1,1000.4375,1000.4375,0,605.6492,1000.4375,80.035,25.0109
362,2012-10-14,2012-10-26,2015-09-16,15151,9,SO50060,1,2049.0982,2049.0982,0,1105.81,2049.0982,163.9279,51.2275
377,2012-10-14,2012-10-26,2015-09-17,24166,9,SO50061,1,2181.5625,2181.5625,0,1320.6838,2181.5625,174.525,54.5391
373,2012-10-14,2012-10-26,2015-09-18,24172,9,SO50062,1,2181.5625,2181.5625,0,1320.6838,2181.5625,174.525,54.5391
371,2012-10-14,2012-10-26,2015-09-19,24175,9,SO50063,1,2181.5625,2181.5625,0,1320.6838,2181.5625,174.525,54.5391
377,2012-10-14,2012-10-26,2015-09-20,24271,9,SO50064,1,2181.5625,2181.5625,0,1320.6838,2181.5625,174.525,54.5391
358,2012-10-14,2012-10-26,2015-09-21,15044,9,SO50065,1,2049.0982,2049.0982,0,1105.81,2049.0982,163.9279,51.2275
377,2012-10-14,2012-10-26,2015-09-22,24242,9,SO50066,1,2181.5625,2181.5625,0,1320.6838,2181.5625,174.525,54.5391
341,2012-10-14,2012-10-26,2015-09-23,26923,9,SO50067,1,782.99,782.99,0,486.7066,782.99,62.6392,19.5748
339,2012-10-14,2012-10-26,2015-09-24,26797,9,SO50068,1,782.99,782.99,0,486.7066,782.99,62.6392,19.5748
370,2012-10-13,2012-10-25,2015-09-25,16404,7,SO50046,1,2443.35,2443.35,0,1518.7864,2443.35,195.468,61.0838
375,2012-10-13,2012-10-25,2015-09-26,16408,7,SO50047,1,2181.5625,2181.5625,0,1320.6838,2181.5625,174.525,54.5391
389,2012-10-13,2012-10-25,2015-09-27,19197,8,SO50048,1,1000.4375,1000.4375,0,605.6492,1000.4375,80.035,25.0109
354,2012-10-13,2012-10-25,2015-09-28,12745,10,SO50049,1,2071.4196,2071.4196,0,1117.8559,2071.4196,165.7136,51.7855
356,2012-10-13,2012-10-25,2015-09-29,15035,9,SO50050,1,2071.4196,2071.4196,0,1117.8559,2071.4196,165.7136,51.7855
356,2012-10-13,2012-10-25,2015-09-30,15127,9,SO50051,1,2071.4196,2071.4196,0,1117.8559,2071.4196,165.7136,51.7855
352,2012-10-13,2012-10-25,2015-10-01,27206,4,SO50052,1,2071.4196,2071.4196,0,1117.8559,2071.4196,165.7136,51.7855
356,2012-10-12,2012-10-24,2015-10-02,27212,4,SO50036,1,2071.4196,2071.4196,0,1117.8559,2071.4196,165.7136,51.7855
379,2012-10-12,2012-10-24,2015-10-03,16289,7,SO50037,1,2181.5625,2181.5625,0,1320.6838,2181.5625,174.525,54.5391
379,2012-10-12,2012-10-24,2015-10-04,17784,8,SO50038,1,2181.5625,2181.5625,0,1320.6838,2181.5625,174.525,54.5391
369,2012-10-12,2012-10-24,2015-10-05,18000,10,SO50039,1,2443.35,2443.35,0,1518.7864,2443.35,195.468,61.0838
354,2012-10-12,2012-10-24,2015-10-06,15043,9,SO50040,1,2071.4196,2071.4196,0,1117.8559,2071.4196,165.7136,51.7855
341,2012-10-12,2012-10-24,2015-10-07,15841,4,SO50041,1,782.99,782.99,0,486.7066,782.99,62.6392,19.5748
327,2012-10-12,2012-10-24,2015-10-08,15770,4,SO50042,1,782.99,782.99,0,486.7066,782.99,62.6392,19.5748
385,2012-10-12,2012-10-24,2015-10-09,14398,1,SO50043,1,1000.4375,1000.4375,0,605.6492,1000.4375,80.035,25.0109
368,2012-10-12,2012-10-24,2015-10-10,24162,9,SO50044,1,2443.35,2443.35,0,1518.7864,2443.35,195.468,61.0838
327,2012-10-12,2012-10-24,2015-10-11,26924,9,SO50045,1,782.99,782.99,0,486.7066,782.99,62.6392,19.5748
356,2012-10-11,2012-10-23,2015-10-12,27195,4,SO50029,1,2071.4196,2071.4196,0,1117.8559,2071.4196,165.7136,51.7855
352,2012-10-11,2012-10-23,2015-10-13,27234,1,SO50030,1,2071.4196,2071.4196,0,1117.8559,2071.4196,165.7136,51.7855
343,2012-10-11,2012-10-23,2015-10-14,19421,7,SO50031,1,782.99,782.99,0,486.7066,782.99,62.6392,19.5748
369,2012-10-11,2012-10-23,2015-10-15,13896,1,SO50032,1,2443.35,2443.35,0,1518.7864,2443.35,195.468,61.0838
356,2012-10-11,2012-10-23,2015-10-16,12713,8,SO50033,1,2071.4196,2071.4196,0,1117.8559,2071.4196,165.7136,51.7855
354,2012-10-11,2012-10-23,2015-10-17,15129,9,SO50034,1,2071.4196,2071.4196,0,1117.8559,2071.4196,165.7136,51.7855
373,2012-10-11,2012-10-23,2015-10-18,24270,9,SO50035,1,2181.5625,2181.5625,0,1320.6838,2181.5625,174.525,54.5391
358,2012-10-10,2012-10-22,2015-10-19,27232,1,SO50011,1,2049.0982,2049.0982,0,1105.81,2049.0982,163.9279,51.2275
358,2012-10-10,2012-10-22,2015-10-20,27255,1,SO50012,1,2049.0982,2049.0982,0,1105.81,2049.0982,163.9279,51.2275
379,2012-10-10,2012-10-22,2015-10-21,17979,10,SO50013,1,2181.5625,2181.5625,0,1320.6838,2181.5625,174.525,54.5391
369,2012-10-10,2012-10-22,2015-10-22,17833,8,SO50014,1,2443.35,2443.35,0,1518.7864,2443.35,195.468,61.0838
381,2012-10-10,2012-10-22,2015-10-23,19254,8,SO50015,1,1000.4375,1000.4375,0,605.6492,1000.4375,80.035,25.0109
333,2012-10-10,2012-10-22,2015-10-24,20870,8,SO50016,1,782.99,782.99,0,486.7066,782.99,62.6392,19.5748
327,2012-10-10,2012-10-22,2015-10-25,21056,10,SO50017,1,782.99,782.99,0,486.7066,782.99,62.6392,19.5748
321,2012-10-10,2012-10-22,2015-10-26,20876,8,SO50018,1,782.99,782.99,0,486.7066,782.99,62.6392,19.5748
375,2012-10-10,2012-10-22,2015-10-27,26235,6,SO50019,1,2181.5625,2181.5625,0,1320.6838,2181.5625,174.525,54.5391
362,2012-10-10,2012-10-22,2015-10-28,12738,8,SO50020,1,2049.0982,2049.0982,0,1105.81,2049.0982,163.9279,51.2275
362,2012-10-10,2012-10-22,2015-10-29,12839,10,SO50021,1,2049.0982,2049.0982,0,1105.81,2049.0982,163.9279,51.2275
358,2012-10-10,2012-10-22,2015-10-30,12712,8,SO50022,1,2049.0982,2049.0982,0,1105.81,2049.0982,163.9279,51.2275
341,2012-10-10,2012-10-22,2015-10-31,15780,4,SO50023,1,782.99,782.99,0,486.7066,782.99,62.6392,19.5748
329,2012-10-10,2012-10-22,2015-11-01,27406,6,SO50024,1,782.99,782.99,0,486.7066,782.99,62.6392,19.5748
387,2012-10-10,2012-10-22,2015-11-02,14386,4,SO50025,1,1000.4375,1000.4375,0,605.6492,1000.4375,80.035,25.0109
356,2012-10-10,2012-10-22,2015-11-03,15205,9,SO50026,1,2071.4196,2071.4196,0,1117.8559,2071.4196,165.7136,51.7855
371,2012-10-10,2012-10-22,2015-11-04,24272,9,SO50027,1,2181.5625,2181.5625,0,1320.6838,2181.5625,174.525,54.5391
379,2012-10-10,2012-10-22,2015-11-05,24273,9,SO50028,1,2181.5625,2181.5625,0,1320.6838,2181.5625,174.525,54.5391
354,2012-10-09,2012-10-21,2015-11-06,27228,1,SO50004,1,2071.4196,2071.4196,0,1117.8559,2071.4196,165.7136,51.7855
371,2012-10-09,2012-10-21,2015-11-07,17848,8,SO50005,1,2181.5625,2181.5625,0,1320.6838,2181.5625,174.525,54.5391
333,2012-10-09,2012-10-21,2015-11-08,20896,8,SO50006,1,782.99,782.99,0,486.7066,782.99,62.6392,19.5748
354,2012-10-09,2012-10-21,2015-11-09,15181,9,SO50007,1,2071.4196,2071.4196,0,1117.8559,2071.4196,165.7136,51.7855
356,2012-10-09,2012-10-21,2015-11-10,15122,9,SO50008,1,2071.4196,2071.4196,0,1117.8559,2071.4196,165.7136,51.7855
389,2012-10-09,2012-10-21,2015-11-11,25111,9,SO50009,1,1000.4375,1000.4375,0,605.6492,1000.4375,80.035,25.0109
369,2012-10-09,2012-10-21,2015-11-12,24171,9,SO50010,1,2443.35,2443.35,0,1518.7864,2443.35,195.468,61.0838
356,2012-10-08,2012-10-20,2015-11-13,27211,1,SO49991,1,2071.4196,2071.4196,0,1117.8559,2071.4196,165.7136,51.7855
358,2012-10-08,2012-10-20,2015-11-14,27240,1,SO49992,1,2049.0982,2049.0982,0,1105.81,2049.0982,163.9279,51.2275
369,2012-10-08,2012-10-20,2015-11-15,17781,8,SO49993,1,2443.35,2443.35,0,1518.7864,2443.35,195.468,61.0838
379,2012-10-08,2012-10-20,2015-11-16,17799,8,SO49994,1,2181.5625,2181.5625,0,1320.6838,2181.5625,174.525,54.5391
331,2012-10-08,2012-10-20,2015-11-17,21060,10,SO49995,1,782.99,782.99,0,486.7066,782.99,62.6392,19.5748
362,2012-10-08,2012-10-20,2015-11-18,12735,8,SO49996,1,2049.0982,2049.0982,0,1105.81,2049.0982,163.9279,51.2275
356,2012-10-08,2012-10-20,2015-11-19,12736,8,SO49997,1,2071.4196,2071.4196,0,1117.8559,2071.4196,165.7136,51.7855
362,2012-10-08,2012-10-20,2015-11-20,12808,10,SO49998,1,2049.0982,2049.0982,0,1105.81,2049.0982,163.9279,51.2275
385,2012-10-08,2012-10-20,2015-11-21,14392,1,SO49999,1,1000.4375,1000.4375,0,605.6492,1000.4375,80.035,25.0109
352,2012-10-08,2012-10-20,2015-11-22,27116,1,SO50000,1,2071.4196,2071.4196,0,1117.8559,2071.4196,165.7136,51.7855
352,2012-10-08,2012-10-20,2015-11-23,15183,9,SO50001,1,2071.4196,2071.4196,0,1117.8559,2071.4196,165.7136,51.7855
368,2012-10-08,2012-10-20,2015-11-24,24170,9,SO50002,1,2443.35,2443.35,0,1518.7864,2443.35,195.468,61.0838
337,2012-10-08,2012-10-20,2015-11-25,26796,9,SO50003,1,782.99,782.99,0,486.7066,782.99,62.6392,19.5748
360,2012-10-07,2012-10-19,2015-11-26,11339,7,SO49985,1,2049.0982,2049.0982,0,1105.81,2049.0982,163.9279,51.2275
362,2012-10-07,2012-10-19,2015-11-27,21582,6,SO49986,1,2049.0982,2049.0982,0,1105.81,2049.0982,163.9279,51.2275
362,2012-10-07,2012-10-19,2015-11-28,15204,9,SO49987,1,2049.0982,2049.0982,0,1105.81,2049.0982,163.9279,51.2275
362,2012-10-07,2012-10-19,2015-11-29,15120,9,SO49988,1,2049.0982,2049.0982,0,1105.81,2049.0982,163.9279,51.2275
358,2012-10-07,2012-10-19,2015-11-30,15130,9,SO49989,1,2049.0982,2049.0982,0,1105.81,2049.0982,163.9279,51.2275
356,2012-10-07,2012-10-19,2015-12-01,15180,9,SO49990,1,2071.4196,2071.4196,0,1117.8559,2071.4196,165.7136,51.7855
370,2012-10-06,2012-10-18,2015-12-02,16291,7,SO49975,1,2443.35,2443.35,0,1518.7864,2443.35,195.468,61.0838
375,2012-10-06,2012-10-18,2015-12-03,13906,1,SO49976,1,2181.5625,2181.5625,0,1320.6838,2181.5625,174.525,54.5391
377,2012-10-06,2012-10-18,2015-12-04,13910,1,SO49977,1,2181.5625,2181.5625,0,1320.6838,2181.5625,174.525,54.5391
352,2012-10-06,2012-10-18,2015-12-05,12546,8,SO49978,1,2071.4196,2071.4196,0,1117.8559,2071.4196,165.7136,51.7855
352,2012-10-06,2012-10-18,2015-12-06,12855,10,SO49979,1,2071.4196,2071.4196,0,1117.8559,2071.4196,165.7136,51.7855
358,2012-10-06,2012-10-18,2015-12-07,15027,9,SO49980,1,2049.0982,2049.0982,0,1105.81,2049.0982,163.9279,51.2275
362,2012-10-06,2012-10-18,2015-12-08,15032,9,SO49981,1,2049.0982,2049.0982,0,1105.81,2049.0982,163.9279,51.2275
383,2012-10-06,2012-10-18,2015-12-09,14406,4,SO49982,1,1000.4375,1000.4375,0,605.6492,1000.4375,80.035,25.0109
356,2012-10-06,2012-10-18,2015-12-10,15179,9,SO49983,1,2071.4196,2071.4196,0,1117.8559,2071.4196,165.7136,51.7855
383,2012-10-06,2012-10-18,2015-12-11,25115,9,SO49984,1,1000.4375,1000.4375,0,605.6492,1000.4375,80.035,25.0109
358,2012-10-05,2012-10-17,2015-12-12,27226,1,SO49962,1,2049.0982,2049.0982,0,1105.81,2049.0982,163.9279,51.2275
370,2012-10-05,2012-10-17,2015-12-13,17847,8,SO49963,1,2443.35,2443.35,0,1518.7864,2443.35,195.468,61.0838
377,2012-10-05,2012-10-17,2015-12-14,16394,7,SO49964,1,2181.5625,2181.5625,0,1320.6838,2181.5625,174.525,54.5391
341,2012-10-05,2012-10-17,2015-12-15,21071,10,SO49965,1,782.99,782.99,0,486.7066,782.99,62.6392,19.5748
352,2012-10-05,2012-10-17,2015-12-16,12856,10,SO49966,1,2071.4196,2071.4196,0,1117.8559,2071.4196,165.7136,51.7855
354,2012-10-05,2012-10-17,2015-12-17,12521,8,SO49967,1,2071.4196,2071.4196,0,1117.8559,2071.4196,165.7136,51.7855
354,2012-10-05,2012-10-17,2015-12-18,15029,9,SO49968,1,2071.4196,2071.4196,0,1117.8559,2071.4196,165.7136,51.7855
327,2012-10-05,2012-10-17,2015-12-19,15768,4,SO49969,1,782.99,782.99,0,486.7066,782.99,62.6392,19.5748
327,2012-10-05,2012-10-17,2015-12-20,15769,4,SO49970,1,782.99,782.99,0,486.7066,782.99,62.6392,19.5748
358,2012-10-05,2012-10-17,2015-12-21,15208,9,SO49971,1,2049.0982,2049.0982,0,1105.81,2049.0982,163.9279,51.2275
356,2012-10-05,2012-10-17,2015-12-22,15211,9,SO49972,1,2071.4196,2071.4196,0,1117.8559,2071.4196,165.7136,51.7855
379,2012-10-05,2012-10-17,2015-12-23,24173,9,SO49973,1,2181.5625,2181.5625,0,1320.6838,2181.5625,174.525,54.5391
371,2012-10-05,2012-10-17,2015-12-24,24248,9,SO49974,1,2181.5625,2181.5625,0,1320.6838,2181.5625,174.525,54.5391
360,2012-10-04,2012-10-16,2015-12-25,27231,4,SO49951,1,2049.0982,2049.0982,0,1105.81,2049.0982,163.9279,51.2275
333,2012-10-04,2012-10-16,2015-12-26,15840,1,SO49952,1,782.99,782.99,0,486.7066,782.99,62.6392,19.5748
360,2012-10-04,2012-10-16,2015-12-27,15213,9,SO49953,1,2049.0982,2049.0982,0,1105.81,2049.0982,163.9279,51.2275
360,2012-10-04,2012-10-16,2015-12-28,15144,9,SO49954,1,2049.0982,2049.0982,0,1105.81,2049.0982,163.9279,51.2275
360,2012-10-04,2012-10-16,2015-12-29,15152,9,SO49955,1,2049.0982,2049.0982,0,1105.81,2049.0982,163.9279,51.2275
387,2012-10-04,2012-10-16,2015-12-30,25112,9,SO49956,1,1000.4375,1000.4375,0,605.6492,1000.4375,80.035,25.0109
387,2012-10-04,2012-10-16,2015-12-31,25114,9,SO49957,1,1000.4375,1000.4375,0,605.6492,1000.4375,80.035,25.0109
368,2012-10-04,2012-10-16,2016-01-01,24167,9,SO49958,1,2443.35,2443.35,0,1518.7864,2443.35,195.468,61.0838
368,2012-10-04,2012-10-16,2016-01-02,24241,9,SO49959,1,2443.35,2443.35,0,1518.7864,2443.35,195.468,61.0838
375,2012-10-04,2012-10-16,2016-01-03,24249,9,SO49960,1,2181.5625,2181.5625,0,1320.6838,2181.5625,174.525,54.5391
327,2012-10-04,2012-10-16,2016-01-04,26921,9,SO49961,1,782.99,782.99,0,486.7066,782.99,62.6392,19.5748
371,2012-10-03,2012-10-15,2016-01-05,18021,10,SO49946,1,2181.5625,2181.5625,0,1320.6838,2181.5625,174.525,54.5391
385,2012-10-03,2012-10-15,2016-01-06,19471,10,SO49947,1,1000.4375,1000.4375,0,605.6492,1000.4375,80.035,25.0109
362,2012-10-03,2012-10-15,2016-01-07,15015,9,SO49948,1,2049.0982,2049.0982,0,1105.81,2049.0982,163.9279,51.2275
387,2012-10-03,2012-10-15,2016-01-08,14411,1,SO49949,1,1000.4375,1000.4375,0,605.6492,1000.4375,80.035,25.0109
371,2012-10-03,2012-10-15,2016-01-09,24163,9,SO49950,1,2181.5625,2181.5625,0,1320.6838,2181.5625,174.525,54.5391
360,2012-10-02,2012-10-14,2016-01-10,27201,1,SO49936,1,2049.0982,2049.0982,0,1105.81,2049.0982,163.9279,51.2275
358,2012-10-02,2012-10-14,2016-01-11,27251,4,SO49937,1,2049.0982,2049.0982,0,1105.81,2049.0982,163.9279,51.2275
385,2012-10-02,2012-10-14,2016-01-12,19274,8,SO49938,1,1000.4375,1000.4375,0,605.6492,1000.4375,80.035,25.0109
360,2012-10-02,2012-10-14,2016-01-13,11379,7,SO49939,1,2049.0982,2049.0982,0,1105.81,2049.0982,163.9279,51.2275
354,2012-10-02,2012-10-14,2016-01-14,12859,10,SO49940,1,2071.4196,2071.4196,0,1117.8559,2071.4196,165.7136,51.7855
356,2012-10-02,2012-10-14,2016-01-15,15022,9,SO49941,1,2071.4196,2071.4196,0,1117.8559,2071.4196,165.7136,51.7855
385,2012-10-02,2012-10-14,2016-01-16,14400,4,SO49942,1,1000.4375,1000.4375,0,605.6492,1000.4375,80.035,25.0109
383,2012-10-02,2012-10-14,2016-01-17,14417,1,SO49943,1,1000.4375,1000.4375,0,605.6492,1000.4375,80.035,25.0109
354,2012-10-02,2012-10-14,2016-01-18,15210,9,SO49944,1,2071.4196,2071.4196,0,1117.8559,2071.4196,165.7136,51.7855
389,2012-10-02,2012-10-14,2016-01-19,25119,9,SO49945,1,1000.4375,1000.4375,0,605.6492,1000.4375,80.035,25.0109
362,2012-10-01,2012-10-13,2016-01-20,21595,6,SO49924,1,2049.0982,2049.0982,0,1105.81,2049.0982,163.9279,51.2275
377,2012-10-01,2012-10-13,2016-01-21,16391,7,SO49925,1,2181.5625,2181.5625,0,1320.6838,2181.5625,174.525,54.5391
370,2012-10-01,2012-10-13,2016-01-22,16400,7,SO49926,1,2443.35,2443.35,0,1518.7864,2443.35,195.468,61.0838
387,2012-10-01,2012-10-13,2016-01-23,17775,7,SO49927,1,1000.4375,1000.4375,0,605.6492,1000.4375,80.035,25.0109
321,2012-10-01,2012-10-13,2016-01-24,19442,7,SO49928,1,782.99,782.99,0,486.7066,782.99,62.6392,19.5748
360,2012-10-01,2012-10-13,2016-01-25,11346,7,SO49929,1,2049.0982,2049.0982,0,1105.81,2049.0982,163.9279,51.2275
360,2012-10-01,2012-10-13,2016-01-26,12854,10,SO49930,1,2049.0982,2049.0982,0,1105.81,2049.0982,163.9279,51.2275
331,2012-10-01,2012-10-13,2016-01-27,15860,1,SO49931,1,782.99,782.99,0,486.7066,782.99,62.6392,19.5748
383,2012-10-01,2012-10-13,2016-01-28,14418,1,SO49932,1,1000.4375,1000.4375,0,605.6492,1000.4375,80.035,25.0109
352,2012-10-01,2012-10-13,2016-01-29,15169,9,SO49933,1,2071.4196,2071.4196,0,1117.8559,2071.4196,165.7136,51.7855
379,2012-10-01,2012-10-13,2016-01-30,24266,9,SO49934,1,2181.5625,2181.5625,0,1320.6838,2181.5625,174.525,54.5391
321,2012-10-01,2012-10-13,2016-01-31,26916,9,SO49935,1,782.99,782.99,0,486.7066,782.99,62.6392,19.5748
371,2012-09-30,2012-10-12,2016-02-01,17796,8,SO49919,1,2181.5625,2181.5625,0,1320.6838,2181.5625,174.525,54.5391
387,2012-09-30,2012-10-12,2016-02-02,19477,10,SO49920,1,1000.4375,1000.4375,0,605.6492,1000.4375,80.035,25.0109
379,2012-09-30,2012-10-12,2016-02-03,13911,1,SO49921,1,2181.5625,2181.5625,0,1320.6838,2181.5625,174.525,54.5391
360,2012-09-30,2012-10-12,2016-02-04,15171,9,SO49922,1,2049.0982,2049.0982,0,1105.81,2049.0982,163.9279,51.2275
327,2012-09-30,2012-10-12,2016-02-05,27338,9,SO49923,1,782.99,782.99,0,486.7066,782.99,62.6392,19.5748
360,2012-09-29,2012-10-11,2016-02-06,27193,4,SO49906,1,2049.0982,2049.0982,0,1105.81,2049.0982,163.9279,51.2275
360,2012-09-29,2012-10-11,2016-02-07,21589,6,SO49907,1,2049.0982,2049.0982,0,1105.81,2049.0982,163.9279,51.2275
358,2012-09-29,2012-10-11,2016-02-08,27199,1,SO49908,1,2049.0982,2049.0982,0,1105.81,2049.0982,163.9279,51.2275
368,2012-09-29,2012-10-11,2016-02-09,17981,10,SO49909,1,2443.35,2443.35,0,1518.7864,2443.35,195.468,61.0838
371,2012-09-29,2012-10-11,2016-02-10,13903,4,SO49910,1,2181.5625,2181.5625,0,1320.6838,2181.5625,174.525,54.5391
358,2012-09-29,2012-10-11,2016-02-11,12857,10,SO49911,1,2049.0982,2049.0982,0,1105.81,2049.0982,163.9279,51.2275
356,2012-09-29,2012-10-11,2016-02-12,15185,9,SO49912,1,2071.4196,2071.4196,0,1117.8559,2071.4196,165.7136,51.7855
358,2012-09-29,2012-10-11,2016-02-13,15192,9,SO49913,1,2049.0982,2049.0982,0,1105.81,2049.0982,163.9279,51.2275
356,2012-09-29,2012-10-11,2016-02-14,15207,9,SO49914,1,2071.4196,2071.4196,0,1117.8559,2071.4196,165.7136,51.7855
354,2012-09-29,2012-10-11,2016-02-15,15143,9,SO49915,1,2071.4196,2071.4196,0,1117.8559,2071.4196,165.7136,51.7855
356,2012-09-29,2012-10-11,2016-02-16,15145,9,SO49916,1,2071.4196,2071.4196,0,1117.8559,2071.4196,165.7136,51.7855
379,2012-09-29,2012-10-11,2016-02-17,24177,9,SO49917,1,2181.5625,2181.5625,0,1320.6838,2181.5625,174.525,54.5391
385,2012-09-29,2012-10-11,2016-02-18,25108,9,SO49918,1,1000.4375,1000.4375,0,605.6492,1000.4375,80.035,25.0109
373,2012-09-28,2012-10-10,2016-02-19,17789,8,SO49895,1,2181.5625,2181.5625,0,1320.6838,2181.5625,174.525,54.5391
375,2012-09-28,2012-10-10,2016-02-20,16388,7,SO49896,1,2181.5625,2181.5625,0,1320.6838,2181.5625,174.525,54.5391
371,2012-09-28,2012-10-10,2016-02-21,16392,7,SO49897,1,2181.5625,2181.5625,0,1320.6838,2181.5625,174.525,54.5391
370,2012-09-28,2012-10-10,2016-02-22,17824,8,SO49898,1,2443.35,2443.35,0,1518.7864,2443.35,195.468,61.0838
368,2012-09-28,2012-10-10,2016-02-23,17873,8,SO49899,1,2443.35,2443.35,0,1518.7864,2443.35,195.468,61.0838
379,2012-09-28,2012-10-10,2016-02-24,16286,7,SO49900,1,2181.5625,2181.5625,0,1320.6838,2181.5625,174.525,54.5391
331,2012-09-28,2012-10-10,2016-02-25,19427,7,SO49901,1,782.99,782.99,0,486.7066,782.99,62.6392,19.5748
352,2012-09-28,2012-10-10,2016-02-26,12501,8,SO49902,1,2071.4196,2071.4196,0,1117.8559,2071.4196,165.7136,51.7855
329,2012-09-28,2012-10-10,2016-02-27,15851,1,SO49903,1,782.99,782.99,0,486.7066,782.99,62.6392,19.5748
341,2012-09-28,2012-10-10,2016-02-28,15882,1,SO49904,1,782.99,782.99,0,486.7066,782.99,62.6392,19.5748
385,2012-09-28,2012-10-10,2016-02-29,25120,9,SO49905,1,1000.4375,1000.4375,0,605.6492,1000.4375,80.035,25.0109
375,2012-09-27,2012-10-09,2016-03-01,17892,10,SO49811,1,2181.5625,2181.5625,0,1320.6838,2181.5625,174.525,54.5391
368,2012-09-27,2012-10-09,2016-03-02,15677,7,SO49812,1,2443.35,2443.35,0,1518.7864,2443.35,195.468,61.0838
379,2012-09-27,2012-10-09,2016-03-03,15700,7,SO49813,1,2181.5625,2181.5625,0,1320.6838,2181.5625,174.525,54.5391
356,2012-09-27,2012-10-09,2016-03-04,11336,7,SO49814,1,2071.4196,2071.4196,0,1117.8559,2071.4196,165.7136,51.7855
362,2012-09-27,2012-10-09,2016-03-05,27089,1,SO49815,1,2049.0982,2049.0982,0,1105.81,2049.0982,163.9279,51.2275
387,2012-09-27,2012-10-09,2016-03-06,14374,4,SO49816,1,1000.4375,1000.4375,0,605.6492,1000.4375,80.035,25.0109
354,2012-09-27,2012-10-09,2016-03-07,27096,1,SO49817,1,2071.4196,2071.4196,0,1117.8559,2071.4196,165.7136,51.7855
377,2012-09-27,2012-10-09,2016-03-08,23652,9,SO49818,1,2181.5625,2181.5625,0,1320.6838,2181.5625,174.525,54.5391
368,2012-09-27,2012-10-09,2016-03-09,23659,9,SO49819,1,2443.35,2443.35,0,1518.7864,2443.35,195.468,61.0838
371,2012-09-27,2012-10-09,2016-03-10,23999,9,SO49820,1,2181.5625,2181.5625,0,1320.6838,2181.5625,174.525,54.5391
375,2012-09-26,2012-10-08,2016-03-11,15920,7,SO49801,1,2181.5625,2181.5625,0,1320.6838,2181.5625,174.525,54.5391
370,2012-09-26,2012-10-08,2016-03-12,17629,8,SO49802,1,2443.35,2443.35,0,1518.7864,2443.35,195.468,61.0838
370,2012-09-26,2012-10-08,2016-03-13,15931,7,SO49803,1,2443.35,2443.35,0,1518.7864,2443.35,195.468,61.0838
377,2012-09-26,2012-10-08,2016-03-14,26200,6,SO49804,1,2181.5625,2181.5625,0,1320.6838,2181.5625,174.525,54.5391
360,2012-09-26,2012-10-08,2016-03-15,14286,9,SO49805,1,2049.0982,2049.0982,0,1105.81,2049.0982,163.9279,51.2275
362,2012-09-26,2012-10-08,2016-03-16,14304,9,SO49806,1,2049.0982,2049.0982,0,1105.81,2049.0982,163.9279,51.2275
356,2012-09-26,2012-10-08,2016-03-17,14346,9,SO49807,1,2071.4196,2071.4196,0,1117.8559,2071.4196,165.7136,51.7855
354,2012-09-26,2012-10-08,2016-03-18,14672,9,SO49808,1,2071.4196,2071.4196,0,1117.8559,2071.4196,165.7136,51.7855
368,2012-09-26,2012-10-08,2016-03-19,24160,9,SO49809,1,2443.35,2443.35,0,1518.7864,2443.35,195.468,61.0838
389,2012-09-26,2012-10-08,2016-03-20,25052,9,SO49810,1,1000.4375,1000.4375,0,605.6492,1000.4375,80.035,25.0109
370,2012-09-25,2012-10-07,2016-03-21,16261,7,SO49791,1,2443.35,2443.35,0,1518.7864,2443.35,195.468,61.0838
343,2012-09-25,2012-10-07,2016-03-22,21012,10,SO49792,1,782.99,782.99,0,486.7066,782.99,62.6392,19.5748
352,2012-09-25,2012-10-07,2016-03-23,14671,9,SO49793,1,2071.4196,2071.4196,0,1117.8559,2071.4196,165.7136,51.7855
352,2012-09-25,2012-10-07,2016-03-24,21349,6,SO49794,1,2071.4196,2071.4196,0,1117.8559,2071.4196,165.7136,51.7855
354,2012-09-25,2012-10-07,2016-03-25,27093,4,SO49795,1,2071.4196,2071.4196,0,1117.8559,2071.4196,165.7136,51.7855
337,2012-09-25,2012-10-07,2016-03-26,15562,1,SO49796,1,782.99,782.99,0,486.7066,782.99,62.6392,19.5748
329,2012-09-25,2012-10-07,2016-03-27,15568,4,SO49797,1,782.99,782.99,0,486.7066,782.99,62.6392,19.5748
375,2012-09-25,2012-10-07,2016-03-28,24159,9,SO49798,1,2181.5625,2181.5625,0,1320.6838,2181.5625,174.525,54.5391
375,2012-09-25,2012-10-07,2016-03-29,23994,9,SO49799,1,2181.5625,2181.5625,0,1320.6838,2181.5625,174.525,54.5391
375,2012-09-25,2012-10-07,2016-03-30,24004,9,SO49800,1,2181.5625,2181.5625,0,1320.6838,2181.5625,174.525,54.5391
369,2012-09-24,2012-10-06,2016-03-31,17198,8,SO49778,1,2443.35,2443.35,0,1518.7864,2443.35,195.468,61.0838
369,2012-09-24,2012-10-06,2016-04-01,17209,8,SO49779,1,2443.35,2443.35,0,1518.7864,2443.35,195.468,61.0838
373,2012-09-24,2012-10-06,2016-04-02,17958,10,SO49780,1,2181.5625,2181.5625,0,1320.6838,2181.5625,174.525,54.5391
362,2012-09-24,2012-10-06,2016-04-03,12484,8,SO49781,1,2049.0982,2049.0982,0,1105.81,2049.0982,163.9279,51.2275
325,2012-09-24,2012-10-06,2016-04-04,21018,10,SO49782,1,782.99,782.99,0,486.7066,782.99,62.6392,19.5748
343,2012-09-24,2012-10-06,2016-04-05,20861,8,SO49783,1,782.99,782.99,0,486.7066,782.99,62.6392,19.5748
362,2012-09-24,2012-10-06,2016-04-06,14325,9,SO49784,1,2049.0982,2049.0982,0,1105.81,2049.0982,163.9279,51.2275
358,2012-09-24,2012-10-06,2016-04-07,14667,9,SO49785,1,2049.0982,2049.0982,0,1105.81,2049.0982,163.9279,51.2275
362,2012-09-24,2012-10-06,2016-04-08,27090,4,SO49786,1,2049.0982,2049.0982,0,1105.81,2049.0982,163.9279,51.2275
368,2012-09-24,2012-10-06,2016-04-09,23656,9,SO49787,1,2443.35,2443.35,0,1518.7864,2443.35,195.468,61.0838
368,2012-09-24,2012-10-06,2016-04-10,23992,9,SO49788,1,2443.35,2443.35,0,1518.7864,2443.35,195.468,61.0838
373,2012-09-24,2012-10-06,2016-04-11,24002,9,SO49789,1,2181.5625,2181.5625,0,1320.6838,2181.5625,174.525,54.5391
329,2012-09-24,2012-10-06,2016-04-12,26758,9,SO49790,1,782.99,782.99,0,486.7066,782.99,62.6392,19.5748
358,2012-09-23,2012-10-05,2016-04-13,12648,10,SO49774,1,2049.0982,2049.0982,0,1105.81,2049.0982,163.9279,51.2275
352,2012-09-23,2012-10-05,2016-04-14,14235,9,SO49775,1,2071.4196,2071.4196,0,1117.8559,2071.4196,165.7136,51.7855
331,2012-09-23,2012-10-05,2016-04-15,27297,6,SO49776,1,782.99,782.99,0,486.7066,782.99,62.6392,19.5748
335,2012-09-23,2012-10-05,2016-04-16,27404,6,SO49777,1,782.99,782.99,0,486.7066,782.99,62.6392,19.5748
329,2012-09-22,2012-10-04,2016-04-17,19419,7,SO49766,1,782.99,782.99,0,486.7066,782.99,62.6392,19.5748
356,2012-09-22,2012-10-04,2016-04-18,14347,9,SO49767,1,2071.4196,2071.4196,0,1117.8559,2071.4196,165.7136,51.7855
360,2012-09-22,2012-10-04,2016-04-19,27103,1,SO49768,1,2049.0982,2049.0982,0,1105.81,2049.0982,163.9279,51.2275
356,2012-09-22,2012-10-04,2016-04-20,27091,1,SO49769,1,2071.4196,2071.4196,0,1117.8559,2071.4196,165.7136,51.7855
343,2012-09-22,2012-10-04,2016-04-21,27298,6,SO49770,1,782.99,782.99,0,486.7066,782.99,62.6392,19.5748
343,2012-09-22,2012-10-04,2016-04-22,15570,4,SO49771,1,782.99,782.99,0,486.7066,782.99,62.6392,19.5748
379,2012-09-22,2012-10-04,2016-04-23,23661,9,SO49772,1,2181.5625,2181.5625,0,1320.6838,2181.5625,174.525,54.5391
343,2012-09-22,2012-10-04,2016-04-24,26750,9,SO49773,1,782.99,782.99,0,486.7066,782.99,62.6392,19.5748
368,2012-09-21,2012-10-03,2016-04-25,17948,10,SO49762,1,2443.35,2443.35,0,1518.7864,2443.35,195.468,61.0838
356,2012-09-21,2012-10-03,2016-04-26,14277,9,SO49763,1,2071.4196,2071.4196,0,1117.8559,2071.4196,165.7136,51.7855
356,2012-09-21,2012-10-03,2016-04-27,14236,9,SO49764,1,2071.4196,2071.4196,0,1117.8559,2071.4196,165.7136,51.7855
354,2012-09-21,2012-10-03,2016-04-28,27094,4,SO49765,1,2071.4196,2071.4196,0,1117.8559,2071.4196,165.7136,51.7855
379,2012-09-20,2012-10-02,2016-04-29,17965,10,SO49757,1,2181.5625,2181.5625,0,1320.6838,2181.5625,174.525,54.5391
331,2012-09-20,2012-10-02,2016-04-30,19381,7,SO49758,1,782.99,782.99,0,486.7066,782.99,62.6392,19.5748
389,2012-09-20,2012-10-02,2016-05-01,14379,4,SO49759,1,1000.4375,1000.4375,0,605.6492,1000.4375,80.035,25.0109
358,2012-09-20,2012-10-02,2016-05-02,21423,6,SO49760,1,2049.0982,2049.0982,0,1105.81,2049.0982,163.9279,51.2275
339,2012-09-20,2012-10-02,2016-05-03,27270,6,SO49761,1,782.99,782.99,0,486.7066,782.99,62.6392,19.5748
368,2012-09-19,2012-10-01,2016-05-04,17966,10,SO49751,1,2443.35,2443.35,0,1518.7864,2443.35,195.468,61.0838
360,2012-09-19,2012-10-01,2016-05-05,11242,7,SO49752,1,2049.0982,2049.0982,0,1105.81,2049.0982,163.9279,51.2275
358,2012-09-19,2012-10-01,2016-05-06,14275,9,SO49753,1,2049.0982,2049.0982,0,1105.81,2049.0982,163.9279,51.2275
360,2012-09-19,2012-10-01,2016-05-07,14303,9,SO49754,1,2049.0982,2049.0982,0,1105.81,2049.0982,163.9279,51.2275
362,2012-09-19,2012-10-01,2016-05-08,14305,9,SO49755,1,2049.0982,2049.0982,0,1105.81,2049.0982,163.9279,51.2275
371,2012-09-19,2012-10-01,2016-05-09,23658,9,SO49756,1,2181.5625,2181.5625,0,1320.6838,2181.5625,174.525,54.5391
389,2012-09-18,2012-09-30,2016-05-10,19188,8,SO49744,1,1000.4375,1000.4375,0,605.6492,1000.4375,80.035,25.0109
387,2012-09-18,2012-09-30,2016-05-11,19448,10,SO49745,1,1000.4375,1000.4375,0,605.6492,1000.4375,80.035,25.0109
358,2012-09-18,2012-09-30,2016-05-12,29482,7,SO49746,1,2049.0982,2049.0982,0,1105.81,2049.0982,163.9279,51.2275
356,2012-09-18,2012-09-30,2016-05-13,12495,8,SO49747,1,2071.4196,2071.4196,0,1117.8559,2071.4196,165.7136,51.7855
389,2012-09-18,2012-09-30,2016-05-14,14380,1,SO49748,1,1000.4375,1000.4375,0,605.6492,1000.4375,80.035,25.0109
327,2012-09-18,2012-09-30,2016-05-15,26754,9,SO49749,1,782.99,782.99,0,486.7066,782.99,62.6392,19.5748
329,2012-09-18,2012-09-30,2016-05-16,26757,9,SO49750,1,782.99,782.99,0,486.7066,782.99,62.6392,19.5748
377,2012-09-17,2012-09-29,2016-05-17,13895,1,SO49739,1,2181.5625,2181.5625,0,1320.6838,2181.5625,174.525,54.5391
354,2012-09-17,2012-09-29,2016-05-18,14310,9,SO49740,1,2071.4196,2071.4196,0,1117.8559,2071.4196,165.7136,51.7855
389,2012-09-17,2012-09-29,2016-05-19,14378,4,SO49741,1,1000.4375,1000.4375,0,605.6492,1000.4375,80.035,25.0109
331,2012-09-17,2012-09-29,2016-05-20,27285,6,SO49742,1,782.99,782.99,0,486.7066,782.99,62.6392,19.5748
368,2012-09-17,2012-09-29,2016-05-21,23993,9,SO49743,1,2443.35,2443.35,0,1518.7864,2443.35,195.468,61.0838
368,2012-09-16,2012-09-28,2016-05-22,17635,8,SO49728,1,2443.35,2443.35,0,1518.7864,2443.35,195.468,61.0838
387,2012-09-16,2012-09-28,2016-05-23,19046,8,SO49729,1,1000.4375,1000.4375,0,605.6492,1000.4375,80.035,25.0109
339,2012-09-16,2012-09-28,2016-05-24,21036,10,SO49730,1,782.99,782.99,0,486.7066,782.99,62.6392,19.5748
360,2012-09-16,2012-09-28,2016-05-25,29450,7,SO49731,1,2049.0982,2049.0982,0,1105.81,2049.0982,163.9279,51.2275
356,2012-09-16,2012-09-28,2016-05-26,14523,9,SO49732,1,2071.4196,2071.4196,0,1117.8559,2071.4196,165.7136,51.7855
360,2012-09-16,2012-09-28,2016-05-27,14259,9,SO49733,1,2049.0982,2049.0982,0,1105.81,2049.0982,163.9279,51.2275
362,2012-09-16,2012-09-28,2016-05-28,27086,1,SO49734,1,2049.0982,2049.0982,0,1105.81,2049.0982,163.9279,51.2275
343,2012-09-16,2012-09-28,2016-05-29,15569,1,SO49735,1,782.99,782.99,0,486.7066,782.99,62.6392,19.5748
331,2012-09-16,2012-09-28,2016-05-30,15555,4,SO49736,1,782.99,782.99,0,486.7066,782.99,62.6392,19.5748
385,2012-09-16,2012-09-28,2016-05-31,25106,9,SO49737,1,1000.4375,1000.4375,0,605.6492,1000.4375,80.035,25.0109
341,2012-09-16,2012-09-28,2016-06-01,26751,9,SO49738,1,782.99,782.99,0,486.7066,782.99,62.6392,19.5748
377,2012-09-15,2012-09-27,2016-06-02,17722,8,SO49716,1,2181.5625,2181.5625,0,1320.6838,2181.5625,174.525,54.5391
368,2012-09-15,2012-09-27,2016-06-03,16204,7,SO49717,1,2443.35,2443.35,0,1518.7864,2443.35,195.468,61.0838
387,2012-09-15,2012-09-27,2016-06-04,19196,8,SO49718,1,1000.4375,1000.4375,0,605.6492,1000.4375,80.035,25.0109
327,2012-09-15,2012-09-27,2016-06-05,20854,8,SO49719,1,782.99,782.99,0,486.7066,782.99,62.6392,19.5748
358,2012-09-15,2012-09-27,2016-06-06,12640,10,SO49720,1,2049.0982,2049.0982,0,1105.81,2049.0982,163.9279,51.2275
356,2012-09-15,2012-09-27,2016-06-07,12645,10,SO49721,1,2071.4196,2071.4196,0,1117.8559,2071.4196,165.7136,51.7855
352,2012-09-15,2012-09-27,2016-06-08,14264,9,SO49722,1,2071.4196,2071.4196,0,1117.8559,2071.4196,165.7136,51.7855
387,2012-09-15,2012-09-27,2016-06-09,14366,1,SO49723,1,1000.4375,1000.4375,0,605.6492,1000.4375,80.035,25.0109
356,2012-09-15,2012-09-27,2016-06-10,27106,4,SO49724,1,2071.4196,2071.4196,0,1117.8559,2071.4196,165.7136,51.7855
370,2012-09-15,2012-09-27,2016-06-11,24007,9,SO49725,1,2443.35,2443.35,0,1518.7864,2443.35,195.468,61.0838
381,2012-09-15,2012-09-27,2016-06-12,25057,9,SO49726,1,1000.4375,1000.4375,0,605.6492,1000.4375,80.035,25.0109
325,2012-09-15,2012-09-27,2016-06-13,26774,9,SO49727,1,782.99,782.99,0,486.7066,782.99,62.6392,19.5748
368,2012-09-14,2012-09-26,2016-06-14,17933,10,SO49701,1,2443.35,2443.35,0,1518.7864,2443.35,195.468,61.0838
375,2012-09-14,2012-09-26,2016-06-15,15687,7,SO49702,1,2181.5625,2181.5625,0,1320.6838,2181.5625,174.525,54.5391
373,2012-09-14,2012-09-26,2016-06-16,15924,7,SO49703,1,2181.5625,2181.5625,0,1320.6838,2181.5625,174.525,54.5391
377,2012-09-14,2012-09-26,2016-06-17,17962,10,SO49704,1,2181.5625,2181.5625,0,1320.6838,2181.5625,174.525,54.5391
370,2012-09-14,2012-09-26,2016-06-18,15925,7,SO49705,1,2443.35,2443.35,0,1518.7864,2443.35,195.468,61.0838
383,2012-09-14,2012-09-26,2016-06-19,17770,7,SO49706,1,1000.4375,1000.4375,0,605.6492,1000.4375,80.035,25.0109
371,2012-09-14,2012-09-26,2016-06-20,13889,1,SO49707,1,2181.5625,2181.5625,0,1320.6838,2181.5625,174.525,54.5391
352,2012-09-14,2012-09-26,2016-06-21,12487,8,SO49708,1,2071.4196,2071.4196,0,1117.8559,2071.4196,165.7136,51.7855
352,2012-09-14,2012-09-26,2016-06-22,14300,9,SO49709,1,2071.4196,2071.4196,0,1117.8559,2071.4196,165.7136,51.7855
362,2012-09-14,2012-09-26,2016-06-23,14308,9,SO49710,1,2049.0982,2049.0982,0,1105.81,2049.0982,163.9279,51.2275
362,2012-09-14,2012-09-26,2016-06-24,14676,9,SO49711,1,2049.0982,2049.0982,0,1105.81,2049.0982,163.9279,51.2275
360,2012-09-14,2012-09-26,2016-06-25,27095,4,SO49712,1,2049.0982,2049.0982,0,1105.81,2049.0982,163.9279,51.2275
354,2012-09-14,2012-09-26,2016-06-26,21400,6,SO49713,1,2071.4196,2071.4196,0,1117.8559,2071.4196,165.7136,51.7855
375,2012-09-14,2012-09-26,2016-06-27,23663,9,SO49714,1,2181.5625,2181.5625,0,1320.6838,2181.5625,174.525,54.5391
325,2012-09-14,2012-09-26,2016-06-28,26761,9,SO49715,1,782.99,782.99,0,486.7066,782.99,62.6392,19.5748
375,2012-09-13,2012-09-25,2016-06-29,17960,10,SO49692,1,2181.5625,2181.5625,0,1320.6838,2181.5625,174.525,54.5391
369,2012-09-13,2012-09-25,2016-06-30,17741,8,SO49693,1,2443.35,2443.35,0,1518.7864,2443.35,195.468,61.0838
368,2012-09-13,2012-09-25,2016-07-01,17968,10,SO49694,1,2443.35,2443.35,0,1518.7864,2443.35,195.468,61.0838
362,2012-09-13,2012-09-25,2016-07-02,12499,8,SO49695,1,2049.0982,2049.0982,0,1105.81,2049.0982,163.9279,51.2275
356,2012-09-13,2012-09-25,2016-07-03,14323,9,SO49696,1,2071.4196,2071.4196,0,1117.8559,2071.4196,165.7136,51.7855
358,2012-09-13,2012-09-25,2016-07-04,14238,9,SO49697,1,2049.0982,2049.0982,0,1105.81,2049.0982,163.9279,51.2275
354,2012-09-13,2012-09-25,2016-07-05,21336,6,SO49698,1,2071.4196,2071.4196,0,1117.8559,2071.4196,165.7136,51.7855
381,2012-09-13,2012-09-25,2016-07-06,25037,9,SO49699,1,1000.4375,1000.4375,0,605.6492,1000.4375,80.035,25.0109
375,2012-09-13,2012-09-25,2016-07-07,23664,9,SO49700,1,2181.5625,2181.5625,0,1320.6838,2181.5625,174.525,54.5391
373,2012-09-12,2012-09-24,2016-07-08,17959,10,SO49685,1,2181.5625,2181.5625,0,1320.6838,2181.5625,174.525,54.5391
377,2012-09-12,2012-09-24,2016-07-09,16051,7,SO49686,1,2181.5625,2181.5625,0,1320.6838,2181.5625,174.525,54.5391
371,2012-09-12,2012-09-24,2016-07-10,16205,7,SO49687,1,2181.5625,2181.5625,0,1320.6838,2181.5625,174.525,54.5391
362,2012-09-12,2012-09-24,2016-07-11,12653,10,SO49688,1,2049.0982,2049.0982,0,1105.81,2049.0982,163.9279,51.2275
381,2012-09-12,2012-09-24,2016-07-12,14377,1,SO49689,1,1000.4375,1000.4375,0,605.6492,1000.4375,80.035,25.0109
375,2012-09-12,2012-09-24,2016-07-13,24008,9,SO49690,1,2181.5625,2181.5625,0,1320.6838,2181.5625,174.525,54.5391
373,2012-09-12,2012-09-24,2016-07-14,23662,9,SO49691,1,2181.5625,2181.5625,0,1320.6838,2181.5625,174.525,54.5391
370,2012-09-11,2012-09-23,2016-07-15,17969,10,SO49680,1,2443.35,2443.35,0,1518.7864,2443.35,195.468,61.0838
379,2012-09-11,2012-09-23,2016-07-16,13890,1,SO49681,1,2181.5625,2181.5625,0,1320.6838,2181.5625,174.525,54.5391
356,2012-09-11,2012-09-23,2016-07-17,21352,6,SO49682,1,2071.4196,2071.4196,0,1117.8559,2071.4196,165.7136,51.7855
356,2012-09-11,2012-09-23,2016-07-18,27108,4,SO49683,1,2071.4196,2071.4196,0,1117.8559,2071.4196,165.7136,51.7855
370,2012-09-11,2012-09-23,2016-07-19,24000,9,SO49684,1,2443.35,2443.35,0,1518.7864,2443.35,195.468,61.0838
373,2012-09-10,2012-09-22,2016-07-20,17199,8,SO49671,1,2181.5625,2181.5625,0,1320.6838,2181.5625,174.525,54.5391
379,2012-09-10,2012-09-22,2016-07-21,16259,7,SO49672,1,2181.5625,2181.5625,0,1320.6838,2181.5625,174.525,54.5391
325,2012-09-10,2012-09-22,2016-07-22,21011,10,SO49673,1,782.99,782.99,0,486.7066,782.99,62.6392,19.5748
369,2012-09-10,2012-09-22,2016-07-23,13887,4,SO49674,1,2443.35,2443.35,0,1518.7864,2443.35,195.468,61.0838
360,2012-09-10,2012-09-22,2016-07-24,11241,7,SO49675,1,2049.0982,2049.0982,0,1105.81,2049.0982,163.9279,51.2275
356,2012-09-10,2012-09-22,2016-07-25,12658,10,SO49676,1,2071.4196,2071.4196,0,1117.8559,2071.4196,165.7136,51.7855
358,2012-09-10,2012-09-22,2016-07-26,14666,9,SO49677,1,2049.0982,2049.0982,0,1105.81,2049.0982,163.9279,51.2275
358,2012-09-10,2012-09-22,2016-07-27,27081,4,SO49678,1,2049.0982,2049.0982,0,1105.81,2049.0982,163.9279,51.2275
329,2012-09-10,2012-09-22,2016-07-28,26760,9,SO49679,1,782.99,782.99,0,486.7066,782.99,62.6392,19.5748
368,2012-09-09,2012-09-21,2016-07-29,17896,10,SO49664,1,2443.35,2443.35,0,1518.7864,2443.35,195.468,61.0838
360,2012-09-09,2012-09-21,2016-07-30,29483,7,SO49665,1,2049.0982,2049.0982,0,1105.81,2049.0982,163.9279,51.2275
362,2012-09-09,2012-09-21,2016-07-31,14287,9,SO49666,1,2049.0982,2049.0982,0,1105.81,2049.0982,163.9279,51.2275
354,2012-09-09,2012-09-21,2016-08-01,14673,9,SO49667,1,2071.4196,2071.4196,0,1117.8559,2071.4196,165.7136,51.7855
362,2012-09-09,2012-09-21,2016-08-02,14261,9,SO49668,1,2049.0982,2049.0982,0,1105.81,2049.0982,163.9279,51.2275
352,2012-09-09,2012-09-21,2016-08-03,27080,4,SO49669,1,2071.4196,2071.4196,0,1117.8559,2071.4196,165.7136,51.7855
377,2012-09-09,2012-09-21,2016-08-04,23996,9,SO49670,1,2181.5625,2181.5625,0,1320.6838,2181.5625,174.525,54.5391
370,2012-09-08,2012-09-20,2016-08-05,15678,7,SO49645,1,2443.35,2443.35,0,1518.7864,2443.35,195.468,61.0838
379,2012-09-08,2012-09-20,2016-08-06,15688,7,SO49646,1,2181.5625,2181.5625,0,1320.6838,2181.5625,174.525,54.5391
368,2012-09-08,2012-09-20,2016-08-07,17742,8,SO49647,1,2443.35,2443.35,0,1518.7864,2443.35,195.468,61.0838
383,2012-09-08,2012-09-20,2016-08-08,19455,10,SO49648,1,1000.4375,1000.4375,0,605.6492,1000.4375,80.035,25.0109
327,2012-09-08,2012-09-20,2016-08-09,21027,10,SO49649,1,782.99,782.99,0,486.7066,782.99,62.6392,19.5748
360,2012-09-08,2012-09-20,2016-08-10,12637,10,SO49650,1,2049.0982,2049.0982,0,1105.81,2049.0982,163.9279,51.2275
352,2012-09-08,2012-09-20,2016-08-11,14670,9,SO49651,1,2071.4196,2071.4196,0,1117.8559,2071.4196,165.7136,51.7855
362,2012-09-08,2012-09-20,2016-08-12,14855,9,SO49652,1,2049.0982,2049.0982,0,1105.81,2049.0982,163.9279,51.2275
352,2012-09-08,2012-09-20,2016-08-13,15014,9,SO49653,1,2071.4196,2071.4196,0,1117.8559,2071.4196,165.7136,51.7855
358,2012-09-08,2012-09-20,2016-08-14,14224,9,SO49654,1,2049.0982,2049.0982,0,1105.81,2049.0982,163.9279,51.2275
356,2012-09-08,2012-09-20,2016-08-15,27079,4,SO49655,1,2071.4196,2071.4196,0,1117.8559,2071.4196,165.7136,51.7855
362,2012-09-08,2012-09-20,2016-08-16,27083,1,SO49656,1,2049.0982,2049.0982,0,1105.81,2049.0982,163.9279,51.2275
341,2012-09-08,2012-09-20,2016-08-17,15750,4,SO49657,1,782.99,782.99,0,486.7066,782.99,62.6392,19.5748
337,2012-09-08,2012-09-20,2016-08-18,15763,1,SO49658,1,782.99,782.99,0,486.7066,782.99,62.6392,19.5748
352,2012-09-08,2012-09-20,2016-08-19,21354,6,SO49659,1,2071.4196,2071.4196,0,1117.8559,2071.4196,165.7136,51.7855
371,2012-09-08,2012-09-20,2016-08-20,23660,9,SO49660,1,2181.5625,2181.5625,0,1320.6838,2181.5625,174.525,54.5391
370,2012-09-08,2012-09-20,2016-08-21,23995,9,SO49661,1,2443.35,2443.35,0,1518.7864,2443.35,195.468,61.0838
331,2012-09-08,2012-09-20,2016-08-22,26763,9,SO49662,1,782.99,782.99,0,486.7066,782.99,62.6392,19.5748
339,2012-09-08,2012-09-20,2016-08-23,26767,9,SO49663,1,782.99,782.99,0,486.7066,782.99,62.6392,19.5748
377,2012-09-07,2012-09-19,2016-08-24,17943,10,SO49637,1,2181.5625,2181.5625,0,1320.6838,2181.5625,174.525,54.5391
385,2012-09-07,2012-09-19,2016-08-25,19067,8,SO49638,1,1000.4375,1000.4375,0,605.6492,1000.4375,80.035,25.0109
329,2012-09-07,2012-09-19,2016-08-26,19386,7,SO49639,1,782.99,782.99,0,486.7066,782.99,62.6392,19.5748
362,2012-09-07,2012-09-19,2016-08-27,12462,8,SO49640,1,2049.0982,2049.0982,0,1105.81,2049.0982,163.9279,51.2275
358,2012-09-07,2012-09-19,2016-08-28,14276,9,SO49641,1,2049.0982,2049.0982,0,1105.81,2049.0982,163.9279,51.2275
356,2012-09-07,2012-09-19,2016-08-29,14299,9,SO49642,1,2071.4196,2071.4196,0,1117.8559,2071.4196,165.7136,51.7855
375,2012-09-07,2012-09-19,2016-08-30,24006,9,SO49643,1,2181.5625,2181.5625,0,1320.6838,2181.5625,174.525,54.5391
327,2012-09-07,2012-09-19,2016-08-31,26768,9,SO49644,1,782.99,782.99,0,486.7066,782.99,62.6392,19.5748
335,2012-09-06,2012-09-18,2016-09-01,20860,8,SO49632,1,782.99,782.99,0,486.7066,782.99,62.6392,19.5748
373,2012-09-06,2012-09-18,2016-09-02,26202,6,SO49633,1,2181.5625,2181.5625,0,1320.6838,2181.5625,174.525,54.5391
360,2012-09-06,2012-09-18,2016-09-03,14279,9,SO49634,1,2049.0982,2049.0982,0,1105.81,2049.0982,163.9279,51.2275
356,2012-09-06,2012-09-18,2016-09-04,27097,1,SO49635,1,2071.4196,2071.4196,0,1117.8559,2071.4196,165.7136,51.7855
369,2012-09-06,2012-09-18,2016-09-05,23665,9,SO49636,1,2443.35,2443.35,0,1518.7864,2443.35,195.468,61.0838
358,2012-09-05,2012-09-17,2016-09-06,14230,9,SO49627,1,2049.0982,2049.0982,0,1105.81,2049.0982,163.9279,51.2275
362,2012-09-05,2012-09-17,2016-09-07,27104,4,SO49628,1,2049.0982,2049.0982,0,1105.81,2049.0982,163.9279,51.2275
325,2012-09-05,2012-09-17,2016-09-08,15557,4,SO49629,1,782.99,782.99,0,486.7066,782.99,62.6392,19.5748
375,2012-09-05,2012-09-17,2016-09-09,23651,9,SO49630,1,2181.5625,2181.5625,0,1320.6838,2181.5625,174.525,54.5391
354,2012-09-05,2012-09-17,2016-09-10,14260,9,SO49631,1,2071.4196,2071.4196,0,1117.8559,2071.4196,165.7136,51.7855
375,2012-09-04,2012-09-16,2016-09-11,16052,7,SO49613,1,2181.5625,2181.5625,0,1320.6838,2181.5625,174.525,54.5391
343,2012-09-04,2012-09-16,2016-09-12,20982,10,SO49614,1,782.99,782.99,0,486.7066,782.99,62.6392,19.5748
327,2012-09-04,2012-09-16,2016-09-13,21020,10,SO49615,1,782.99,782.99,0,486.7066,782.99,62.6392,19.5748
352,2012-09-04,2012-09-16,2016-09-14,12479,8,SO49616,1,2071.4196,2071.4196,0,1117.8559,2071.4196,165.7136,51.7855
358,2012-09-04,2012-09-16,2016-09-15,29479,7,SO49617,1,2049.0982,2049.0982,0,1105.81,2049.0982,163.9279,51.2275
352,2012-09-04,2012-09-16,2016-09-16,14306,9,SO49618,1,2071.4196,2071.4196,0,1117.8559,2071.4196,165.7136,51.7855
362,2012-09-04,2012-09-16,2016-09-17,14324,9,SO49619,1,2049.0982,2049.0982,0,1105.81,2049.0982,163.9279,51.2275
356,2012-09-04,2012-09-16,2016-09-18,14326,9,SO49620,1,2071.4196,2071.4196,0,1117.8559,2071.4196,165.7136,51.7855
352,2012-09-04,2012-09-16,2016-09-19,14348,9,SO49621,1,2071.4196,2071.4196,0,1117.8559,2071.4196,165.7136,51.7855
352,2012-09-04,2012-09-16,2016-09-20,14668,9,SO49622,1,2071.4196,2071.4196,0,1117.8559,2071.4196,165.7136,51.7855
356,2012-09-04,2012-09-16,2016-09-21,27088,1,SO49623,1,2071.4196,2071.4196,0,1117.8559,2071.4196,165.7136,51.7855
381,2012-09-04,2012-09-16,2016-09-22,25051,9,SO49624,1,1000.4375,1000.4375,0,605.6492,1000.4375,80.035,25.0109
381,2012-09-04,2012-09-16,2016-09-23,25053,9,SO49625,1,1000.4375,1000.4375,0,605.6492,1000.4375,80.035,25.0109
377,2012-09-04,2012-09-16,2016-09-24,23998,9,SO49626,1,2181.5625,2181.5625,0,1320.6838,2181.5625,174.525,54.5391
370,2012-09-03,2012-09-15,2016-09-25,17221,8,SO49604,1,2443.35,2443.35,0,1518.7864,2443.35,195.468,61.0838
381,2012-09-03,2012-09-15,2016-09-26,19065,8,SO49605,1,1000.4375,1000.4375,0,605.6492,1000.4375,80.035,25.0109
337,2012-09-03,2012-09-15,2016-09-27,21034,10,SO49606,1,782.99,782.99,0,486.7066,782.99,62.6392,19.5748
352,2012-09-03,2012-09-15,2016-09-28,12475,8,SO49607,1,2071.4196,2071.4196,0,1117.8559,2071.4196,165.7136,51.7855
356,2012-09-03,2012-09-15,2016-09-29,14262,9,SO49608,1,2071.4196,2071.4196,0,1117.8559,2071.4196,165.7136,51.7855
387,2012-09-03,2012-09-15,2016-09-30,14367,1,SO49609,1,1000.4375,1000.4375,0,605.6492,1000.4375,80.035,25.0109
358,2012-09-03,2012-09-15,2016-10-01,27105,4,SO49610,1,2049.0982,2049.0982,0,1105.81,2049.0982,163.9279,51.2275
343,2012-09-03,2012-09-15,2016-10-02,15554,4,SO49611,1,782.99,782.99,0,486.7066,782.99,62.6392,19.5748
339,2012-09-03,2012-09-15,2016-10-03,21039,10,SO49612,1,782.99,782.99,0,486.7066,782.99,62.6392,19.5748
375,2012-09-02,2012-09-14,2016-10-04,15710,7,SO49598,1,2181.5625,2181.5625,0,1320.6838,2181.5625,174.525,54.5391
368,2012-09-02,2012-09-14,2016-10-05,15921,7,SO49599,1,2443.35,2443.35,0,1518.7864,2443.35,195.468,61.0838
381,2012-09-02,2012-09-14,2016-10-06,14381,1,SO49600,1,1000.4375,1000.4375,0,605.6492,1000.4375,80.035,25.0109
389,2012-09-02,2012-09-14,2016-10-07,14382,4,SO49601,1,1000.4375,1000.4375,0,605.6492,1000.4375,80.035,25.0109
331,2012-09-02,2012-09-14,2016-10-08,15737,1,SO49602,1,782.99,782.99,0,486.7066,782.99,62.6392,19.5748
368,2012-09-02,2012-09-14,2016-10-09,23655,9,SO49603,1,2443.35,2443.35,0,1518.7864,2443.35,195.468,61.0838
369,2012-09-01,2012-09-13,2016-10-10,17937,10,SO49581,1,2443.35,2443.35,0,1518.7864,2443.35,195.468,61.0838
377,2012-09-01,2012-09-13,2016-10-11,17220,8,SO49582,1,2181.5625,2181.5625,0,1320.6838,2181.5625,174.525,54.5391
377,2012-09-01,2012-09-13,2016-10-12,16203,7,SO49583,1,2181.5625,2181.5625,0,1320.6838,2181.5625,174.525,54.5391
368,2012-09-01,2012-09-13,2016-10-13,13894,1,SO49584,1,2443.35,2443.35,0,1518.7864,2443.35,195.468,61.0838
362,2012-09-01,2012-09-13,2016-10-14,12644,10,SO49585,1,2049.0982,2049.0982,0,1105.81,2049.0982,163.9279,51.2275
352,2012-09-01,2012-09-13,2016-10-15,12500,8,SO49586,1,2071.4196,2071.4196,0,1117.8559,2071.4196,165.7136,51.7855
356,2012-09-01,2012-09-13,2016-10-16,14301,9,SO49587,1,2071.4196,2071.4196,0,1117.8559,2071.4196,165.7136,51.7855
354,2012-09-01,2012-09-13,2016-10-17,14226,9,SO49588,1,2071.4196,2071.4196,0,1117.8559,2071.4196,165.7136,51.7855
362,2012-09-01,2012-09-13,2016-10-18,14263,9,SO49589,1,2049.0982,2049.0982,0,1105.81,2049.0982,163.9279,51.2275
360,2012-09-01,2012-09-13,2016-10-19,21348,6,SO49590,1,2049.0982,2049.0982,0,1105.81,2049.0982,163.9279,51.2275
352,2012-09-01,2012-09-13,2016-10-20,27092,4,SO49591,1,2071.4196,2071.4196,0,1117.8559,2071.4196,165.7136,51.7855
327,2012-09-01,2012-09-13,2016-10-21,15558,1,SO49592,1,782.99,782.99,0,486.7066,782.99,62.6392,19.5748
327,2012-09-01,2012-09-13,2016-10-22,15561,1,SO49593,1,782.99,782.99,0,486.7066,782.99,62.6392,19.5748
379,2012-09-01,2012-09-13,2016-10-23,24005,9,SO49594,1,2181.5625,2181.5625,0,1320.6838,2181.5625,174.525,54.5391
383,2012-09-01,2012-09-13,2016-10-24,25107,9,SO49595,1,1000.4375,1000.4375,0,605.6492,1000.4375,80.035,25.0109
379,2012-09-01,2012-09-13,2016-10-25,23653,9,SO49596,1,2181.5625,2181.5625,0,1320.6838,2181.5625,174.525,54.5391
368,2012-09-01,2012-09-13,2016-10-26,24001,9,SO49597,1,2443.35,2443.35,0,1518.7864,2443.35,195.468,61.0838
370,2012-08-31,2012-09-12,2016-10-27,15923,7,SO49575,1,2443.35,2443.35,0,1518.7864,2443.35,195.468,61.0838
379,2012-08-31,2012-09-12,2016-10-28,17761,8,SO49576,1,2181.5625,2181.5625,0,1320.6838,2181.5625,174.525,54.5391
377,2012-08-31,2012-09-12,2016-10-29,17762,8,SO49577,1,2181.5625,2181.5625,0,1320.6838,2181.5625,174.525,54.5391
389,2012-08-31,2012-09-12,2016-10-30,19057,8,SO49578,1,1000.4375,1000.4375,0,605.6492,1000.4375,80.035,25.0109
358,2012-08-31,2012-09-12,2016-10-31,14322,9,SO49579,1,2049.0982,2049.0982,0,1105.81,2049.0982,163.9279,51.2275
358,2012-08-31,2012-09-12,2016-11-01,14225,9,SO49580,1,2049.0982,2049.0982,0,1105.81,2049.0982,163.9279,51.2275
371,2012-08-30,2012-09-11,2016-11-02,16262,7,SO49569,1,2181.5625,2181.5625,0,1320.6838,2181.5625,174.525,54.5391
358,2012-08-30,2012-09-11,2016-11-03,14316,9,SO49570,1,2049.0982,2049.0982,0,1105.81,2049.0982,163.9279,51.2275
358,2012-08-30,2012-09-11,2016-11-04,14345,9,SO49571,1,2049.0982,2049.0982,0,1105.81,2049.0982,163.9279,51.2275
352,2012-08-30,2012-09-11,2016-11-05,27107,4,SO49572,1,2071.4196,2071.4196,0,1117.8559,2071.4196,165.7136,51.7855
371,2012-08-30,2012-09-11,2016-11-06,24009,9,SO49573,1,2181.5625,2181.5625,0,1320.6838,2181.5625,174.525,54.5391
321,2012-08-30,2012-09-11,2016-11-07,26764,9,SO49574,1,782.99,782.99,0,486.7066,782.99,62.6392,19.5748
333,2012-08-29,2012-09-10,2016-11-08,19366,7,SO49558,1,782.99,782.99,0,486.7066,782.99,62.6392,19.5748
369,2012-08-29,2012-09-10,2016-11-09,26115,6,SO49559,1,2443.35,2443.35,0,1518.7864,2443.35,195.468,61.0838
375,2012-08-29,2012-09-10,2016-11-10,13892,1,SO49560,1,2181.5625,2181.5625,0,1320.6838,2181.5625,174.525,54.5391
358,2012-08-29,2012-09-10,2016-11-11,14681,9,SO49561,1,2049.0982,2049.0982,0,1105.81,2049.0982,163.9279,51.2275
354,2012-08-29,2012-09-10,2016-11-12,14234,9,SO49562,1,2071.4196,2071.4196,0,1117.8559,2071.4196,165.7136,51.7855
354,2012-08-29,2012-09-10,2016-11-13,27087,4,SO49563,1,2071.4196,2071.4196,0,1117.8559,2071.4196,165.7136,51.7855
387,2012-08-29,2012-09-10,2016-11-14,26533,6,SO49564,1,1000.4375,1000.4375,0,605.6492,1000.4375,80.035,25.0109
356,2012-08-29,2012-09-10,2016-11-15,21501,6,SO49565,1,2071.4196,2071.4196,0,1117.8559,2071.4196,165.7136,51.7855
333,2012-08-29,2012-09-10,2016-11-16,15565,1,SO49566,1,782.99,782.99,0,486.7066,782.99,62.6392,19.5748
356,2012-08-29,2012-09-10,2016-11-17,12634,10,SO49567,1,2071.4196,2071.4196,0,1117.8559,2071.4196,165.7136,51.7855
375,2012-08-29,2012-09-10,2016-11-18,24003,9,SO49568,1,2181.5625,2181.5625,0,1320.6838,2181.5625,174.525,54.5391
381,2012-08-28,2012-09-09,2016-11-19,19440,10,SO49549,1,1000.4375,1000.4375,0,605.6492,1000.4375,80.035,25.0109
329,2012-08-28,2012-09-09,2016-11-20,19380,7,SO49550,1,782.99,782.99,0,486.7066,782.99,62.6392,19.5748
333,2012-08-28,2012-09-09,2016-11-21,21040,10,SO49551,1,782.99,782.99,0,486.7066,782.99,62.6392,19.5748
358,2012-08-28,2012-09-09,2016-11-22,12647,10,SO49552,1,2049.0982,2049.0982,0,1105.81,2049.0982,163.9279,51.2275
354,2012-08-28,2012-09-09,2016-11-23,14302,9,SO49553,1,2071.4196,2071.4196,0,1117.8559,2071.4196,165.7136,51.7855
337,2012-08-28,2012-09-09,2016-11-24,15739,4,SO49554,1,782.99,782.99,0,486.7066,782.99,62.6392,19.5748
387,2012-08-28,2012-09-09,2016-11-25,25036,9,SO49555,1,1000.4375,1000.4375,0,605.6492,1000.4375,80.035,25.0109
339,2012-08-28,2012-09-09,2016-11-26,26752,9,SO49556,1,782.99,782.99,0,486.7066,782.99,62.6392,19.5748
335,2012-08-28,2012-09-09,2016-11-27,26753,9,SO49557,1,782.99,782.99,0,486.7066,782.99,62.6392,19.5748
377,2012-08-27,2012-09-08,2016-11-28,17181,8,SO49435,1,2181.5625,2181.5625,0,1320.6838,2181.5625,174.525,54.5391
323,2012-08-27,2012-09-08,2016-11-29,20847,8,SO49436,1,782.99,782.99,0,486.7066,782.99,62.6392,19.5748
331,2012-08-27,2012-09-08,2016-11-30,19336,7,SO49437,1,782.99,782.99,0,486.7066,782.99,62.6392,19.5748
356,2012-08-27,2012-09-08,2016-12-01,14020,9,SO49438,1,2071.4196,2071.4196,0,1117.8559,2071.4196,165.7136,51.7855
356,2012-08-27,2012-09-08,2016-12-02,14064,9,SO49439,1,2071.4196,2071.4196,0,1117.8559,2071.4196,165.7136,51.7855
360,2012-08-27,2012-09-08,2016-12-03,14101,9,SO49440,1,2049.0982,2049.0982,0,1105.81,2049.0982,163.9279,51.2275
358,2012-08-27,2012-09-08,2016-12-04,27044,4,SO49441,1,2049.0982,2049.0982,0,1105.81,2049.0982,163.9279,51.2275
335,2012-08-27,2012-09-08,2016-12-05,15532,4,SO49442,1,782.99,782.99,0,486.7066,782.99,62.6392,19.5748
373,2012-08-26,2012-09-07,2016-12-06,17841,10,SO49432,1,2181.5625,2181.5625,0,1320.6838,2181.5625,174.525,54.5391
373,2012-08-26,2012-09-07,2016-12-07,23544,9,SO49433,1,2181.5625,2181.5625,0,1320.6838,2181.5625,174.525,54.5391
381,2012-08-26,2012-09-07,2016-12-08,14357,4,SO49434,1,1000.4375,1000.4375,0,605.6492,1000.4375,80.035,25.0109
369,2012-08-25,2012-09-06,2016-12-09,15623,7,SO49425,1,2443.35,2443.35,0,1518.7864,2443.35,195.468,61.0838
323,2012-08-25,2012-09-06,2016-12-10,20921,10,SO49426,1,782.99,782.99,0,486.7066,782.99,62.6392,19.5748
339,2012-08-25,2012-09-06,2016-12-11,19338,7,SO49427,1,782.99,782.99,0,486.7066,782.99,62.6392,19.5748
368,2012-08-25,2012-09-06,2016-12-12,13870,1,SO49428,1,2443.35,2443.35,0,1518.7864,2443.35,195.468,61.0838
360,2012-08-25,2012-09-06,2016-12-13,14012,9,SO49429,1,2049.0982,2049.0982,0,1105.81,2049.0982,163.9279,51.2275
327,2012-08-25,2012-09-06,2016-12-14,15538,4,SO49430,1,782.99,782.99,0,486.7066,782.99,62.6392,19.5748
333,2012-08-25,2012-09-06,2016-12-15,15548,4,SO49431,1,782.99,782.99,0,486.7066,782.99,62.6392,19.5748
369,2012-08-24,2012-09-05,2016-12-16,17184,8,SO49410,1,2443.35,2443.35,0,1518.7864,2443.35,195.468,61.0838
368,2012-08-24,2012-09-05,2016-12-17,15676,7,SO49411,1,2443.35,2443.35,0,1518.7864,2443.35,195.468,61.0838
373,2012-08-24,2012-09-05,2016-12-18,16826,8,SO49412,1,2181.5625,2181.5625,0,1320.6838,2181.5625,174.525,54.5391
369,2012-08-24,2012-09-05,2016-12-19,17798,10,SO49413,1,2443.35,2443.35,0,1518.7864,2443.35,195.468,61.0838
368,2012-08-24,2012-09-05,2016-12-20,17096,8,SO49414,1,2443.35,2443.35,0,1518.7864,2443.35,195.468,61.0838
370,2012-08-24,2012-09-05,2016-12-21,17107,8,SO49415,1,2443.35,2443.35,0,1518.7864,2443.35,195.468,61.0838
341,2012-08-24,2012-09-05,2016-12-22,20917,10,SO49416,1,782.99,782.99,0,486.7066,782.99,62.6392,19.5748
362,2012-08-24,2012-09-05,2016-12-23,12623,10,SO49417,1,2049.0982,2049.0982,0,1105.81,2049.0982,163.9279,51.2275
352,2012-08-24,2012-09-05,2016-12-24,14030,9,SO49418,1,2071.4196,2071.4196,0,1117.8559,2071.4196,165.7136,51.7855
368,2012-08-24,2012-09-05,2016-12-25,23534,9,SO49419,1,2443.35,2443.35,0,1518.7864,2443.35,195.468,61.0838
389,2012-08-24,2012-09-05,2016-12-26,14354,4,SO49420,1,1000.4375,1000.4375,0,605.6492,1000.4375,80.035,25.0109
379,2012-08-24,2012-09-05,2016-12-27,23573,9,SO49421,1,2181.5625,2181.5625,0,1320.6838,2181.5625,174.525,54.5391
370,2012-08-24,2012-09-05,2016-12-28,23648,9,SO49422,1,2443.35,2443.35,0,1518.7864,2443.35,195.468,61.0838
331,2012-08-24,2012-09-05,2016-12-29,26666,9,SO49423,1,782.99,782.99,0,486.7066,782.99,62.6392,19.5748
343,2012-08-24,2012-09-05,2016-12-30,26740,9,SO49424,1,782.99,782.99,0,486.7066,782.99,62.6392,19.5748
339,2012-08-23,2012-09-04,2016-12-31,15540,4,SO49399,1,782.99,782.99,0,486.7066,782.99,62.6392,19.5748
373,2012-08-23,2012-09-04,2017-01-01,17794,10,SO49400,1,2181.5625,2181.5625,0,1320.6838,2181.5625,174.525,54.5391
369,2012-08-23,2012-09-04,2017-01-02,17813,10,SO49401,1,2443.35,2443.35,0,1518.7864,2443.35,195.468,61.0838
352,2012-08-23,2012-09-04,2017-01-03,12302,8,SO49402,1,2071.4196,2071.4196,0,1117.8559,2071.4196,165.7136,51.7855
362,2012-08-23,2012-09-04,2017-01-04,12397,8,SO49403,1,2049.0982,2049.0982,0,1105.81,2049.0982,163.9279,51.2275
377,2012-08-23,2012-09-04,2017-01-05,23425,9,SO49404,1,2181.5625,2181.5625,0,1320.6838,2181.5625,174.525,54.5391
360,2012-08-23,2012-09-04,2017-01-06,21332,6,SO49405,1,2049.0982,2049.0982,0,1105.81,2049.0982,163.9279,51.2275
354,2012-08-23,2012-09-04,2017-01-07,27021,4,SO49406,1,2071.4196,2071.4196,0,1117.8559,2071.4196,165.7136,51.7855
389,2012-08-23,2012-09-04,2017-01-08,14356,4,SO49407,1,1000.4375,1000.4375,0,605.6492,1000.4375,80.035,25.0109
323,2012-08-23,2012-09-04,2017-01-09,15535,4,SO49408,1,782.99,782.99,0,486.7066,782.99,62.6392,19.5748
358,2012-08-23,2012-09-04,2017-01-10,13975,9,SO49409,1,2049.0982,2049.0982,0,1105.81,2049.0982,163.9279,51.2275
370,2012-08-22,2012-09-03,2017-01-11,23538,9,SO49396,1,2443.35,2443.35,0,1518.7864,2443.35,195.468,61.0838
321,2012-08-22,2012-09-03,2017-01-12,15551,1,SO49397,1,782.99,782.99,0,486.7066,782.99,62.6392,19.5748
331,2012-08-22,2012-09-03,2017-01-13,26745,9,SO49398,1,782.99,782.99,0,486.7066,782.99,62.6392,19.5748
375,2012-08-21,2012-09-02,2017-01-14,17803,10,SO49385,1,2181.5625,2181.5625,0,1320.6838,2181.5625,174.525,54.5391
373,2012-08-21,2012-09-02,2017-01-15,17093,8,SO49386,1,2181.5625,2181.5625,0,1320.6838,2181.5625,174.525,54.5391
369,2012-08-21,2012-09-02,2017-01-16,17114,8,SO49387,1,2443.35,2443.35,0,1518.7864,2443.35,195.468,61.0838
356,2012-08-21,2012-09-02,2017-01-17,12298,8,SO49388,1,2071.4196,2071.4196,0,1117.8559,2071.4196,165.7136,51.7855
335,2012-08-21,2012-09-02,2017-01-18,20975,10,SO49389,1,782.99,782.99,0,486.7066,782.99,62.6392,19.5748
335,2012-08-21,2012-09-02,2017-01-19,19326,7,SO49390,1,782.99,782.99,0,486.7066,782.99,62.6392,19.5748
379,2012-08-21,2012-09-02,2017-01-20,13877,4,SO49391,1,2181.5625,2181.5625,0,1320.6838,2181.5625,174.525,54.5391
362,2012-08-21,2012-09-02,2017-01-21,14066,9,SO49392,1,2049.0982,2049.0982,0,1105.81,2049.0982,163.9279,51.2275
375,2012-08-21,2012-09-02,2017-01-22,23422,9,SO49393,1,2181.5625,2181.5625,0,1320.6838,2181.5625,174.525,54.5391
379,2012-08-21,2012-09-02,2017-01-23,23525,9,SO49394,1,2181.5625,2181.5625,0,1320.6838,2181.5625,174.525,54.5391
369,2012-08-21,2012-09-02,2017-01-24,23572,9,SO49395,1,2443.35,2443.35,0,1518.7864,2443.35,195.468,61.0838
369,2012-08-20,2012-09-01,2017-01-25,15666,7,SO49372,1,2443.35,2443.35,0,1518.7864,2443.35,195.468,61.0838
383,2012-08-20,2012-09-01,2017-01-26,17752,7,SO49373,1,1000.4375,1000.4375,0,605.6492,1000.4375,80.035,25.0109
333,2012-08-20,2012-09-01,2017-01-27,20933,10,SO49374,1,782.99,782.99,0,486.7066,782.99,62.6392,19.5748
354,2012-08-20,2012-09-01,2017-01-28,12330,8,SO49375,1,2071.4196,2071.4196,0,1117.8559,2071.4196,165.7136,51.7855
354,2012-08-20,2012-09-01,2017-01-29,14125,9,SO49376,1,2071.4196,2071.4196,0,1117.8559,2071.4196,165.7136,51.7855
371,2012-08-20,2012-09-01,2017-01-30,23435,9,SO49377,1,2181.5625,2181.5625,0,1320.6838,2181.5625,174.525,54.5391
360,2012-08-20,2012-09-01,2017-01-31,27051,4,SO49378,1,2049.0982,2049.0982,0,1105.81,2049.0982,163.9279,51.2275
360,2012-08-20,2012-09-01,2017-02-01,27067,4,SO49379,1,2049.0982,2049.0982,0,1105.81,2049.0982,163.9279,51.2275
337,2012-08-20,2012-09-01,2017-02-02,15542,4,SO49380,1,782.99,782.99,0,486.7066,782.99,62.6392,19.5748
333,2012-08-20,2012-09-01,2017-02-03,15553,4,SO49381,1,782.99,782.99,0,486.7066,782.99,62.6392,19.5748
383,2012-08-20,2012-09-01,2017-02-04,25030,9,SO49382,1,1000.4375,1000.4375,0,605.6492,1000.4375,80.035,25.0109
383,2012-08-20,2012-09-01,2017-02-05,25032,9,SO49383,1,1000.4375,1000.4375,0,605.6492,1000.4375,80.035,25.0109
354,2012-08-20,2012-09-01,2017-02-06,29414,7,SO49384,1,2071.4196,2071.4196,0,1117.8559,2071.4196,165.7136,51.7855
358,2012-08-19,2012-08-31,2017-02-07,12622,10,SO49362,1,2049.0982,2049.0982,0,1105.81,2049.0982,163.9279,51.2275
360,2012-08-19,2012-08-31,2017-02-08,14062,9,SO49363,1,2049.0982,2049.0982,0,1105.81,2049.0982,163.9279,51.2275
379,2012-08-19,2012-08-31,2017-02-09,23434,9,SO49364,1,2181.5625,2181.5625,0,1320.6838,2181.5625,174.525,54.5391
368,2012-08-19,2012-08-31,2017-02-10,23529,9,SO49365,1,2443.35,2443.35,0,1518.7864,2443.35,195.468,61.0838
377,2012-08-19,2012-08-31,2017-02-11,23546,9,SO49366,1,2181.5625,2181.5625,0,1320.6838,2181.5625,174.525,54.5391
362,2012-08-19,2012-08-31,2017-02-12,27047,1,SO49367,1,2049.0982,2049.0982,0,1105.81,2049.0982,163.9279,51.2275
325,2012-08-19,2012-08-31,2017-02-13,15528,1,SO49368,1,782.99,782.99,0,486.7066,782.99,62.6392,19.5748
343,2012-08-19,2012-08-31,2017-02-14,15552,1,SO49369,1,782.99,782.99,0,486.7066,782.99,62.6392,19.5748
379,2012-08-19,2012-08-31,2017-02-15,23574,9,SO49370,1,2181.5625,2181.5625,0,1320.6838,2181.5625,174.525,54.5391
329,2012-08-19,2012-08-31,2017-02-16,26663,9,SO49371,1,782.99,782.99,0,486.7066,782.99,62.6392,19.5748
375,2012-08-18,2012-08-30,2017-02-17,17082,8,SO49352,1,2181.5625,2181.5625,0,1320.6838,2181.5625,174.525,54.5391
325,2012-08-18,2012-08-30,2017-02-18,20931,10,SO49353,1,782.99,782.99,0,486.7066,782.99,62.6392,19.5748
373,2012-08-18,2012-08-30,2017-02-19,13883,4,SO49354,1,2181.5625,2181.5625,0,1320.6838,2181.5625,174.525,54.5391
362,2012-08-18,2012-08-30,2017-02-20,14031,9,SO49355,1,2049.0982,2049.0982,0,1105.81,2049.0982,163.9279,51.2275
369,2012-08-18,2012-08-30,2017-02-21,23540,9,SO49356,1,2443.35,2443.35,0,1518.7864,2443.35,195.468,61.0838
377,2012-08-18,2012-08-30,2017-02-22,23542,9,SO49357,1,2181.5625,2181.5625,0,1320.6838,2181.5625,174.525,54.5391
356,2012-08-18,2012-08-30,2017-02-23,27076,4,SO49358,1,2071.4196,2071.4196,0,1117.8559,2071.4196,165.7136,51.7855
385,2012-08-18,2012-08-30,2017-02-24,14343,1,SO49359,1,1000.4375,1000.4375,0,605.6492,1000.4375,80.035,25.0109
358,2012-08-18,2012-08-30,2017-02-25,27069,4,SO49360,1,2049.0982,2049.0982,0,1105.81,2049.0982,163.9279,51.2275
373,2012-08-18,2012-08-30,2017-02-26,15663,7,SO49361,1,2181.5625,2181.5625,0,1320.6838,2181.5625,174.525,54.5391
368,2012-08-17,2012-08-29,2017-02-27,17183,8,SO49339,1,2443.35,2443.35,0,1518.7864,2443.35,195.468,61.0838
375,2012-08-17,2012-08-29,2017-02-28,15624,7,SO49340,1,2181.5625,2181.5625,0,1320.6838,2181.5625,174.525,54.5391
381,2012-08-17,2012-08-29,2017-03-01,17756,7,SO49341,1,1000.4375,1000.4375,0,605.6492,1000.4375,80.035,25.0109
356,2012-08-17,2012-08-29,2017-03-02,12599,10,SO49342,1,2071.4196,2071.4196,0,1117.8559,2071.4196,165.7136,51.7855
356,2012-08-17,2012-08-29,2017-03-03,14033,9,SO49343,1,2071.4196,2071.4196,0,1117.8559,2071.4196,165.7136,51.7855
352,2012-08-17,2012-08-29,2017-03-04,14048,9,SO49344,1,2071.4196,2071.4196,0,1117.8559,2071.4196,165.7136,51.7855
362,2012-08-17,2012-08-29,2017-03-05,14070,9,SO49345,1,2049.0982,2049.0982,0,1105.81,2049.0982,163.9279,51.2275
362,2012-08-17,2012-08-29,2017-03-06,14218,9,SO49346,1,2049.0982,2049.0982,0,1105.81,2049.0982,163.9279,51.2275
369,2012-08-17,2012-08-29,2017-03-07,23539,9,SO49347,1,2443.35,2443.35,0,1518.7864,2443.35,195.468,61.0838
369,2012-08-17,2012-08-29,2017-03-08,23547,9,SO49348,1,2443.35,2443.35,0,1518.7864,2443.35,195.468,61.0838
360,2012-08-17,2012-08-29,2017-03-09,27045,1,SO49349,1,2049.0982,2049.0982,0,1105.81,2049.0982,163.9279,51.2275
331,2012-08-17,2012-08-29,2017-03-10,15547,4,SO49350,1,782.99,782.99,0,486.7066,782.99,62.6392,19.5748
329,2012-08-17,2012-08-29,2017-03-11,26673,9,SO49351,1,782.99,782.99,0,486.7066,782.99,62.6392,19.5748
369,2012-08-16,2012-08-28,2017-03-12,17790,10,SO49327,1,2443.35,2443.35,0,1518.7864,2443.35,195.468,61.0838
373,2012-08-16,2012-08-28,2017-03-13,17812,10,SO49328,1,2181.5625,2181.5625,0,1320.6838,2181.5625,174.525,54.5391
387,2012-08-16,2012-08-28,2017-03-14,17754,7,SO49329,1,1000.4375,1000.4375,0,605.6492,1000.4375,80.035,25.0109
354,2012-08-16,2012-08-28,2017-03-15,12314,8,SO49330,1,2071.4196,2071.4196,0,1117.8559,2071.4196,165.7136,51.7855
358,2012-08-16,2012-08-28,2017-03-16,12384,8,SO49331,1,2049.0982,2049.0982,0,1105.81,2049.0982,163.9279,51.2275
352,2012-08-16,2012-08-28,2017-03-17,14063,9,SO49332,1,2071.4196,2071.4196,0,1117.8559,2071.4196,165.7136,51.7855
354,2012-08-16,2012-08-28,2017-03-18,14102,9,SO49333,1,2071.4196,2071.4196,0,1117.8559,2071.4196,165.7136,51.7855
360,2012-08-16,2012-08-28,2017-03-19,14132,9,SO49334,1,2049.0982,2049.0982,0,1105.81,2049.0982,163.9279,51.2275
375,2012-08-16,2012-08-28,2017-03-20,23429,9,SO49335,1,2181.5625,2181.5625,0,1320.6838,2181.5625,174.525,54.5391
377,2012-08-16,2012-08-28,2017-03-21,23523,9,SO49336,1,2181.5625,2181.5625,0,1320.6838,2181.5625,174.525,54.5391
362,2012-08-16,2012-08-28,2017-03-22,27068,4,SO49337,1,2049.0982,2049.0982,0,1105.81,2049.0982,163.9279,51.2275
369,2012-08-16,2012-08-28,2017-03-23,23571,9,SO49338,1,2443.35,2443.35,0,1518.7864,2443.35,195.468,61.0838
362,2012-08-15,2012-08-27,2017-03-24,12612,10,SO49323,1,2049.0982,2049.0982,0,1105.81,2049.0982,163.9279,51.2275
352,2012-08-15,2012-08-27,2017-03-25,12461,8,SO49324,1,2071.4196,2071.4196,0,1117.8559,2071.4196,165.7136,51.7855
356,2012-08-15,2012-08-27,2017-03-26,14219,9,SO49325,1,2071.4196,2071.4196,0,1117.8559,2071.4196,165.7136,51.7855
360,2012-08-15,2012-08-27,2017-03-27,21305,6,SO49326,1,2049.0982,2049.0982,0,1105.81,2049.0982,163.9279,51.2275
369,2012-08-14,2012-08-26,2017-03-28,17086,8,SO49312,1,2443.35,2443.35,0,1518.7864,2443.35,195.468,61.0838
358,2012-08-14,2012-08-26,2017-03-29,14039,9,SO49313,1,2049.0982,2049.0982,0,1105.81,2049.0982,163.9279,51.2275
362,2012-08-14,2012-08-26,2017-03-30,14214,9,SO49314,1,2049.0982,2049.0982,0,1105.81,2049.0982,163.9279,51.2275
362,2012-08-14,2012-08-26,2017-03-31,14215,9,SO49315,1,2049.0982,2049.0982,0,1105.81,2049.0982,163.9279,51.2275
379,2012-08-14,2012-08-26,2017-04-01,23433,9,SO49316,1,2181.5625,2181.5625,0,1320.6838,2181.5625,174.525,54.5391
381,2012-08-14,2012-08-26,2017-04-02,14355,1,SO49317,1,1000.4375,1000.4375,0,605.6492,1000.4375,80.035,25.0109
333,2012-08-14,2012-08-26,2017-04-03,27267,6,SO49318,1,782.99,782.99,0,486.7066,782.99,62.6392,19.5748
387,2012-08-14,2012-08-26,2017-04-04,25022,9,SO49319,1,1000.4375,1000.4375,0,605.6492,1000.4375,80.035,25.0109
373,2012-08-14,2012-08-26,2017-04-05,23649,9,SO49320,1,2181.5625,2181.5625,0,1320.6838,2181.5625,174.525,54.5391
356,2012-08-14,2012-08-26,2017-04-06,27063,1,SO49321,1,2071.4196,2071.4196,0,1117.8559,2071.4196,165.7136,51.7855
329,2012-08-14,2012-08-26,2017-04-07,26747,9,SO49322,1,782.99,782.99,0,486.7066,782.99,62.6392,19.5748
377,2012-08-13,2012-08-25,2017-04-08,15665,7,SO49301,1,2181.5625,2181.5625,0,1320.6838,2181.5625,174.525,54.5391
371,2012-08-13,2012-08-25,2017-04-09,15651,7,SO49302,1,2181.5625,2181.5625,0,1320.6838,2181.5625,174.525,54.5391
377,2012-08-13,2012-08-25,2017-04-10,17103,8,SO49303,1,2181.5625,2181.5625,0,1320.6838,2181.5625,174.525,54.5391
381,2012-08-13,2012-08-25,2017-04-11,19437,10,SO49304,1,1000.4375,1000.4375,0,605.6492,1000.4375,80.035,25.0109
371,2012-08-13,2012-08-25,2017-04-12,13866,4,SO49305,1,2181.5625,2181.5625,0,1320.6838,2181.5625,174.525,54.5391
373,2012-08-13,2012-08-25,2017-04-13,13886,4,SO49306,1,2181.5625,2181.5625,0,1320.6838,2181.5625,174.525,54.5391
358,2012-08-13,2012-08-25,2017-04-14,14071,9,SO49307,1,2049.0982,2049.0982,0,1105.81,2049.0982,163.9279,51.2275
352,2012-08-13,2012-08-25,2017-04-15,14128,9,SO49308,1,2071.4196,2071.4196,0,1117.8559,2071.4196,165.7136,51.7855
381,2012-08-13,2012-08-25,2017-04-16,14364,4,SO49309,1,1000.4375,1000.4375,0,605.6492,1000.4375,80.035,25.0109
337,2012-08-13,2012-08-25,2017-04-17,15527,4,SO49310,1,782.99,782.99,0,486.7066,782.99,62.6392,19.5748
335,2012-08-13,2012-08-25,2017-04-18,26743,9,SO49311,1,782.99,782.99,0,486.7066,782.99,62.6392,19.5748
369,2012-08-12,2012-08-24,2017-04-19,16940,8,SO49290,1,2443.35,2443.35,0,1518.7864,2443.35,195.468,61.0838
387,2012-08-12,2012-08-24,2017-04-20,19433,10,SO49291,1,1000.4375,1000.4375,0,605.6492,1000.4375,80.035,25.0109
389,2012-08-12,2012-08-24,2017-04-21,19038,8,SO49292,1,1000.4375,1000.4375,0,605.6492,1000.4375,80.035,25.0109
358,2012-08-12,2012-08-24,2017-04-22,12297,8,SO49293,1,2049.0982,2049.0982,0,1105.81,2049.0982,163.9279,51.2275
368,2012-08-12,2012-08-24,2017-04-23,13882,4,SO49294,1,2443.35,2443.35,0,1518.7864,2443.35,195.468,61.0838
362,2012-08-12,2012-08-24,2017-04-24,12388,8,SO49295,1,2049.0982,2049.0982,0,1105.81,2049.0982,163.9279,51.2275
356,2012-08-12,2012-08-24,2017-04-25,14010,9,SO49296,1,2071.4196,2071.4196,0,1117.8559,2071.4196,165.7136,51.7855
358,2012-08-12,2012-08-24,2017-04-26,14127,9,SO49297,1,2049.0982,2049.0982,0,1105.81,2049.0982,163.9279,51.2275
356,2012-08-12,2012-08-24,2017-04-27,14210,9,SO49298,1,2071.4196,2071.4196,0,1117.8559,2071.4196,165.7136,51.7855
377,2012-08-12,2012-08-24,2017-04-28,23533,9,SO49299,1,2181.5625,2181.5625,0,1320.6838,2181.5625,174.525,54.5391
383,2012-08-12,2012-08-24,2017-04-29,14362,1,SO49300,1,1000.4375,1000.4375,0,605.6492,1000.4375,80.035,25.0109
368,2012-08-11,2012-08-23,2017-04-30,17815,10,SO49280,1,2443.35,2443.35,0,1518.7864,2443.35,195.468,61.0838
343,2012-08-11,2012-08-23,2017-05-01,19324,7,SO49281,1,782.99,782.99,0,486.7066,782.99,62.6392,19.5748
362,2012-08-11,2012-08-23,2017-05-02,14133,9,SO49282,1,2049.0982,2049.0982,0,1105.81,2049.0982,163.9279,51.2275
352,2012-08-11,2012-08-23,2017-05-03,14220,9,SO49283,1,2071.4196,2071.4196,0,1117.8559,2071.4196,165.7136,51.7855
375,2012-08-11,2012-08-23,2017-05-04,23436,9,SO49284,1,2181.5625,2181.5625,0,1320.6838,2181.5625,174.525,54.5391
356,2012-08-11,2012-08-23,2017-05-05,27077,4,SO49285,1,2071.4196,2071.4196,0,1117.8559,2071.4196,165.7136,51.7855
352,2012-08-11,2012-08-23,2017-05-06,27050,1,SO49286,1,2071.4196,2071.4196,0,1117.8559,2071.4196,165.7136,51.7855
356,2012-08-11,2012-08-23,2017-05-07,14007,9,SO49287,1,2071.4196,2071.4196,0,1117.8559,2071.4196,165.7136,51.7855
354,2012-08-11,2012-08-23,2017-05-08,13994,9,SO49288,1,2071.4196,2071.4196,0,1117.8559,2071.4196,165.7136,51.7855
331,2012-08-11,2012-08-23,2017-05-09,26748,9,SO49289,1,782.99,782.99,0,486.7066,782.99,62.6392,19.5748
379,2012-08-10,2012-08-22,2017-05-10,17849,10,SO49276,1,2181.5625,2181.5625,0,1320.6838,2181.5625,174.525,54.5391
352,2012-08-10,2012-08-22,2017-05-11,12615,10,SO49277,1,2071.4196,2071.4196,0,1117.8559,2071.4196,165.7136,51.7855
358,2012-08-10,2012-08-22,2017-05-12,14038,9,SO49278,1,2049.0982,2049.0982,0,1105.81,2049.0982,163.9279,51.2275
362,2012-08-10,2012-08-22,2017-05-13,14045,9,SO49279,1,2049.0982,2049.0982,0,1105.81,2049.0982,163.9279,51.2275
373,2012-08-09,2012-08-21,2017-05-14,13884,1,SO49269,1,2181.5625,2181.5625,0,1320.6838,2181.5625,174.525,54.5391
352,2012-08-09,2012-08-21,2017-05-15,29412,7,SO49270,1,2071.4196,2071.4196,0,1117.8559,2071.4196,165.7136,51.7855
354,2012-08-09,2012-08-21,2017-05-16,12630,10,SO49271,1,2071.4196,2071.4196,0,1117.8559,2071.4196,165.7136,51.7855
362,2012-08-09,2012-08-21,2017-05-17,14055,9,SO49272,1,2049.0982,2049.0982,0,1105.81,2049.0982,163.9279,51.2275
352,2012-08-09,2012-08-21,2017-05-18,21272,6,SO49273,1,2071.4196,2071.4196,0,1117.8559,2071.4196,165.7136,51.7855
362,2012-08-09,2012-08-21,2017-05-19,21311,6,SO49274,1,2049.0982,2049.0982,0,1105.81,2049.0982,163.9279,51.2275
368,2012-08-09,2012-08-21,2017-05-20,23645,9,SO49275,1,2443.35,2443.35,0,1518.7864,2443.35,195.468,61.0838
368,2012-08-08,2012-08-20,2017-05-21,17828,10,SO49258,1,2443.35,2443.35,0,1518.7864,2443.35,195.468,61.0838
360,2012-08-08,2012-08-20,2017-05-22,29397,7,SO49259,1,2049.0982,2049.0982,0,1105.81,2049.0982,163.9279,51.2275
362,2012-08-08,2012-08-20,2017-05-23,12608,10,SO49260,1,2049.0982,2049.0982,0,1105.81,2049.0982,163.9279,51.2275
360,2012-08-08,2012-08-20,2017-05-24,12609,10,SO49261,1,2049.0982,2049.0982,0,1105.81,2049.0982,163.9279,51.2275
333,2012-08-08,2012-08-20,2017-05-25,19335,7,SO49262,1,782.99,782.99,0,486.7066,782.99,62.6392,19.5748
343,2012-08-08,2012-08-20,2017-05-26,20843,8,SO49263,1,782.99,782.99,0,486.7066,782.99,62.6392,19.5748
356,2012-08-08,2012-08-20,2017-05-27,14046,9,SO49264,1,2071.4196,2071.4196,0,1117.8559,2071.4196,165.7136,51.7855
356,2012-08-08,2012-08-20,2017-05-28,14050,9,SO49265,1,2071.4196,2071.4196,0,1117.8559,2071.4196,165.7136,51.7855
362,2012-08-08,2012-08-20,2017-05-29,14051,9,SO49266,1,2049.0982,2049.0982,0,1105.81,2049.0982,163.9279,51.2275
356,2012-08-08,2012-08-20,2017-05-30,14131,9,SO49267,1,2071.4196,2071.4196,0,1117.8559,2071.4196,165.7136,51.7855
356,2012-08-08,2012-08-20,2017-05-31,27056,4,SO49268,1,2071.4196,2071.4196,0,1117.8559,2071.4196,165.7136,51.7855
369,2012-08-07,2012-08-19,2017-06-01,17793,10,SO49247,1,2443.35,2443.35,0,1518.7864,2443.35,195.468,61.0838
387,2012-08-07,2012-08-19,2017-06-02,17766,7,SO49248,1,1000.4375,1000.4375,0,605.6492,1000.4375,80.035,25.0109
385,2012-08-07,2012-08-19,2017-06-03,17767,7,SO49249,1,1000.4375,1000.4375,0,605.6492,1000.4375,80.035,25.0109
343,2012-08-07,2012-08-19,2017-06-04,19323,7,SO49250,1,782.99,782.99,0,486.7066,782.99,62.6392,19.5748
377,2012-08-07,2012-08-19,2017-06-05,13871,4,SO49251,1,2181.5625,2181.5625,0,1320.6838,2181.5625,174.525,54.5391
352,2012-08-07,2012-08-19,2017-06-06,12378,8,SO49252,1,2071.4196,2071.4196,0,1117.8559,2071.4196,165.7136,51.7855
360,2012-08-07,2012-08-19,2017-06-07,14211,9,SO49253,1,2049.0982,2049.0982,0,1105.81,2049.0982,163.9279,51.2275
358,2012-08-07,2012-08-19,2017-06-08,14216,9,SO49254,1,2049.0982,2049.0982,0,1105.81,2049.0982,163.9279,51.2275
327,2012-08-07,2012-08-19,2017-06-09,15523,1,SO49255,1,782.99,782.99,0,486.7066,782.99,62.6392,19.5748
354,2012-08-07,2012-08-19,2017-06-10,13997,9,SO49256,1,2071.4196,2071.4196,0,1117.8559,2071.4196,165.7136,51.7855
321,2012-08-07,2012-08-19,2017-06-11,26746,9,SO49257,1,782.99,782.99,0,486.7066,782.99,62.6392,19.5748
354,2012-08-06,2012-08-18,2017-06-12,14011,9,SO49239,1,2071.4196,2071.4196,0,1117.8559,2071.4196,165.7136,51.7855
352,2012-08-06,2012-08-18,2017-06-13,14058,9,SO49240,1,2071.4196,2071.4196,0,1117.8559,2071.4196,165.7136,51.7855
354,2012-08-06,2012-08-18,2017-06-14,14065,9,SO49241,1,2071.4196,2071.4196,0,1117.8559,2071.4196,165.7136,51.7855
368,2012-08-06,2012-08-18,2017-06-15,23524,9,SO49242,1,2443.35,2443.35,0,1518.7864,2443.35,195.468,61.0838
358,2012-08-06,2012-08-18,2017-06-16,27074,1,SO49243,1,2049.0982,2049.0982,0,1105.81,2049.0982,163.9279,51.2275
362,2012-08-06,2012-08-18,2017-06-17,21284,6,SO49244,1,2049.0982,2049.0982,0,1105.81,2049.0982,163.9279,51.2275
389,2012-08-06,2012-08-18,2017-06-18,25029,9,SO49245,1,1000.4375,1000.4375,0,605.6492,1000.4375,80.035,25.0109
373,2012-08-06,2012-08-18,2017-06-19,23640,9,SO49246,1,2181.5625,2181.5625,0,1320.6838,2181.5625,174.525,54.5391
375,2012-08-05,2012-08-17,2017-06-20,17191,8,SO49225,1,2181.5625,2181.5625,0,1320.6838,2181.5625,174.525,54.5391
370,2012-08-05,2012-08-17,2017-06-21,17792,10,SO49226,1,2443.35,2443.35,0,1518.7864,2443.35,195.468,61.0838
369,2012-08-05,2012-08-17,2017-06-22,13873,4,SO49227,1,2443.35,2443.35,0,1518.7864,2443.35,195.468,61.0838
360,2012-08-05,2012-08-17,2017-06-23,29404,7,SO49228,1,2049.0982,2049.0982,0,1105.81,2049.0982,163.9279,51.2275
356,2012-08-05,2012-08-17,2017-06-24,12390,8,SO49229,1,2071.4196,2071.4196,0,1117.8559,2071.4196,165.7136,51.7855
358,2012-08-05,2012-08-17,2017-06-25,21266,6,SO49230,1,2049.0982,2049.0982,0,1105.81,2049.0982,163.9279,51.2275
362,2012-08-05,2012-08-17,2017-06-26,27058,1,SO49231,1,2049.0982,2049.0982,0,1105.81,2049.0982,163.9279,51.2275
321,2012-08-05,2012-08-17,2017-06-27,15529,1,SO49232,1,782.99,782.99,0,486.7066,782.99,62.6392,19.5748
325,2012-08-05,2012-08-17,2017-06-28,15531,1,SO49233,1,782.99,782.99,0,486.7066,782.99,62.6392,19.5748
329,2012-08-05,2012-08-17,2017-06-29,15534,1,SO49234,1,782.99,782.99,0,486.7066,782.99,62.6392,19.5748
321,2012-08-05,2012-08-17,2017-06-30,15537,4,SO49235,1,782.99,782.99,0,486.7066,782.99,62.6392,19.5748
389,2012-08-05,2012-08-17,2017-07-01,25021,9,SO49236,1,1000.4375,1000.4375,0,605.6492,1000.4375,80.035,25.0109
385,2012-08-05,2012-08-17,2017-07-02,25035,9,SO49237,1,1000.4375,1000.4375,0,605.6492,1000.4375,80.035,25.0109
379,2012-08-05,2012-08-17,2017-07-03,23593,9,SO49238,1,2181.5625,2181.5625,0,1320.6838,2181.5625,174.525,54.5391
377,2012-08-04,2012-08-16,2017-07-04,15637,7,SO49217,1,2181.5625,2181.5625,0,1320.6838,2181.5625,174.525,54.5391
379,2012-08-04,2012-08-16,2017-07-05,26113,6,SO49218,1,2181.5625,2181.5625,0,1320.6838,2181.5625,174.525,54.5391
362,2012-08-04,2012-08-16,2017-07-06,12619,10,SO49219,1,2049.0982,2049.0982,0,1105.81,2049.0982,163.9279,51.2275
352,2012-08-04,2012-08-16,2017-07-07,14032,9,SO49220,1,2071.4196,2071.4196,0,1117.8559,2071.4196,165.7136,51.7855
379,2012-08-04,2012-08-16,2017-07-08,23532,9,SO49221,1,2181.5625,2181.5625,0,1320.6838,2181.5625,174.525,54.5391
352,2012-08-04,2012-08-16,2017-07-09,27078,4,SO49222,1,2071.4196,2071.4196,0,1117.8559,2071.4196,165.7136,51.7855
360,2012-08-04,2012-08-16,2017-07-10,27017,1,SO49223,1,2049.0982,2049.0982,0,1105.81,2049.0982,163.9279,51.2275
358,2012-08-04,2012-08-16,2017-07-11,27073,1,SO49224,1,2049.0982,2049.0982,0,1105.81,2049.0982,163.9279,51.2275
368,2012-08-03,2012-08-15,2017-07-12,17889,10,SO49200,1,2443.35,2443.35,0,1518.7864,2443.35,195.468,61.0838
370,2012-08-03,2012-08-15,2017-07-13,17795,10,SO49201,1,2443.35,2443.35,0,1518.7864,2443.35,195.468,61.0838
375,2012-08-03,2012-08-15,2017-07-14,17829,10,SO49202,1,2181.5625,2181.5625,0,1320.6838,2181.5625,174.525,54.5391
331,2012-08-03,2012-08-15,2017-07-15,19343,7,SO49203,1,782.99,782.99,0,486.7066,782.99,62.6392,19.5748
352,2012-08-03,2012-08-15,2017-07-16,14103,9,SO49204,1,2071.4196,2071.4196,0,1117.8559,2071.4196,165.7136,51.7855
358,2012-08-03,2012-08-15,2017-07-17,14130,9,SO49205,1,2049.0982,2049.0982,0,1105.81,2049.0982,163.9279,51.2275
375,2012-08-03,2012-08-15,2017-07-18,23423,9,SO49206,1,2181.5625,2181.5625,0,1320.6838,2181.5625,174.525,54.5391
369,2012-08-03,2012-08-15,2017-07-19,23432,9,SO49207,1,2443.35,2443.35,0,1518.7864,2443.35,195.468,61.0838
375,2012-08-03,2012-08-15,2017-07-20,23531,9,SO49208,1,2181.5625,2181.5625,0,1320.6838,2181.5625,174.525,54.5391
371,2012-08-03,2012-08-15,2017-07-21,23541,9,SO49209,1,2181.5625,2181.5625,0,1320.6838,2181.5625,174.525,54.5391
356,2012-08-03,2012-08-15,2017-07-22,21331,6,SO49210,1,2071.4196,2071.4196,0,1117.8559,2071.4196,165.7136,51.7855
354,2012-08-03,2012-08-15,2017-07-23,27020,4,SO49211,1,2071.4196,2071.4196,0,1117.8559,2071.4196,165.7136,51.7855
387,2012-08-03,2012-08-15,2017-07-24,14337,1,SO49212,1,1000.4375,1000.4375,0,605.6492,1000.4375,80.035,25.0109
387,2012-08-03,2012-08-15,2017-07-25,25034,9,SO49213,1,1000.4375,1000.4375,0,605.6492,1000.4375,80.035,25.0109
379,2012-08-03,2012-08-15,2017-07-26,23575,9,SO49214,1,2181.5625,2181.5625,0,1320.6838,2181.5625,174.525,54.5391
325,2012-08-03,2012-08-15,2017-07-27,15521,4,SO49215,1,782.99,782.99,0,486.7066,782.99,62.6392,19.5748
327,2012-08-03,2012-08-15,2017-07-28,26749,9,SO49216,1,782.99,782.99,0,486.7066,782.99,62.6392,19.5748
387,2012-08-02,2012-08-14,2017-07-29,19435,10,SO49191,1,1000.4375,1000.4375,0,605.6492,1000.4375,80.035,25.0109
387,2012-08-02,2012-08-14,2017-07-30,19040,8,SO49192,1,1000.4375,1000.4375,0,605.6492,1000.4375,80.035,25.0109
360,2012-08-02,2012-08-14,2017-07-31,29390,7,SO49193,1,2049.0982,2049.0982,0,1105.81,2049.0982,163.9279,51.2275
335,2012-08-02,2012-08-14,2017-08-01,20922,10,SO49194,1,782.99,782.99,0,486.7066,782.99,62.6392,19.5748
321,2012-08-02,2012-08-14,2017-08-02,20845,8,SO49195,1,782.99,782.99,0,486.7066,782.99,62.6392,19.5748
354,2012-08-02,2012-08-14,2017-08-03,12386,8,SO49196,1,2071.4196,2071.4196,0,1117.8559,2071.4196,165.7136,51.7855
360,2012-08-02,2012-08-14,2017-08-04,29415,7,SO49197,1,2049.0982,2049.0982,0,1105.81,2049.0982,163.9279,51.2275
343,2012-08-02,2012-08-14,2017-08-05,26662,9,SO49198,1,782.99,782.99,0,486.7066,782.99,62.6392,19.5748
337,2012-08-02,2012-08-14,2017-08-06,26667,9,SO49199,1,782.99,782.99,0,486.7066,782.99,62.6392,19.5748
375,2012-08-01,2012-08-13,2017-08-07,17890,10,SO49181,1,2181.5625,2181.5625,0,1320.6838,2181.5625,174.525,54.5391
369,2012-08-01,2012-08-13,2017-08-08,16830,8,SO49182,1,2443.35,2443.35,0,1518.7864,2443.35,195.468,61.0838
370,2012-08-01,2012-08-13,2017-08-09,16944,8,SO49183,1,2443.35,2443.35,0,1518.7864,2443.35,195.468,61.0838
362,2012-08-01,2012-08-13,2017-08-10,14129,9,SO49184,1,2049.0982,2049.0982,0,1105.81,2049.0982,163.9279,51.2275
362,2012-08-01,2012-08-13,2017-08-11,14134,9,SO49185,1,2049.0982,2049.0982,0,1105.81,2049.0982,163.9279,51.2275
370,2012-08-01,2012-08-13,2017-08-12,23526,9,SO49186,1,2443.35,2443.35,0,1518.7864,2443.35,195.468,61.0838
379,2012-08-01,2012-08-13,2017-08-13,23545,9,SO49187,1,2181.5625,2181.5625,0,1320.6838,2181.5625,174.525,54.5391
358,2012-08-01,2012-08-13,2017-08-14,26815,1,SO49188,1,2049.0982,2049.0982,0,1105.81,2049.0982,163.9279,51.2275
341,2012-08-01,2012-08-13,2017-08-15,15525,4,SO49189,1,782.99,782.99,0,486.7066,782.99,62.6392,19.5748
383,2012-08-01,2012-08-13,2017-08-16,25033,9,SO49190,1,1000.4375,1000.4375,0,605.6492,1000.4375,80.035,25.0109
375,2012-07-31,2012-08-12,2017-08-17,13865,4,SO49171,1,2181.5625,2181.5625,0,1320.6838,2181.5625,174.525,54.5391
368,2012-07-31,2012-08-12,2017-08-18,13885,1,SO49172,1,2443.35,2443.35,0,1518.7864,2443.35,195.468,61.0838
352,2012-07-31,2012-08-12,2017-08-19,14047,9,SO49173,1,2071.4196,2071.4196,0,1117.8559,2071.4196,165.7136,51.7855
354,2012-07-31,2012-08-12,2017-08-20,14049,9,SO49174,1,2071.4196,2071.4196,0,1117.8559,2071.4196,165.7136,51.7855
370,2012-07-31,2012-08-12,2017-08-21,23431,9,SO49175,1,2443.35,2443.35,0,1518.7864,2443.35,195.468,61.0838
356,2012-07-31,2012-08-12,2017-08-22,27054,4,SO49176,1,2071.4196,2071.4196,0,1117.8559,2071.4196,165.7136,51.7855
354,2012-07-31,2012-08-12,2017-08-23,27064,1,SO49177,1,2071.4196,2071.4196,0,1117.8559,2071.4196,165.7136,51.7855
387,2012-07-31,2012-08-12,2017-08-24,14342,1,SO49178,1,1000.4375,1000.4375,0,605.6492,1000.4375,80.035,25.0109
381,2012-07-31,2012-08-12,2017-08-25,14365,4,SO49179,1,1000.4375,1000.4375,0,605.6492,1000.4375,80.035,25.0109
333,2012-07-31,2012-08-12,2017-08-26,26744,9,SO49180,1,782.99,782.99,0,486.7066,782.99,62.6392,19.5748
362,2012-07-30,2012-08-11,2017-08-27,29389,7,SO49031,1,2049.0982,2049.0982,0,1105.81,2049.0982,163.9279,51.2275
368,2012-07-30,2012-08-11,2017-08-28,15085,7,SO49032,1,2443.35,2443.35,0,1518.7864,2443.35,195.468,61.0838
375,2012-07-30,2012-08-11,2017-08-29,13747,1,SO49033,1,2181.5625,2181.5625,0,1320.6838,2181.5625,174.525,54.5391
368,2012-07-30,2012-08-11,2017-08-30,23321,9,SO49034,1,2443.35,2443.35,0,1518.7864,2443.35,195.468,61.0838
375,2012-07-30,2012-08-11,2017-08-31,23343,9,SO49035,1,2181.5625,2181.5625,0,1320.6838,2181.5625,174.525,54.5391
360,2012-07-30,2012-08-11,2017-09-01,26731,4,SO49036,1,2049.0982,2049.0982,0,1105.81,2049.0982,163.9279,51.2275
356,2012-07-30,2012-08-11,2017-09-02,20708,6,SO49037,1,2071.4196,2071.4196,0,1117.8559,2071.4196,165.7136,51.7855
360,2012-07-30,2012-08-11,2017-09-03,21138,6,SO49038,1,2049.0982,2049.0982,0,1105.81,2049.0982,163.9279,51.2275
333,2012-07-29,2012-08-10,2017-09-04,19319,7,SO49025,1,782.99,782.99,0,486.7066,782.99,62.6392,19.5748
370,2012-07-29,2012-08-10,2017-09-05,16549,8,SO49026,1,2443.35,2443.35,0,1518.7864,2443.35,195.468,61.0838
325,2012-07-29,2012-08-10,2017-09-06,15501,4,SO49027,1,782.99,782.99,0,486.7066,782.99,62.6392,19.5748
360,2012-07-29,2012-08-10,2017-09-07,13648,9,SO49028,1,2049.0982,2049.0982,0,1105.81,2049.0982,163.9279,51.2275
383,2012-07-29,2012-08-10,2017-09-08,25020,9,SO49029,1,1000.4375,1000.4375,0,605.6492,1000.4375,80.035,25.0109
375,2012-07-29,2012-08-10,2017-09-09,23119,9,SO49030,1,2181.5625,2181.5625,0,1320.6838,2181.5625,174.525,54.5391
375,2012-07-28,2012-08-09,2017-09-10,17744,10,SO49017,1,2181.5625,2181.5625,0,1320.6838,2181.5625,174.525,54.5391
371,2012-07-28,2012-08-09,2017-09-11,17747,10,SO49018,1,2181.5625,2181.5625,0,1320.6838,2181.5625,174.525,54.5391
371,2012-07-28,2012-08-09,2017-09-12,17782,10,SO49019,1,2181.5625,2181.5625,0,1320.6838,2181.5625,174.525,54.5391
385,2012-07-28,2012-08-09,2017-09-13,19035,8,SO49020,1,1000.4375,1000.4375,0,605.6492,1000.4375,80.035,25.0109
371,2012-07-28,2012-08-09,2017-09-14,13744,1,SO49021,1,2181.5625,2181.5625,0,1320.6838,2181.5625,174.525,54.5391
377,2012-07-28,2012-08-09,2017-09-15,23116,9,SO49022,1,2181.5625,2181.5625,0,1320.6838,2181.5625,174.525,54.5391
329,2012-07-28,2012-08-09,2017-09-16,26589,9,SO49023,1,782.99,782.99,0,486.7066,782.99,62.6392,19.5748
341,2012-07-28,2012-08-09,2017-09-17,26654,9,SO49024,1,782.99,782.99,0,486.7066,782.99,62.6392,19.5748
368,2012-07-27,2012-08-08,2017-09-18,16572,8,SO49012,1,2443.35,2443.35,0,1518.7864,2443.35,195.468,61.0838
370,2012-07-27,2012-08-08,2017-09-19,13745,1,SO49013,1,2443.35,2443.35,0,1518.7864,2443.35,195.468,61.0838
368,2012-07-27,2012-08-08,2017-09-20,23331,9,SO49014,1,2443.35,2443.35,0,1518.7864,2443.35,195.468,61.0838
352,2012-07-27,2012-08-08,2017-09-21,13965,9,SO49015,1,2071.4196,2071.4196,0,1117.8559,2071.4196,165.7136,51.7855
358,2012-07-27,2012-08-08,2017-09-22,13971,9,SO49016,1,2049.0982,2049.0982,0,1105.81,2049.0982,163.9279,51.2275
333,2012-07-26,2012-08-07,2017-09-23,20890,10,SO49009,1,782.99,782.99,0,486.7066,782.99,62.6392,19.5748
369,2012-07-26,2012-08-07,2017-09-24,23416,9,SO49010,1,2443.35,2443.35,0,1518.7864,2443.35,195.468,61.0838
358,2012-07-26,2012-08-07,2017-09-25,26698,4,SO49011,1,2049.0982,2049.0982,0,1105.81,2049.0982,163.9279,51.2275
377,2012-07-25,2012-08-06,2017-09-26,15463,7,SO48999,1,2181.5625,2181.5625,0,1320.6838,2181.5625,174.525,54.5391
360,2012-07-25,2012-08-06,2017-09-27,12460,10,SO49000,1,2049.0982,2049.0982,0,1105.81,2049.0982,163.9279,51.2275
356,2012-07-25,2012-08-06,2017-09-28,29380,7,SO49001,1,2071.4196,2071.4196,0,1117.8559,2071.4196,165.7136,51.7855
371,2012-07-25,2012-08-06,2017-09-29,23323,9,SO49002,1,2181.5625,2181.5625,0,1320.6838,2181.5625,174.525,54.5391
369,2012-07-25,2012-08-06,2017-09-30,23325,9,SO49003,1,2443.35,2443.35,0,1518.7864,2443.35,195.468,61.0838
370,2012-07-25,2012-08-06,2017-10-01,23420,9,SO49004,1,2443.35,2443.35,0,1518.7864,2443.35,195.468,61.0838
362,2012-07-25,2012-08-06,2017-10-02,26723,4,SO49005,1,2049.0982,2049.0982,0,1105.81,2049.0982,163.9279,51.2275
360,2012-07-25,2012-08-06,2017-10-03,13633,9,SO49006,1,2049.0982,2049.0982,0,1105.81,2049.0982,163.9279,51.2275
362,2012-07-25,2012-08-06,2017-10-04,13637,9,SO49007,1,2049.0982,2049.0982,0,1105.81,2049.0982,163.9279,51.2275
331,2012-07-25,2012-08-06,2017-10-05,26660,9,SO49008,1,782.99,782.99,0,486.7066,782.99,62.6392,19.5748
354,2012-07-24,2012-08-05,2017-10-06,28885,7,SO48995,1,2071.4196,2071.4196,0,1117.8559,2071.4196,165.7136,51.7855
387,2012-07-24,2012-08-05,2017-10-07,14334,1,SO48996,1,1000.4375,1000.4375,0,605.6492,1000.4375,80.035,25.0109
369,2012-07-24,2012-08-05,2017-10-08,13854,4,SO48997,1,2443.35,2443.35,0,1518.7864,2443.35,195.468,61.0838
333,2012-07-24,2012-08-05,2017-10-09,26661,9,SO48998,1,782.99,782.99,0,486.7066,782.99,62.6392,19.5748
370,2012-07-23,2012-08-04,2017-10-10,16565,8,SO48988,1,2443.35,2443.35,0,1518.7864,2443.35,195.468,61.0838
360,2012-07-23,2012-08-04,2017-10-11,29364,7,SO48989,1,2049.0982,2049.0982,0,1105.81,2049.0982,163.9279,51.2275
362,2012-07-23,2012-08-04,2017-10-12,12559,10,SO48990,1,2049.0982,2049.0982,0,1105.81,2049.0982,163.9279,51.2275
354,2012-07-23,2012-08-04,2017-10-13,12291,8,SO48991,1,2071.4196,2071.4196,0,1117.8559,2071.4196,165.7136,51.7855
379,2012-07-23,2012-08-04,2017-10-14,13862,4,SO48992,1,2181.5625,2181.5625,0,1320.6838,2181.5625,174.525,54.5391
377,2012-07-23,2012-08-04,2017-10-15,23410,9,SO48993,1,2181.5625,2181.5625,0,1320.6838,2181.5625,174.525,54.5391
325,2012-07-23,2012-08-04,2017-10-16,15506,4,SO48994,1,782.99,782.99,0,486.7066,782.99,62.6392,19.5748
375,2012-07-22,2012-08-03,2017-10-17,17717,10,SO48974,1,2181.5625,2181.5625,0,1320.6838,2181.5625,174.525,54.5391
387,2012-07-22,2012-08-03,2017-10-18,17739,7,SO48975,1,1000.4375,1000.4375,0,605.6492,1000.4375,80.035,25.0109
354,2012-07-22,2012-08-03,2017-10-19,12404,10,SO48976,1,2071.4196,2071.4196,0,1117.8559,2071.4196,165.7136,51.7855
321,2012-07-22,2012-08-03,2017-10-20,20842,8,SO48977,1,782.99,782.99,0,486.7066,782.99,62.6392,19.5748
387,2012-07-22,2012-08-03,2017-10-21,14290,1,SO48978,1,1000.4375,1000.4375,0,605.6492,1000.4375,80.035,25.0109
375,2012-07-22,2012-08-03,2017-10-22,13855,4,SO48979,1,2181.5625,2181.5625,0,1320.6838,2181.5625,174.525,54.5391
369,2012-07-22,2012-08-03,2017-10-23,23322,9,SO48980,1,2443.35,2443.35,0,1518.7864,2443.35,195.468,61.0838
368,2012-07-22,2012-08-03,2017-10-24,23348,9,SO48981,1,2443.35,2443.35,0,1518.7864,2443.35,195.468,61.0838
323,2012-07-22,2012-08-03,2017-10-25,15484,4,SO48982,1,782.99,782.99,0,486.7066,782.99,62.6392,19.5748
333,2012-07-22,2012-08-03,2017-10-26,15500,4,SO48983,1,782.99,782.99,0,486.7066,782.99,62.6392,19.5748
354,2012-07-22,2012-08-03,2017-10-27,13632,9,SO48984,1,2071.4196,2071.4196,0,1117.8559,2071.4196,165.7136,51.7855
360,2012-07-22,2012-08-03,2017-10-28,13646,9,SO48985,1,2049.0982,2049.0982,0,1105.81,2049.0982,163.9279,51.2275
325,2012-07-22,2012-08-03,2017-10-29,26651,9,SO48986,1,782.99,782.99,0,486.7066,782.99,62.6392,19.5748
321,2012-07-22,2012-08-03,2017-10-30,26655,9,SO48987,1,782.99,782.99,0,486.7066,782.99,62.6392,19.5748
371,2012-07-21,2012-08-02,2017-10-31,16824,8,SO48964,1,2181.5625,2181.5625,0,1320.6838,2181.5625,174.525,54.5391
389,2012-07-21,2012-08-02,2017-11-01,19030,8,SO48965,1,1000.4375,1000.4375,0,605.6492,1000.4375,80.035,25.0109
373,2012-07-21,2012-08-02,2017-11-02,17639,10,SO48966,1,2181.5625,2181.5625,0,1320.6838,2181.5625,174.525,54.5391
387,2012-07-21,2012-08-02,2017-11-03,14292,4,SO48967,1,1000.4375,1000.4375,0,605.6492,1000.4375,80.035,25.0109
371,2012-07-21,2012-08-02,2017-11-04,13742,1,SO48968,1,2181.5625,2181.5625,0,1320.6838,2181.5625,174.525,54.5391
379,2012-07-21,2012-08-02,2017-11-05,23320,9,SO48969,1,2181.5625,2181.5625,0,1320.6838,2181.5625,174.525,54.5391
385,2012-07-21,2012-08-02,2017-11-06,26529,6,SO48970,1,1000.4375,1000.4375,0,605.6492,1000.4375,80.035,25.0109
362,2012-07-21,2012-08-02,2017-11-07,13625,9,SO48971,1,2049.0982,2049.0982,0,1105.81,2049.0982,163.9279,51.2275
360,2012-07-21,2012-08-02,2017-11-08,13629,9,SO48972,1,2049.0982,2049.0982,0,1105.81,2049.0982,163.9279,51.2275
337,2012-07-21,2012-08-02,2017-11-09,26656,9,SO48973,1,782.99,782.99,0,486.7066,782.99,62.6392,19.5748
333,2012-07-20,2012-08-01,2017-11-10,20836,8,SO48957,1,782.99,782.99,0,486.7066,782.99,62.6392,19.5748
377,2012-07-20,2012-08-01,2017-11-11,23310,9,SO48958,1,2181.5625,2181.5625,0,1320.6838,2181.5625,174.525,54.5391
375,2012-07-20,2012-08-01,2017-11-12,23417,9,SO48959,1,2181.5625,2181.5625,0,1320.6838,2181.5625,174.525,54.5391
354,2012-07-20,2012-08-01,2017-11-13,26726,1,SO48960,1,2071.4196,2071.4196,0,1117.8559,2071.4196,165.7136,51.7855
358,2012-07-20,2012-08-01,2017-11-14,13619,9,SO48961,1,2049.0982,2049.0982,0,1105.81,2049.0982,163.9279,51.2275
362,2012-07-20,2012-08-01,2017-11-15,13649,9,SO48962,1,2049.0982,2049.0982,0,1105.81,2049.0982,163.9279,51.2275
383,2012-07-20,2012-08-01,2017-11-16,25011,9,SO48963,1,1000.4375,1000.4375,0,605.6492,1000.4375,80.035,25.0109
358,2012-07-19,2012-07-31,2017-11-17,12486,10,SO48950,1,2049.0982,2049.0982,0,1105.81,2049.0982,163.9279,51.2275
352,2012-07-19,2012-07-31,2017-11-18,29388,7,SO48951,1,2071.4196,2071.4196,0,1117.8559,2071.4196,165.7136,51.7855
368,2012-07-19,2012-07-31,2017-11-19,15093,7,SO48952,1,2443.35,2443.35,0,1518.7864,2443.35,195.468,61.0838
370,2012-07-19,2012-07-31,2017-11-20,23413,9,SO48953,1,2443.35,2443.35,0,1518.7864,2443.35,195.468,61.0838
362,2012-07-19,2012-07-31,2017-11-21,26724,1,SO48954,1,2049.0982,2049.0982,0,1105.81,2049.0982,163.9279,51.2275
358,2012-07-19,2012-07-31,2017-11-22,13645,9,SO48955,1,2049.0982,2049.0982,0,1105.81,2049.0982,163.9279,51.2275
356,2012-07-19,2012-07-31,2017-11-23,13968,9,SO48956,1,2071.4196,2071.4196,0,1117.8559,2071.4196,165.7136,51.7855
370,2012-07-18,2012-07-30,2017-11-24,17644,10,SO48945,1,2443.35,2443.35,0,1518.7864,2443.35,195.468,61.0838
358,2012-07-18,2012-07-30,2017-11-25,26725,1,SO48946,1,2049.0982,2049.0982,0,1105.81,2049.0982,163.9279,51.2275
352,2012-07-18,2012-07-30,2017-11-26,13957,9,SO48947,1,2071.4196,2071.4196,0,1117.8559,2071.4196,165.7136,51.7855
354,2012-07-18,2012-07-30,2017-11-27,13974,9,SO48948,1,2071.4196,2071.4196,0,1117.8559,2071.4196,165.7136,51.7855
335,2012-07-18,2012-07-30,2017-11-28,26591,9,SO48949,1,782.99,782.99,0,486.7066,782.99,62.6392,19.5748
373,2012-07-17,2012-07-29,2017-11-29,17720,10,SO48938,1,2181.5625,2181.5625,0,1320.6838,2181.5625,174.525,54.5391
369,2012-07-17,2012-07-29,2017-11-30,15462,7,SO48939,1,2443.35,2443.35,0,1518.7864,2443.35,195.468,61.0838
325,2012-07-17,2012-07-29,2017-12-01,20835,8,SO48940,1,782.99,782.99,0,486.7066,782.99,62.6392,19.5748
369,2012-07-17,2012-07-29,2017-12-02,26013,6,SO48941,1,2443.35,2443.35,0,1518.7864,2443.35,195.468,61.0838
362,2012-07-17,2012-07-29,2017-12-03,26728,4,SO48942,1,2049.0982,2049.0982,0,1105.81,2049.0982,163.9279,51.2275
352,2012-07-17,2012-07-29,2017-12-04,13973,9,SO48943,1,2071.4196,2071.4196,0,1117.8559,2071.4196,165.7136,51.7855
383,2012-07-17,2012-07-29,2017-12-05,25010,9,SO48944,1,1000.4375,1000.4375,0,605.6492,1000.4375,80.035,25.0109
387,2012-07-16,2012-07-28,2017-12-06,19382,10,SO48931,1,1000.4375,1000.4375,0,605.6492,1000.4375,80.035,25.0109
385,2012-07-16,2012-07-28,2017-12-07,14297,4,SO48932,1,1000.4375,1000.4375,0,605.6492,1000.4375,80.035,25.0109
362,2012-07-16,2012-07-28,2017-12-08,26694,1,SO48933,1,2049.0982,2049.0982,0,1105.81,2049.0982,163.9279,51.2275
354,2012-07-16,2012-07-28,2017-12-09,26710,4,SO48934,1,2071.4196,2071.4196,0,1117.8559,2071.4196,165.7136,51.7855
331,2012-07-16,2012-07-28,2017-12-10,15518,4,SO48935,1,782.99,782.99,0,486.7066,782.99,62.6392,19.5748
352,2012-07-16,2012-07-28,2017-12-11,13644,9,SO48936,1,2071.4196,2071.4196,0,1117.8559,2071.4196,165.7136,51.7855
352,2012-07-16,2012-07-28,2017-12-12,13529,9,SO48937,1,2071.4196,2071.4196,0,1117.8559,2071.4196,165.7136,51.7855
354,2012-07-15,2012-07-27,2017-12-13,12275,8,SO48920,1,2071.4196,2071.4196,0,1117.8559,2071.4196,165.7136,51.7855
360,2012-07-15,2012-07-27,2017-12-14,12560,10,SO48921,1,2049.0982,2049.0982,0,1105.81,2049.0982,163.9279,51.2275
368,2012-07-15,2012-07-27,2017-12-15,15095,7,SO48922,1,2443.35,2443.35,0,1518.7864,2443.35,195.468,61.0838
383,2012-07-15,2012-07-27,2017-12-16,14298,4,SO48923,1,1000.4375,1000.4375,0,605.6492,1000.4375,80.035,25.0109
368,2012-07-15,2012-07-27,2017-12-17,26040,6,SO48924,1,2443.35,2443.35,0,1518.7864,2443.35,195.468,61.0838
325,2012-07-15,2012-07-27,2017-12-18,15480,4,SO48925,1,782.99,782.99,0,486.7066,782.99,62.6392,19.5748
373,2012-07-15,2012-07-27,2017-12-19,23117,9,SO48926,1,2181.5625,2181.5625,0,1320.6838,2181.5625,174.525,54.5391
362,2012-07-15,2012-07-27,2017-12-20,26703,1,SO48927,1,2049.0982,2049.0982,0,1105.81,2049.0982,163.9279,51.2275
333,2012-07-15,2012-07-27,2017-12-21,15502,1,SO48928,1,782.99,782.99,0,486.7066,782.99,62.6392,19.5748
352,2012-07-15,2012-07-27,2017-12-22,13526,9,SO48929,1,2071.4196,2071.4196,0,1117.8559,2071.4196,165.7136,51.7855
371,2012-07-15,2012-07-27,2017-12-23,15086,7,SO48930,1,2181.5625,2181.5625,0,1320.6838,2181.5625,174.525,54.5391
377,2012-07-14,2012-07-26,2017-12-24,16587,8,SO48910,1,2181.5625,2181.5625,0,1320.6838,2181.5625,174.525,54.5391
335,2012-07-14,2012-07-26,2017-12-25,20880,10,SO48911,1,782.99,782.99,0,486.7066,782.99,62.6392,19.5748
329,2012-07-14,2012-07-26,2017-12-26,20841,8,SO48912,1,782.99,782.99,0,486.7066,782.99,62.6392,19.5748
369,2012-07-14,2012-07-26,2017-12-27,23412,9,SO48913,1,2443.35,2443.35,0,1518.7864,2443.35,195.468,61.0838
356,2012-07-14,2012-07-26,2017-12-28,26735,1,SO48914,1,2071.4196,2071.4196,0,1117.8559,2071.4196,165.7136,51.7855
335,2012-07-14,2012-07-26,2017-12-29,15481,4,SO48915,1,782.99,782.99,0,486.7066,782.99,62.6392,19.5748
358,2012-07-14,2012-07-26,2017-12-30,13616,9,SO48916,1,2049.0982,2049.0982,0,1105.81,2049.0982,163.9279,51.2275
356,2012-07-14,2012-07-26,2017-12-31,13636,9,SO48917,1,2071.4196,2071.4196,0,1117.8559,2071.4196,165.7136,51.7855
362,2012-07-14,2012-07-26,2018-01-01,13638,9,SO48918,1,2049.0982,2049.0982,0,1105.81,2049.0982,163.9279,51.2275
327,2012-07-14,2012-07-26,2018-01-02,26658,9,SO48919,1,782.99,782.99,0,486.7066,782.99,62.6392,19.5748
362,2012-07-13,2012-07-25,2018-01-03,12492,10,SO48904,1,2049.0982,2049.0982,0,1105.81,2049.0982,163.9279,51.2275
362,2012-07-13,2012-07-25,2018-01-04,26814,1,SO48905,1,2049.0982,2049.0982,0,1105.81,2049.0982,163.9279,51.2275
356,2012-07-13,2012-07-25,2018-01-05,26705,4,SO48906,1,2071.4196,2071.4196,0,1117.8559,2071.4196,165.7136,51.7855
362,2012-07-13,2012-07-25,2018-01-06,26727,1,SO48907,1,2049.0982,2049.0982,0,1105.81,2049.0982,163.9279,51.2275
362,2012-07-13,2012-07-25,2018-01-07,13626,9,SO48908,1,2049.0982,2049.0982,0,1105.81,2049.0982,163.9279,51.2275
352,2012-07-13,2012-07-25,2018-01-08,13953,9,SO48909,1,2071.4196,2071.4196,0,1117.8559,2071.4196,165.7136,51.7855
389,2012-07-12,2012-07-24,2018-01-09,17714,7,SO48892,1,1000.4375,1000.4375,0,605.6492,1000.4375,80.035,25.0109
377,2012-07-12,2012-07-24,2018-01-10,17772,10,SO48893,1,2181.5625,2181.5625,0,1320.6838,2181.5625,174.525,54.5391
383,2012-07-12,2012-07-24,2018-01-11,19034,8,SO48894,1,1000.4375,1000.4375,0,605.6492,1000.4375,80.035,25.0109
383,2012-07-12,2012-07-24,2018-01-12,19418,10,SO48895,1,1000.4375,1000.4375,0,605.6492,1000.4375,80.035,25.0109
373,2012-07-12,2012-07-24,2018-01-13,17632,10,SO48896,1,2181.5625,2181.5625,0,1320.6838,2181.5625,174.525,54.5391
377,2012-07-12,2012-07-24,2018-01-14,16540,8,SO48897,1,2181.5625,2181.5625,0,1320.6838,2181.5625,174.525,54.5391
373,2012-07-12,2012-07-24,2018-01-15,13856,4,SO48898,1,2181.5625,2181.5625,0,1320.6838,2181.5625,174.525,54.5391
373,2012-07-12,2012-07-24,2018-01-16,23313,9,SO48899,1,2181.5625,2181.5625,0,1320.6838,2181.5625,174.525,54.5391
358,2012-07-12,2012-07-24,2018-01-17,26734,1,SO48900,1,2049.0982,2049.0982,0,1105.81,2049.0982,163.9279,51.2275
352,2012-07-12,2012-07-24,2018-01-18,13960,9,SO48901,1,2071.4196,2071.4196,0,1117.8559,2071.4196,165.7136,51.7855
358,2012-07-12,2012-07-24,2018-01-19,13966,9,SO48902,1,2049.0982,2049.0982,0,1105.81,2049.0982,163.9279,51.2275
343,2012-07-12,2012-07-24,2018-01-20,26653,9,SO48903,1,782.99,782.99,0,486.7066,782.99,62.6392,19.5748
371,2012-07-11,2012-07-23,2018-01-21,17755,10,SO48885,1,2181.5625,2181.5625,0,1320.6838,2181.5625,174.525,54.5391
352,2012-07-11,2012-07-23,2018-01-22,12473,10,SO48886,1,2071.4196,2071.4196,0,1117.8559,2071.4196,165.7136,51.7855
356,2012-07-11,2012-07-23,2018-01-23,26811,4,SO48887,1,2071.4196,2071.4196,0,1117.8559,2071.4196,165.7136,51.7855
329,2012-07-11,2012-07-23,2018-01-24,15482,4,SO48888,1,782.99,782.99,0,486.7066,782.99,62.6392,19.5748
362,2012-07-11,2012-07-23,2018-01-25,26711,4,SO48889,1,2049.0982,2049.0982,0,1105.81,2049.0982,163.9279,51.2275
358,2012-07-11,2012-07-23,2018-01-26,13618,9,SO48890,1,2049.0982,2049.0982,0,1105.81,2049.0982,163.9279,51.2275
360,2012-07-11,2012-07-23,2018-01-27,13650,9,SO48891,1,2049.0982,2049.0982,0,1105.81,2049.0982,163.9279,51.2275
375,2012-07-10,2012-07-22,2018-01-28,17715,10,SO48878,1,2181.5625,2181.5625,0,1320.6838,2181.5625,174.525,54.5391
362,2012-07-10,2012-07-22,2018-01-29,12526,10,SO48879,1,2049.0982,2049.0982,0,1105.81,2049.0982,163.9279,51.2275
368,2012-07-10,2012-07-22,2018-01-30,13746,4,SO48880,1,2443.35,2443.35,0,1518.7864,2443.35,195.468,61.0838
371,2012-07-10,2012-07-22,2018-01-31,23324,9,SO48881,1,2181.5625,2181.5625,0,1320.6838,2181.5625,174.525,54.5391
362,2012-07-10,2012-07-22,2018-02-01,26801,4,SO48882,1,2049.0982,2049.0982,0,1105.81,2049.0982,163.9279,51.2275
356,2012-07-10,2012-07-22,2018-02-02,13528,9,SO48883,1,2071.4196,2071.4196,0,1117.8559,2071.4196,165.7136,51.7855
389,2012-07-10,2012-07-22,2018-02-03,24921,9,SO48884,1,1000.4375,1000.4375,0,605.6492,1000.4375,80.035,25.0109
373,2012-07-09,2012-07-21,2018-02-04,15451,7,SO48867,1,2181.5625,2181.5625,0,1320.6838,2181.5625,174.525,54.5391
339,2012-07-09,2012-07-21,2018-02-05,19320,7,SO48868,1,782.99,782.99,0,486.7066,782.99,62.6392,19.5748
371,2012-07-09,2012-07-21,2018-02-06,23314,9,SO48869,1,2181.5625,2181.5625,0,1320.6838,2181.5625,174.525,54.5391
371,2012-07-09,2012-07-21,2018-02-07,23316,9,SO48870,1,2181.5625,2181.5625,0,1320.6838,2181.5625,174.525,54.5391
360,2012-07-09,2012-07-21,2018-02-08,20736,6,SO48871,1,2049.0982,2049.0982,0,1105.81,2049.0982,163.9279,51.2275
335,2012-07-09,2012-07-21,2018-02-09,15483,4,SO48872,1,782.99,782.99,0,486.7066,782.99,62.6392,19.5748
323,2012-07-09,2012-07-21,2018-02-10,15499,1,SO48873,1,782.99,782.99,0,486.7066,782.99,62.6392,19.5748
360,2012-07-09,2012-07-21,2018-02-11,13970,9,SO48874,1,2049.0982,2049.0982,0,1105.81,2049.0982,163.9279,51.2275
381,2012-07-09,2012-07-21,2018-02-12,24922,9,SO48875,1,1000.4375,1000.4375,0,605.6492,1000.4375,80.035,25.0109
335,2012-07-09,2012-07-21,2018-02-13,26588,9,SO48876,1,782.99,782.99,0,486.7066,782.99,62.6392,19.5748
329,2012-07-09,2012-07-21,2018-02-14,26657,9,SO48877,1,782.99,782.99,0,486.7066,782.99,62.6392,19.5748
368,2012-07-08,2012-07-20,2018-02-15,15455,7,SO48858,1,2443.35,2443.35,0,1518.7864,2443.35,195.468,61.0838
373,2012-07-08,2012-07-20,2018-02-16,16603,8,SO48859,1,2181.5625,2181.5625,0,1320.6838,2181.5625,174.525,54.5391
375,2012-07-08,2012-07-20,2018-02-17,13849,1,SO48860,1,2181.5625,2181.5625,0,1320.6838,2181.5625,174.525,54.5391
352,2012-07-08,2012-07-20,2018-02-18,26786,4,SO48861,1,2071.4196,2071.4196,0,1117.8559,2071.4196,165.7136,51.7855
352,2012-07-08,2012-07-20,2018-02-19,26805,4,SO48862,1,2071.4196,2071.4196,0,1117.8559,2071.4196,165.7136,51.7855
352,2012-07-08,2012-07-20,2018-02-20,26718,4,SO48863,1,2071.4196,2071.4196,0,1117.8559,2071.4196,165.7136,51.7855
356,2012-07-08,2012-07-20,2018-02-21,13964,9,SO48864,1,2071.4196,2071.4196,0,1117.8559,2071.4196,165.7136,51.7855
381,2012-07-08,2012-07-20,2018-02-22,24924,9,SO48865,1,1000.4375,1000.4375,0,605.6492,1000.4375,80.035,25.0109
362,2012-07-08,2012-07-20,2018-02-23,13527,9,SO48866,1,2049.0982,2049.0982,0,1105.81,2049.0982,163.9279,51.2275
383,2012-07-07,2012-07-19,2018-02-24,19424,10,SO48848,1,1000.4375,1000.4375,0,605.6492,1000.4375,80.035,25.0109
360,2012-07-07,2012-07-19,2018-02-25,28904,7,SO48849,1,2049.0982,2049.0982,0,1105.81,2049.0982,163.9279,51.2275
352,2012-07-07,2012-07-19,2018-02-26,29361,7,SO48850,1,2071.4196,2071.4196,0,1117.8559,2071.4196,165.7136,51.7855
354,2012-07-07,2012-07-19,2018-02-27,26717,1,SO48851,1,2071.4196,2071.4196,0,1117.8559,2071.4196,165.7136,51.7855
325,2012-07-07,2012-07-19,2018-02-28,15503,1,SO48852,1,782.99,782.99,0,486.7066,782.99,62.6392,19.5748
337,2012-07-07,2012-07-19,2018-03-01,15520,4,SO48853,1,782.99,782.99,0,486.7066,782.99,62.6392,19.5748
354,2012-07-07,2012-07-19,2018-03-02,13643,9,SO48854,1,2071.4196,2071.4196,0,1117.8559,2071.4196,165.7136,51.7855
354,2012-07-07,2012-07-19,2018-03-03,13955,9,SO48855,1,2071.4196,2071.4196,0,1117.8559,2071.4196,165.7136,51.7855
358,2012-07-07,2012-07-19,2018-03-04,13967,9,SO48856,1,2049.0982,2049.0982,0,1105.81,2049.0982,163.9279,51.2275
343,2012-07-07,2012-07-19,2018-03-05,26652,9,SO48857,1,782.99,782.99,0,486.7066,782.99,62.6392,19.5748
368,2012-07-06,2012-07-18,2018-03-06,16567,8,SO48839,1,2443.35,2443.35,0,1518.7864,2443.35,195.468,61.0838
369,2012-07-06,2012-07-18,2018-03-07,17753,10,SO48840,1,2443.35,2443.35,0,1518.7864,2443.35,195.468,61.0838
381,2012-07-06,2012-07-18,2018-03-08,17716,7,SO48841,1,1000.4375,1000.4375,0,605.6492,1000.4375,80.035,25.0109
352,2012-07-06,2012-07-18,2018-03-09,12463,10,SO48842,1,2071.4196,2071.4196,0,1117.8559,2071.4196,165.7136,51.7855
325,2012-07-06,2012-07-18,2018-03-10,15489,1,SO48843,1,782.99,782.99,0,486.7066,782.99,62.6392,19.5748
339,2012-07-06,2012-07-18,2018-03-11,15492,1,SO48844,1,782.99,782.99,0,486.7066,782.99,62.6392,19.5748
362,2012-07-06,2012-07-18,2018-03-12,13620,9,SO48845,1,2049.0982,2049.0982,0,1105.81,2049.0982,163.9279,51.2275
360,2012-07-06,2012-07-18,2018-03-13,13651,9,SO48846,1,2049.0982,2049.0982,0,1105.81,2049.0982,163.9279,51.2275
383,2012-07-06,2012-07-18,2018-03-14,14336,1,SO48847,1,1000.4375,1000.4375,0,605.6492,1000.4375,80.035,25.0109
371,2012-07-05,2012-07-17,2018-03-15,23311,9,SO48837,1,2181.5625,2181.5625,0,1320.6838,2181.5625,174.525,54.5391
373,2012-07-05,2012-07-17,2018-03-16,23409,9,SO48838,1,2181.5625,2181.5625,0,1320.6838,2181.5625,174.525,54.5391
371,2012-07-04,2012-07-16,2018-03-17,17750,10,SO48830,1,2181.5625,2181.5625,0,1320.6838,2181.5625,174.525,54.5391
327,2012-07-04,2012-07-16,2018-03-18,20886,10,SO48831,1,782.99,782.99,0,486.7066,782.99,62.6392,19.5748
373,2012-07-04,2012-07-16,2018-03-19,23418,9,SO48832,1,2181.5625,2181.5625,0,1320.6838,2181.5625,174.525,54.5391
373,2012-07-04,2012-07-16,2018-03-20,23118,9,SO48833,1,2181.5625,2181.5625,0,1320.6838,2181.5625,174.525,54.5391
352,2012-07-04,2012-07-16,2018-03-21,26695,4,SO48834,1,2071.4196,2071.4196,0,1117.8559,2071.4196,165.7136,51.7855
360,2012-07-04,2012-07-16,2018-03-22,21148,6,SO48835,1,2049.0982,2049.0982,0,1105.81,2049.0982,163.9279,51.2275
360,2012-07-04,2012-07-16,2018-03-23,13959,9,SO48836,1,2049.0982,2049.0982,0,1105.81,2049.0982,163.9279,51.2275
379,2012-07-03,2012-07-15,2018-03-24,17743,10,SO48822,1,2181.5625,2181.5625,0,1320.6838,2181.5625,174.525,54.5391
369,2012-07-03,2012-07-15,2018-03-25,16821,8,SO48823,1,2443.35,2443.35,0,1518.7864,2443.35,195.468,61.0838
369,2012-07-03,2012-07-15,2018-03-26,23408,9,SO48824,1,2443.35,2443.35,0,1518.7864,2443.35,195.468,61.0838
373,2012-07-03,2012-07-15,2018-03-27,23414,9,SO48825,1,2181.5625,2181.5625,0,1320.6838,2181.5625,174.525,54.5391
369,2012-07-03,2012-07-15,2018-03-28,23421,9,SO48826,1,2443.35,2443.35,0,1518.7864,2443.35,195.468,61.0838
360,2012-07-03,2012-07-15,2018-03-29,26729,1,SO48827,1,2049.0982,2049.0982,0,1105.81,2049.0982,163.9279,51.2275
369,2012-07-03,2012-07-15,2018-03-30,23120,9,SO48828,1,2443.35,2443.35,0,1518.7864,2443.35,195.468,61.0838
368,2012-07-03,2012-07-15,2018-03-31,23121,9,SO48829,1,2443.35,2443.35,0,1518.7864,2443.35,195.468,61.0838
377,2012-07-02,2012-07-14,2018-04-01,17700,10,SO48815,1,2181.5625,2181.5625,0,1320.6838,2181.5625,174.525,54.5391
356,2012-07-02,2012-07-14,2018-04-02,12459,10,SO48816,1,2071.4196,2071.4196,0,1117.8559,2071.4196,165.7136,51.7855
373,2012-07-02,2012-07-14,2018-04-03,26049,6,SO48817,1,2181.5625,2181.5625,0,1320.6838,2181.5625,174.525,54.5391
333,2012-07-02,2012-07-14,2018-04-04,15497,4,SO48818,1,782.99,782.99,0,486.7066,782.99,62.6392,19.5748
352,2012-07-02,2012-07-14,2018-04-05,13622,9,SO48819,1,2071.4196,2071.4196,0,1117.8559,2071.4196,165.7136,51.7855
358,2012-07-02,2012-07-14,2018-04-06,13958,9,SO48820,1,2049.0982,2049.0982,0,1105.81,2049.0982,163.9279,51.2275
379,2012-07-02,2012-07-14,2018-04-07,23344,9,SO48821,1,2181.5625,2181.5625,0,1320.6838,2181.5625,174.525,54.5391
383,2012-07-01,2012-07-13,2018-04-08,19416,10,SO48803,1,1000.4375,1000.4375,0,605.6492,1000.4375,80.035,25.0109
356,2012-07-01,2012-07-13,2018-04-09,12276,8,SO48804,1,2071.4196,2071.4196,0,1117.8559,2071.4196,165.7136,51.7855
331,2012-07-01,2012-07-13,2018-04-10,19318,7,SO48805,1,782.99,782.99,0,486.7066,782.99,62.6392,19.5748
341,2012-07-01,2012-07-13,2018-04-11,20885,10,SO48806,1,782.99,782.99,0,486.7066,782.99,62.6392,19.5748
325,2012-07-01,2012-07-13,2018-04-12,20892,10,SO48807,1,782.99,782.99,0,486.7066,782.99,62.6392,19.5748
368,2012-07-01,2012-07-13,2018-04-13,16552,8,SO48808,1,2443.35,2443.35,0,1518.7864,2443.35,195.468,61.0838
369,2012-07-01,2012-07-13,2018-04-14,23411,9,SO48809,1,2443.35,2443.35,0,1518.7864,2443.35,195.468,61.0838
369,2012-07-01,2012-07-13,2018-04-15,23415,9,SO48810,1,2443.35,2443.35,0,1518.7864,2443.35,195.468,61.0838
335,2012-07-01,2012-07-13,2018-04-16,15517,4,SO48811,1,782.99,782.99,0,486.7066,782.99,62.6392,19.5748
356,2012-07-01,2012-07-13,2018-04-17,13630,9,SO48812,1,2071.4196,2071.4196,0,1117.8559,2071.4196,165.7136,51.7855
362,2012-07-01,2012-07-13,2018-04-18,13631,9,SO48813,1,2049.0982,2049.0982,0,1105.81,2049.0982,163.9279,51.2275
360,2012-07-01,2012-07-13,2018-04-19,13647,9,SO48814,1,2049.0982,2049.0982,0,1105.81,2049.0982,163.9279,51.2275
375,2012-06-30,2012-07-12,2018-04-20,16538,8,SO48795,1,2181.5625,2181.5625,0,1320.6838,2181.5625,174.525,54.5391
375,2012-06-30,2012-07-12,2018-04-21,15094,7,SO48796,1,2181.5625,2181.5625,0,1320.6838,2181.5625,174.525,54.5391
385,2012-06-30,2012-07-12,2018-04-22,14335,1,SO48797,1,1000.4375,1000.4375,0,605.6492,1000.4375,80.035,25.0109
369,2012-06-30,2012-07-12,2018-04-23,23332,9,SO48798,1,2443.35,2443.35,0,1518.7864,2443.35,195.468,61.0838
352,2012-06-30,2012-07-12,2018-04-24,26708,4,SO48799,1,2071.4196,2071.4196,0,1117.8559,2071.4196,165.7136,51.7855
343,2012-06-30,2012-07-12,2018-04-25,15491,5,SO48800,1,782.99,782.99,0,486.7066,782.99,62.6392,19.5748
327,2012-06-30,2012-07-12,2018-04-26,15493,1,SO48801,1,782.99,782.99,0,486.7066,782.99,62.6392,19.5748
383,2012-06-30,2012-07-12,2018-04-27,24923,9,SO48802,1,1000.4375,1000.4375,0,605.6492,1000.4375,80.035,25.0109
369,2012-06-29,2012-07-11,2018-04-28,14944,7,SO48723,1,2443.35,2443.35,0,1518.7864,2443.35,195.468,61.0838
341,2012-06-29,2012-07-11,2018-04-29,20722,8,SO48724,1,782.99,782.99,0,486.7066,782.99,62.6392,19.5748
377,2012-06-29,2012-07-11,2018-04-30,17202,10,SO48725,1,2181.5625,2181.5625,0,1320.6838,2181.5625,174.525,54.5391
383,2012-06-29,2012-07-11,2018-05-01,24915,9,SO48726,1,1000.4375,1000.4375,0,605.6492,1000.4375,80.035,25.0109
360,2012-06-29,2012-07-11,2018-05-02,13128,9,SO48727,1,2049.0982,2049.0982,0,1105.81,2049.0982,163.9279,51.2275
354,2012-06-29,2012-07-11,2018-05-03,13111,9,SO48728,1,2071.4196,2071.4196,0,1117.8559,2071.4196,165.7136,51.7855
325,2012-06-29,2012-07-11,2018-05-04,26563,9,SO48729,1,782.99,782.99,0,486.7066,782.99,62.6392,19.5748
377,2012-06-28,2012-07-10,2018-05-05,17626,10,SO48716,1,2181.5625,2181.5625,0,1320.6838,2181.5625,174.525,54.5391
352,2012-06-28,2012-07-10,2018-05-06,28736,7,SO48717,1,2071.4196,2071.4196,0,1117.8559,2071.4196,165.7136,51.7855
356,2012-06-28,2012-07-10,2018-05-07,12382,10,SO48718,1,2071.4196,2071.4196,0,1117.8559,2071.4196,165.7136,51.7855
368,2012-06-28,2012-07-10,2018-05-08,23099,9,SO48719,1,2443.35,2443.35,0,1518.7864,2443.35,195.468,61.0838
371,2012-06-28,2012-07-10,2018-05-09,22910,9,SO48720,1,2181.5625,2181.5625,0,1320.6838,2181.5625,174.525,54.5391
368,2012-06-28,2012-07-10,2018-05-10,22930,9,SO48721,1,2443.35,2443.35,0,1518.7864,2443.35,195.468,61.0838
369,2012-06-28,2012-07-10,2018-05-11,22937,9,SO48722,1,2443.35,2443.35,0,1518.7864,2443.35,195.468,61.0838
377,2012-06-27,2012-07-09,2018-05-12,17115,10,SO48702,1,2181.5625,2181.5625,0,1320.6838,2181.5625,174.525,54.5391
369,2012-06-27,2012-07-09,2018-05-13,15004,7,SO48703,1,2443.35,2443.35,0,1518.7864,2443.35,195.468,61.0838
369,2012-06-27,2012-07-09,2018-05-14,16429,8,SO48704,1,2443.35,2443.35,0,1518.7864,2443.35,195.468,61.0838
373,2012-06-27,2012-07-09,2018-05-15,14995,7,SO48705,1,2181.5625,2181.5625,0,1320.6838,2181.5625,174.525,54.5391
387,2012-06-27,2012-07-09,2018-05-16,19359,10,SO48706,1,1000.4375,1000.4375,0,605.6492,1000.4375,80.035,25.0109
327,2012-06-27,2012-07-09,2018-05-17,19313,7,SO48707,1,782.99,782.99,0,486.7066,782.99,62.6392,19.5748
377,2012-06-27,2012-07-09,2018-05-18,16466,8,SO48708,1,2181.5625,2181.5625,0,1320.6838,2181.5625,174.525,54.5391
381,2012-06-27,2012-07-09,2018-05-19,14268,4,SO48709,1,1000.4375,1000.4375,0,605.6492,1000.4375,80.035,25.0109
354,2012-06-27,2012-07-09,2018-05-20,12305,10,SO48710,1,2071.4196,2071.4196,0,1117.8559,2071.4196,165.7136,51.7855
327,2012-06-27,2012-07-09,2018-05-21,15410,4,SO48711,1,782.99,782.99,0,486.7066,782.99,62.6392,19.5748
339,2012-06-27,2012-07-09,2018-05-22,27252,6,SO48712,1,782.99,782.99,0,486.7066,782.99,62.6392,19.5748
335,2012-06-27,2012-07-09,2018-05-23,27253,6,SO48713,1,782.99,782.99,0,486.7066,782.99,62.6392,19.5748
377,2012-06-27,2012-07-09,2018-05-24,23104,9,SO48714,1,2181.5625,2181.5625,0,1320.6838,2181.5625,174.525,54.5391
375,2012-06-27,2012-07-09,2018-05-25,23107,9,SO48715,1,2181.5625,2181.5625,0,1320.6838,2181.5625,174.525,54.5391
381,2012-06-26,2012-07-08,2018-05-26,18171,8,SO48692,1,1000.4375,1000.4375,0,605.6492,1000.4375,80.035,25.0109
370,2012-06-26,2012-07-08,2018-05-27,25995,6,SO48693,1,2443.35,2443.35,0,1518.7864,2443.35,195.468,61.0838
362,2012-06-26,2012-07-08,2018-05-28,12315,10,SO48694,1,2049.0982,2049.0982,0,1105.81,2049.0982,163.9279,51.2275
362,2012-06-26,2012-07-08,2018-05-29,26624,1,SO48695,1,2049.0982,2049.0982,0,1105.81,2049.0982,163.9279,51.2275
368,2012-06-26,2012-07-08,2018-05-30,23100,9,SO48696,1,2443.35,2443.35,0,1518.7864,2443.35,195.468,61.0838
371,2012-06-26,2012-07-08,2018-05-31,22933,9,SO48697,1,2181.5625,2181.5625,0,1320.6838,2181.5625,174.525,54.5391
362,2012-06-26,2012-07-08,2018-06-01,26647,4,SO48698,1,2049.0982,2049.0982,0,1105.81,2049.0982,163.9279,51.2275
362,2012-06-26,2012-07-08,2018-06-02,13115,9,SO48699,1,2049.0982,2049.0982,0,1105.81,2049.0982,163.9279,51.2275
360,2012-06-26,2012-07-08,2018-06-03,13519,9,SO48700,1,2049.0982,2049.0982,0,1105.81,2049.0982,163.9279,51.2275
360,2012-06-26,2012-07-08,2018-06-04,13103,9,SO48701,1,2049.0982,2049.0982,0,1105.81,2049.0982,163.9279,51.2275
385,2012-06-25,2012-07-07,2018-06-05,17648,7,SO48683,1,1000.4375,1000.4375,0,605.6492,1000.4375,80.035,25.0109
379,2012-06-25,2012-07-07,2018-06-06,16534,8,SO48684,1,2181.5625,2181.5625,0,1320.6838,2181.5625,174.525,54.5391
369,2012-06-25,2012-07-07,2018-06-07,13728,4,SO48685,1,2443.35,2443.35,0,1518.7864,2443.35,195.468,61.0838
371,2012-06-25,2012-07-07,2018-06-08,25999,6,SO48686,1,2181.5625,2181.5625,0,1320.6838,2181.5625,174.525,54.5391
352,2012-06-25,2012-07-07,2018-06-09,12317,10,SO48687,1,2071.4196,2071.4196,0,1117.8559,2071.4196,165.7136,51.7855
373,2012-06-25,2012-07-07,2018-06-10,22966,9,SO48688,1,2181.5625,2181.5625,0,1320.6838,2181.5625,174.525,54.5391
385,2012-06-25,2012-07-07,2018-06-11,24914,9,SO48689,1,1000.4375,1000.4375,0,605.6492,1000.4375,80.035,25.0109
360,2012-06-25,2012-07-07,2018-06-12,13130,9,SO48690,1,2049.0982,2049.0982,0,1105.81,2049.0982,163.9279,51.2275
339,2012-06-25,2012-07-07,2018-06-13,26549,9,SO48691,1,782.99,782.99,0,486.7066,782.99,62.6392,19.5748
379,2012-06-24,2012-07-06,2018-06-14,15079,7,SO48675,1,2181.5625,2181.5625,0,1320.6838,2181.5625,174.525,54.5391
370,2012-06-24,2012-07-06,2018-06-15,13729,1,SO48676,1,2443.35,2443.35,0,1518.7864,2443.35,195.468,61.0838
358,2012-06-24,2012-07-06,2018-06-16,12391,10,SO48677,1,2049.0982,2049.0982,0,1105.81,2049.0982,163.9279,51.2275
362,2012-06-24,2012-07-06,2018-06-17,26627,4,SO48678,1,2049.0982,2049.0982,0,1105.81,2049.0982,163.9279,51.2275
352,2012-06-24,2012-07-06,2018-06-18,26608,4,SO48679,1,2071.4196,2071.4196,0,1117.8559,2071.4196,165.7136,51.7855
341,2012-06-24,2012-07-06,2018-06-19,27242,6,SO48680,1,782.99,782.99,0,486.7066,782.99,62.6392,19.5748
352,2012-06-24,2012-07-06,2018-06-20,13160,9,SO48681,1,2071.4196,2071.4196,0,1117.8559,2071.4196,165.7136,51.7855
354,2012-06-24,2012-07-06,2018-06-21,13091,9,SO48682,1,2071.4196,2071.4196,0,1117.8559,2071.4196,165.7136,51.7855
389,2012-06-23,2012-07-05,2018-06-22,19341,10,SO48667,1,1000.4375,1000.4375,0,605.6492,1000.4375,80.035,25.0109
389,2012-06-23,2012-07-05,2018-06-23,18626,8,SO48668,1,1000.4375,1000.4375,0,605.6492,1000.4375,80.035,25.0109
329,2012-06-23,2012-07-05,2018-06-24,19293,7,SO48669,1,782.99,782.99,0,486.7066,782.99,62.6392,19.5748
377,2012-06-23,2012-07-05,2018-06-25,13715,4,SO48670,1,2181.5625,2181.5625,0,1320.6838,2181.5625,174.525,54.5391
360,2012-06-23,2012-07-05,2018-06-26,12270,8,SO48671,1,2049.0982,2049.0982,0,1105.81,2049.0982,163.9279,51.2275
379,2012-06-23,2012-07-05,2018-06-27,22950,9,SO48672,1,2181.5625,2181.5625,0,1320.6838,2181.5625,174.525,54.5391
360,2012-06-23,2012-07-05,2018-06-28,13131,9,SO48673,1,2049.0982,2049.0982,0,1105.81,2049.0982,163.9279,51.2275
335,2012-06-23,2012-07-05,2018-06-29,26548,9,SO48674,1,782.99,782.99,0,486.7066,782.99,62.6392,19.5748
375,2012-06-22,2012-07-04,2018-06-30,17094,10,SO48654,1,2181.5625,2181.5625,0,1320.6838,2181.5625,174.525,54.5391
385,2012-06-22,2012-07-04,2018-07-01,18183,8,SO48655,1,1000.4375,1000.4375,0,605.6492,1000.4375,80.035,25.0109
337,2012-06-22,2012-07-04,2018-07-02,20829,8,SO48656,1,782.99,782.99,0,486.7066,782.99,62.6392,19.5748
373,2012-06-22,2012-07-04,2018-07-03,15067,7,SO48657,1,2181.5625,2181.5625,0,1320.6838,2181.5625,174.525,54.5391
352,2012-06-22,2012-07-04,2018-07-04,12228,8,SO48658,1,2071.4196,2071.4196,0,1117.8559,2071.4196,165.7136,51.7855
362,2012-06-22,2012-07-04,2018-07-05,28749,7,SO48659,1,2049.0982,2049.0982,0,1105.81,2049.0982,163.9279,51.2275
356,2012-06-22,2012-07-04,2018-07-06,26607,4,SO48660,1,2071.4196,2071.4196,0,1117.8559,2071.4196,165.7136,51.7855
333,2012-06-22,2012-07-04,2018-07-07,15467,4,SO48661,1,782.99,782.99,0,486.7066,782.99,62.6392,19.5748
369,2012-06-22,2012-07-04,2018-07-08,22938,9,SO48662,1,2443.35,2443.35,0,1518.7864,2443.35,195.468,61.0838
362,2012-06-22,2012-07-04,2018-07-09,13118,9,SO48663,1,2049.0982,2049.0982,0,1105.81,2049.0982,163.9279,51.2275
354,2012-06-22,2012-07-04,2018-07-10,13521,9,SO48664,1,2071.4196,2071.4196,0,1117.8559,2071.4196,165.7136,51.7855
335,2012-06-22,2012-07-04,2018-07-11,20872,10,SO48665,1,782.99,782.99,0,486.7066,782.99,62.6392,19.5748
360,2012-06-22,2012-07-04,2018-07-12,13090,9,SO48666,1,2049.0982,2049.0982,0,1105.81,2049.0982,163.9279,51.2275
371,2012-06-21,2012-07-03,2018-07-13,15061,7,SO48642,1,2181.5625,2181.5625,0,1320.6838,2181.5625,174.525,54.5391
343,2012-06-21,2012-07-03,2018-07-14,20869,10,SO48643,1,782.99,782.99,0,486.7066,782.99,62.6392,19.5748
387,2012-06-21,2012-07-03,2018-07-15,14270,4,SO48644,1,1000.4375,1000.4375,0,605.6492,1000.4375,80.035,25.0109
387,2012-06-21,2012-07-03,2018-07-16,14283,1,SO48645,1,1000.4375,1000.4375,0,605.6492,1000.4375,80.035,25.0109
370,2012-06-21,2012-07-03,2018-07-17,13722,1,SO48646,1,2443.35,2443.35,0,1518.7864,2443.35,195.468,61.0838
354,2012-06-21,2012-07-03,2018-07-18,26625,1,SO48647,1,2071.4196,2071.4196,0,1117.8559,2071.4196,165.7136,51.7855
354,2012-06-21,2012-07-03,2018-07-19,26610,4,SO48648,1,2071.4196,2071.4196,0,1117.8559,2071.4196,165.7136,51.7855
339,2012-06-21,2012-07-03,2018-07-20,15432,4,SO48649,1,782.99,782.99,0,486.7066,782.99,62.6392,19.5748
373,2012-06-21,2012-07-03,2018-07-21,22986,9,SO48650,1,2181.5625,2181.5625,0,1320.6838,2181.5625,174.525,54.5391
377,2012-06-21,2012-07-03,2018-07-22,22926,9,SO48651,1,2181.5625,2181.5625,0,1320.6838,2181.5625,174.525,54.5391
368,2012-06-21,2012-07-03,2018-07-23,22951,9,SO48652,1,2443.35,2443.35,0,1518.7864,2443.35,195.468,61.0838
360,2012-06-21,2012-07-03,2018-07-24,20680,6,SO48653,1,2049.0982,2049.0982,0,1105.81,2049.0982,163.9279,51.2275
358,2012-06-20,2012-07-02,2018-07-25,26623,1,SO48630,1,2049.0982,2049.0982,0,1105.81,2049.0982,163.9279,51.2275
375,2012-06-20,2012-07-02,2018-07-26,17185,10,SO48631,1,2181.5625,2181.5625,0,1320.6838,2181.5625,174.525,54.5391
379,2012-06-20,2012-07-02,2018-07-27,17192,10,SO48632,1,2181.5625,2181.5625,0,1320.6838,2181.5625,174.525,54.5391
339,2012-06-20,2012-07-02,2018-07-28,20875,10,SO48633,1,782.99,782.99,0,486.7066,782.99,62.6392,19.5748
362,2012-06-20,2012-07-02,2018-07-29,12230,8,SO48634,1,2049.0982,2049.0982,0,1105.81,2049.0982,163.9279,51.2275
358,2012-06-20,2012-07-02,2018-07-30,28750,7,SO48635,1,2049.0982,2049.0982,0,1105.81,2049.0982,163.9279,51.2275
325,2012-06-20,2012-07-02,2018-07-31,15429,4,SO48636,1,782.99,782.99,0,486.7066,782.99,62.6392,19.5748
337,2012-06-20,2012-07-02,2018-08-01,15474,4,SO48637,1,782.99,782.99,0,486.7066,782.99,62.6392,19.5748
335,2012-06-20,2012-07-02,2018-08-02,15475,4,SO48638,1,782.99,782.99,0,486.7066,782.99,62.6392,19.5748
358,2012-06-20,2012-07-02,2018-08-03,20670,6,SO48639,1,2049.0982,2049.0982,0,1105.81,2049.0982,163.9279,51.2275
356,2012-06-20,2012-07-02,2018-08-04,26681,4,SO48640,1,2071.4196,2071.4196,0,1117.8559,2071.4196,165.7136,51.7855
354,2012-06-20,2012-07-02,2018-08-05,13524,9,SO48641,1,2071.4196,2071.4196,0,1117.8559,2071.4196,165.7136,51.7855
362,2012-06-19,2012-07-01,2018-08-06,28758,7,SO48627,1,2049.0982,2049.0982,0,1105.81,2049.0982,163.9279,51.2275
352,2012-06-19,2012-07-01,2018-08-07,12381,10,SO48628,1,2071.4196,2071.4196,0,1117.8559,2071.4196,165.7136,51.7855
389,2012-06-19,2012-07-01,2018-08-08,24916,9,SO48629,1,1000.4375,1000.4375,0,605.6492,1000.4375,80.035,25.0109
375,2012-06-18,2012-06-30,2018-08-09,14965,7,SO48613,1,2181.5625,2181.5625,0,1320.6838,2181.5625,174.525,54.5391
375,2012-06-18,2012-06-30,2018-08-10,14976,7,SO48614,1,2181.5625,2181.5625,0,1320.6838,2181.5625,174.525,54.5391
383,2012-06-18,2012-06-30,2018-08-11,19360,10,SO48615,1,1000.4375,1000.4375,0,605.6492,1000.4375,80.035,25.0109
373,2012-06-18,2012-06-30,2018-08-12,13721,1,SO48616,1,2181.5625,2181.5625,0,1320.6838,2181.5625,174.525,54.5391
371,2012-06-18,2012-06-30,2018-08-13,13725,4,SO48617,1,2181.5625,2181.5625,0,1320.6838,2181.5625,174.525,54.5391
333,2012-06-18,2012-06-30,2018-08-14,27259,6,SO48618,1,782.99,782.99,0,486.7066,782.99,62.6392,19.5748
369,2012-06-18,2012-06-30,2018-08-15,22934,9,SO48619,1,2443.35,2443.35,0,1518.7864,2443.35,195.468,61.0838
360,2012-06-18,2012-06-30,2018-08-16,20665,6,SO48620,1,2049.0982,2049.0982,0,1105.81,2049.0982,163.9279,51.2275
360,2012-06-18,2012-06-30,2018-08-17,13129,9,SO48621,1,2049.0982,2049.0982,0,1105.81,2049.0982,163.9279,51.2275
356,2012-06-18,2012-06-30,2018-08-18,13156,9,SO48622,1,2071.4196,2071.4196,0,1117.8559,2071.4196,165.7136,51.7855
356,2012-06-18,2012-06-30,2018-08-19,13108,9,SO48623,1,2071.4196,2071.4196,0,1117.8559,2071.4196,165.7136,51.7855
362,2012-06-18,2012-06-30,2018-08-20,13109,9,SO48624,1,2049.0982,2049.0982,0,1105.81,2049.0982,163.9279,51.2275
337,2012-06-18,2012-06-30,2018-08-21,26547,9,SO48625,1,782.99,782.99,0,486.7066,782.99,62.6392,19.5748
335,2012-06-18,2012-06-30,2018-08-22,26570,9,SO48626,1,782.99,782.99,0,486.7066,782.99,62.6392,19.5748
377,2012-06-17,2012-06-29,2018-08-23,15002,7,SO48599,1,2181.5625,2181.5625,0,1320.6838,2181.5625,174.525,54.5391
385,2012-06-17,2012-06-29,2018-08-24,18185,8,SO48600,1,1000.4375,1000.4375,0,605.6492,1000.4375,80.035,25.0109
362,2012-06-17,2012-06-29,2018-08-25,28728,7,SO48601,1,2049.0982,2049.0982,0,1105.81,2049.0982,163.9279,51.2275
352,2012-06-17,2012-06-29,2018-08-26,12237,8,SO48602,1,2071.4196,2071.4196,0,1117.8559,2071.4196,165.7136,51.7855
356,2012-06-17,2012-06-29,2018-08-27,28751,7,SO48603,1,2071.4196,2071.4196,0,1117.8559,2071.4196,165.7136,51.7855
354,2012-06-17,2012-06-29,2018-08-28,26609,1,SO48604,1,2071.4196,2071.4196,0,1117.8559,2071.4196,165.7136,51.7855
358,2012-06-17,2012-06-29,2018-08-29,26616,1,SO48605,1,2049.0982,2049.0982,0,1105.81,2049.0982,163.9279,51.2275
368,2012-06-17,2012-06-29,2018-08-30,22988,9,SO48606,1,2443.35,2443.35,0,1518.7864,2443.35,195.468,61.0838
377,2012-06-17,2012-06-29,2018-08-31,22946,9,SO48607,1,2181.5625,2181.5625,0,1320.6838,2181.5625,174.525,54.5391
358,2012-06-17,2012-06-29,2018-09-01,26644,1,SO48608,1,2049.0982,2049.0982,0,1105.81,2049.0982,163.9279,51.2275
356,2012-06-17,2012-06-29,2018-09-02,26646,4,SO48609,1,2071.4196,2071.4196,0,1117.8559,2071.4196,165.7136,51.7855
358,2012-06-17,2012-06-29,2018-09-03,13134,9,SO48610,1,2049.0982,2049.0982,0,1105.81,2049.0982,163.9279,51.2275
360,2012-06-17,2012-06-29,2018-09-04,13518,9,SO48611,1,2049.0982,2049.0982,0,1105.81,2049.0982,163.9279,51.2275
352,2012-06-17,2012-06-29,2018-09-05,13520,9,SO48612,1,2071.4196,2071.4196,0,1117.8559,2071.4196,165.7136,51.7855
387,2012-06-16,2012-06-28,2018-09-06,17646,7,SO48589,1,1000.4375,1000.4375,0,605.6492,1000.4375,80.035,25.0109
352,2012-06-16,2012-06-28,2018-09-07,28757,7,SO48590,1,2071.4196,2071.4196,0,1117.8559,2071.4196,165.7136,51.7855
358,2012-06-16,2012-06-28,2018-09-08,28739,7,SO48591,1,2049.0982,2049.0982,0,1105.81,2049.0982,163.9279,51.2275
354,2012-06-16,2012-06-28,2018-09-09,12266,8,SO48592,1,2071.4196,2071.4196,0,1117.8559,2071.4196,165.7136,51.7855
362,2012-06-16,2012-06-28,2018-09-10,12394,10,SO48593,1,2049.0982,2049.0982,0,1105.81,2049.0982,163.9279,51.2275
362,2012-06-16,2012-06-28,2018-09-11,26614,1,SO48594,1,2049.0982,2049.0982,0,1105.81,2049.0982,163.9279,51.2275
375,2012-06-16,2012-06-28,2018-09-12,23097,9,SO48595,1,2181.5625,2181.5625,0,1320.6838,2181.5625,174.525,54.5391
373,2012-06-16,2012-06-28,2018-09-13,23101,9,SO48596,1,2181.5625,2181.5625,0,1320.6838,2181.5625,174.525,54.5391
352,2012-06-16,2012-06-28,2018-09-14,26650,4,SO48597,1,2071.4196,2071.4196,0,1117.8559,2071.4196,165.7136,51.7855
352,2012-06-16,2012-06-28,2018-09-15,13106,9,SO48598,1,2071.4196,2071.4196,0,1117.8559,2071.4196,165.7136,51.7855
377,2012-06-15,2012-06-27,2018-09-16,17207,10,SO48578,1,2181.5625,2181.5625,0,1320.6838,2181.5625,174.525,54.5391
379,2012-06-15,2012-06-27,2018-09-17,13741,4,SO48579,1,2181.5625,2181.5625,0,1320.6838,2181.5625,174.525,54.5391
358,2012-06-15,2012-06-27,2018-09-18,12231,8,SO48580,1,2049.0982,2049.0982,0,1105.81,2049.0982,163.9279,51.2275
352,2012-06-15,2012-06-27,2018-09-19,26632,1,SO48581,1,2071.4196,2071.4196,0,1117.8559,2071.4196,165.7136,51.7855
343,2012-06-15,2012-06-27,2018-09-20,15428,4,SO48582,1,782.99,782.99,0,486.7066,782.99,62.6392,19.5748
377,2012-06-15,2012-06-27,2018-09-21,23106,9,SO48583,1,2181.5625,2181.5625,0,1320.6838,2181.5625,174.525,54.5391
379,2012-06-15,2012-06-27,2018-09-22,22935,9,SO48584,1,2181.5625,2181.5625,0,1320.6838,2181.5625,174.525,54.5391
389,2012-06-15,2012-06-27,2018-09-23,24919,9,SO48585,1,1000.4375,1000.4375,0,605.6492,1000.4375,80.035,25.0109
354,2012-06-15,2012-06-27,2018-09-24,13113,9,SO48586,1,2071.4196,2071.4196,0,1117.8559,2071.4196,165.7136,51.7855
323,2012-06-15,2012-06-27,2018-09-25,26568,9,SO48587,1,782.99,782.99,0,486.7066,782.99,62.6392,19.5748
339,2012-06-15,2012-06-27,2018-09-26,26569,9,SO48588,1,782.99,782.99,0,486.7066,782.99,62.6392,19.5748
377,2012-06-14,2012-06-26,2018-09-27,14948,7,SO48567,1,2181.5625,2181.5625,0,1320.6838,2181.5625,174.525,54.5391
327,2012-06-14,2012-06-26,2018-09-28,19296,7,SO48568,1,782.99,782.99,0,486.7066,782.99,62.6392,19.5748
325,2012-06-14,2012-06-26,2018-09-29,20726,8,SO48569,1,782.99,782.99,0,486.7066,782.99,62.6392,19.5748
389,2012-06-14,2012-06-26,2018-09-30,26504,6,SO48570,1,1000.4375,1000.4375,0,605.6492,1000.4375,80.035,25.0109
377,2012-06-14,2012-06-26,2018-10-01,13726,4,SO48571,1,2181.5625,2181.5625,0,1320.6838,2181.5625,174.525,54.5391
362,2012-06-14,2012-06-26,2018-10-02,28756,7,SO48572,1,2049.0982,2049.0982,0,1105.81,2049.0982,163.9279,51.2275
329,2012-06-14,2012-06-26,2018-10-03,15419,1,SO48573,1,782.99,782.99,0,486.7066,782.99,62.6392,19.5748
321,2012-06-14,2012-06-26,2018-10-04,15422,1,SO48574,1,782.99,782.99,0,486.7066,782.99,62.6392,19.5748
360,2012-06-14,2012-06-26,2018-10-05,13123,9,SO48575,1,2049.0982,2049.0982,0,1105.81,2049.0982,163.9279,51.2275
362,2012-06-14,2012-06-26,2018-10-06,13133,9,SO48576,1,2049.0982,2049.0982,0,1105.81,2049.0982,163.9279,51.2275
335,2012-06-14,2012-06-26,2018-10-07,26571,9,SO48577,1,782.99,782.99,0,486.7066,782.99,62.6392,19.5748
375,2012-06-13,2012-06-25,2018-10-08,17085,10,SO48562,1,2181.5625,2181.5625,0,1320.6838,2181.5625,174.525,54.5391
341,2012-06-13,2012-06-25,2018-10-09,20831,8,SO48563,1,782.99,782.99,0,486.7066,782.99,62.6392,19.5748
375,2012-06-13,2012-06-25,2018-10-10,17218,10,SO48564,1,2181.5625,2181.5625,0,1320.6838,2181.5625,174.525,54.5391
358,2012-06-13,2012-06-25,2018-10-11,26604,4,SO48565,1,2049.0982,2049.0982,0,1105.81,2049.0982,163.9279,51.2275
375,2012-06-13,2012-06-25,2018-10-12,22906,9,SO48566,1,2181.5625,2181.5625,0,1320.6838,2181.5625,174.525,54.5391
377,2012-06-12,2012-06-24,2018-10-13,14960,7,SO48546,1,2181.5625,2181.5625,0,1320.6838,2181.5625,174.525,54.5391
385,2012-06-12,2012-06-24,2018-10-14,19029,8,SO48547,1,1000.4375,1000.4375,0,605.6492,1000.4375,80.035,25.0109
370,2012-06-12,2012-06-24,2018-10-15,16414,8,SO48548,1,2443.35,2443.35,0,1518.7864,2443.35,195.468,61.0838
375,2012-06-12,2012-06-24,2018-10-16,14946,7,SO48549,1,2181.5625,2181.5625,0,1320.6838,2181.5625,174.525,54.5391
327,2012-06-12,2012-06-24,2018-10-17,19315,7,SO48550,1,782.99,782.99,0,486.7066,782.99,62.6392,19.5748
331,2012-06-12,2012-06-24,2018-10-18,20833,8,SO48551,1,782.99,782.99,0,486.7066,782.99,62.6392,19.5748
381,2012-06-12,2012-06-24,2018-10-19,14242,1,SO48552,1,1000.4375,1000.4375,0,605.6492,1000.4375,80.035,25.0109
370,2012-06-12,2012-06-24,2018-10-20,13716,4,SO48553,1,2443.35,2443.35,0,1518.7864,2443.35,195.468,61.0838
362,2012-06-12,2012-06-24,2018-10-21,26622,1,SO48554,1,2049.0982,2049.0982,0,1105.81,2049.0982,163.9279,51.2275
325,2012-06-12,2012-06-24,2018-10-22,15399,4,SO48555,1,782.99,782.99,0,486.7066,782.99,62.6392,19.5748
377,2012-06-12,2012-06-24,2018-10-23,22936,9,SO48556,1,2181.5625,2181.5625,0,1320.6838,2181.5625,174.525,54.5391
370,2012-06-12,2012-06-24,2018-10-24,22958,9,SO48557,1,2443.35,2443.35,0,1518.7864,2443.35,195.468,61.0838
360,2012-06-12,2012-06-24,2018-10-25,26684,4,SO48558,1,2049.0982,2049.0982,0,1105.81,2049.0982,163.9279,51.2275
354,2012-06-12,2012-06-24,2018-10-26,13122,9,SO48559,1,2071.4196,2071.4196,0,1117.8559,2071.4196,165.7136,51.7855
327,2012-06-12,2012-06-24,2018-10-27,26561,9,SO48560,1,782.99,782.99,0,486.7066,782.99,62.6392,19.5748
341,2012-06-12,2012-06-24,2018-10-28,26562,9,SO48561,1,782.99,782.99,0,486.7066,782.99,62.6392,19.5748
371,2012-06-11,2012-06-23,2018-10-29,16448,8,SO48534,1,2181.5625,2181.5625,0,1320.6838,2181.5625,174.525,54.5391
339,2012-06-11,2012-06-23,2018-10-30,19295,7,SO48535,1,782.99,782.99,0,486.7066,782.99,62.6392,19.5748
387,2012-06-11,2012-06-23,2018-10-31,14256,1,SO48536,1,1000.4375,1000.4375,0,605.6492,1000.4375,80.035,25.0109
362,2012-06-11,2012-06-23,2018-11-01,12318,10,SO48537,1,2049.0982,2049.0982,0,1105.81,2049.0982,163.9279,51.2275
379,2012-06-11,2012-06-23,2018-11-02,22905,9,SO48538,1,2181.5625,2181.5625,0,1320.6838,2181.5625,174.525,54.5391
377,2012-06-11,2012-06-23,2018-11-03,22921,9,SO48539,1,2181.5625,2181.5625,0,1320.6838,2181.5625,174.525,54.5391
377,2012-06-11,2012-06-23,2018-11-04,22931,9,SO48540,1,2181.5625,2181.5625,0,1320.6838,2181.5625,174.525,54.5391
368,2012-06-11,2012-06-23,2018-11-05,22943,9,SO48541,1,2443.35,2443.35,0,1518.7864,2443.35,195.468,61.0838
360,2012-06-11,2012-06-23,2018-11-06,26676,4,SO48542,1,2049.0982,2049.0982,0,1105.81,2049.0982,163.9279,51.2275
387,2012-06-11,2012-06-23,2018-11-07,24918,9,SO48543,1,1000.4375,1000.4375,0,605.6492,1000.4375,80.035,25.0109
354,2012-06-11,2012-06-23,2018-11-08,13119,9,SO48544,1,2071.4196,2071.4196,0,1117.8559,2071.4196,165.7136,51.7855
360,2012-06-11,2012-06-23,2018-11-09,12335,10,SO48545,1,2049.0982,2049.0982,0,1105.81,2049.0982,163.9279,51.2275
368,2012-06-10,2012-06-22,2018-11-10,16442,8,SO48517,1,2443.35,2443.35,0,1518.7864,2443.35,195.468,61.0838
381,2012-06-10,2012-06-22,2018-11-11,19337,10,SO48518,1,1000.4375,1000.4375,0,605.6492,1000.4375,80.035,25.0109
381,2012-06-10,2012-06-22,2018-11-12,18176,8,SO48519,1,1000.4375,1000.4375,0,605.6492,1000.4375,80.035,25.0109
377,2012-06-10,2012-06-22,2018-11-13,16411,8,SO48520,1,2181.5625,2181.5625,0,1320.6838,2181.5625,174.525,54.5391
371,2012-06-10,2012-06-22,2018-11-14,16422,8,SO48521,1,2181.5625,2181.5625,0,1320.6838,2181.5625,174.525,54.5391
370,2012-06-10,2012-06-22,2018-11-15,15064,7,SO48522,1,2443.35,2443.35,0,1518.7864,2443.35,195.468,61.0838
377,2012-06-10,2012-06-22,2018-11-16,17203,10,SO48523,1,2181.5625,2181.5625,0,1320.6838,2181.5625,174.525,54.5391
377,2012-06-10,2012-06-22,2018-11-17,15082,7,SO48524,1,2181.5625,2181.5625,0,1320.6838,2181.5625,174.525,54.5391
385,2012-06-10,2012-06-22,2018-11-18,14284,1,SO48525,1,1000.4375,1000.4375,0,605.6492,1000.4375,80.035,25.0109
375,2012-06-10,2012-06-22,2018-11-19,13724,4,SO48526,1,2181.5625,2181.5625,0,1320.6838,2181.5625,174.525,54.5391
352,2012-06-10,2012-06-22,2018-11-20,26617,4,SO48527,1,2071.4196,2071.4196,0,1117.8559,2071.4196,165.7136,51.7855
379,2012-06-10,2012-06-22,2018-11-21,22908,9,SO48528,1,2181.5625,2181.5625,0,1320.6838,2181.5625,174.525,54.5391
360,2012-06-10,2012-06-22,2018-11-22,26638,1,SO48529,1,2049.0982,2049.0982,0,1105.81,2049.0982,163.9279,51.2275
352,2012-06-10,2012-06-22,2018-11-23,13104,9,SO48530,1,2071.4196,2071.4196,0,1117.8559,2071.4196,165.7136,51.7855
360,2012-06-10,2012-06-22,2018-11-24,13105,9,SO48531,1,2049.0982,2049.0982,0,1105.81,2049.0982,163.9279,51.2275
362,2012-06-10,2012-06-22,2018-11-25,13112,9,SO48532,1,2049.0982,2049.0982,0,1105.81,2049.0982,163.9279,51.2275
329,2012-06-10,2012-06-22,2018-11-26,26560,9,SO48533,1,782.99,782.99,0,486.7066,782.99,62.6392,19.5748
370,2012-06-09,2012-06-21,2018-11-27,15003,7,SO48503,1,2443.35,2443.35,0,1518.7864,2443.35,195.468,61.0838
341,2012-06-09,2012-06-21,2018-11-28,20879,10,SO48504,1,782.99,782.99,0,486.7066,782.99,62.6392,19.5748
371,2012-06-09,2012-06-21,2018-11-29,15071,7,SO48505,1,2181.5625,2181.5625,0,1320.6838,2181.5625,174.525,54.5391
379,2012-06-09,2012-06-21,2018-11-30,15072,7,SO48506,1,2181.5625,2181.5625,0,1320.6838,2181.5625,174.525,54.5391
389,2012-06-09,2012-06-21,2018-12-01,14255,1,SO48507,1,1000.4375,1000.4375,0,605.6492,1000.4375,80.035,25.0109
377,2012-06-09,2012-06-21,2018-12-02,13736,4,SO48508,1,2181.5625,2181.5625,0,1320.6838,2181.5625,174.525,54.5391
354,2012-06-09,2012-06-21,2018-12-03,28740,7,SO48509,1,2071.4196,2071.4196,0,1117.8559,2071.4196,165.7136,51.7855
354,2012-06-09,2012-06-21,2018-12-04,26631,4,SO48510,1,2071.4196,2071.4196,0,1117.8559,2071.4196,165.7136,51.7855
362,2012-06-09,2012-06-21,2018-12-05,26635,4,SO48511,1,2049.0982,2049.0982,0,1105.81,2049.0982,163.9279,51.2275
352,2012-06-09,2012-06-21,2018-12-06,20656,6,SO48512,1,2071.4196,2071.4196,0,1117.8559,2071.4196,165.7136,51.7855
321,2012-06-09,2012-06-21,2018-12-07,15417,4,SO48513,1,782.99,782.99,0,486.7066,782.99,62.6392,19.5748
339,2012-06-09,2012-06-21,2018-12-08,15427,4,SO48514,1,782.99,782.99,0,486.7066,782.99,62.6392,19.5748
375,2012-06-09,2012-06-21,2018-12-09,22959,9,SO48515,1,2181.5625,2181.5625,0,1320.6838,2181.5625,174.525,54.5391
354,2012-06-09,2012-06-21,2018-12-10,13139,9,SO48516,1,2071.4196,2071.4196,0,1117.8559,2071.4196,165.7136,51.7855
362,2012-06-08,2012-06-20,2018-12-11,12402,10,SO48493,1,2049.0982,2049.0982,0,1105.81,2049.0982,163.9279,51.2275
385,2012-06-08,2012-06-20,2018-12-12,14272,1,SO48494,1,1000.4375,1000.4375,0,605.6492,1000.4375,80.035,25.0109
360,2012-06-08,2012-06-20,2018-12-13,26602,4,SO48495,1,2049.0982,2049.0982,0,1105.81,2049.0982,163.9279,51.2275
362,2012-06-08,2012-06-20,2018-12-14,26603,4,SO48496,1,2049.0982,2049.0982,0,1105.81,2049.0982,163.9279,51.2275
360,2012-06-08,2012-06-20,2018-12-15,26606,1,SO48497,1,2049.0982,2049.0982,0,1105.81,2049.0982,163.9279,51.2275
387,2012-06-08,2012-06-20,2018-12-16,24920,9,SO48498,1,1000.4375,1000.4375,0,605.6492,1000.4375,80.035,25.0109
358,2012-06-08,2012-06-20,2018-12-17,13132,9,SO48499,1,2049.0982,2049.0982,0,1105.81,2049.0982,163.9279,51.2275
358,2012-06-08,2012-06-20,2018-12-18,13135,9,SO48500,1,2049.0982,2049.0982,0,1105.81,2049.0982,163.9279,51.2275
383,2012-06-08,2012-06-20,2018-12-19,19362,10,SO48501,1,1000.4375,1000.4375,0,605.6492,1000.4375,80.035,25.0109
335,2012-06-08,2012-06-20,2018-12-20,26566,9,SO48502,1,782.99,782.99,0,486.7066,782.99,62.6392,19.5748
343,2012-06-07,2012-06-19,2018-12-21,20866,10,SO48486,1,782.99,782.99,0,486.7066,782.99,62.6392,19.5748
335,2012-06-07,2012-06-19,2018-12-22,20808,8,SO48487,1,782.99,782.99,0,486.7066,782.99,62.6392,19.5748
354,2012-06-07,2012-06-19,2018-12-23,12229,8,SO48488,1,2071.4196,2071.4196,0,1117.8559,2071.4196,165.7136,51.7855
369,2012-06-07,2012-06-19,2018-12-24,22954,9,SO48489,1,2443.35,2443.35,0,1518.7864,2443.35,195.468,61.0838
381,2012-06-07,2012-06-19,2018-12-25,24913,9,SO48490,1,1000.4375,1000.4375,0,605.6492,1000.4375,80.035,25.0109
358,2012-06-07,2012-06-19,2018-12-26,13126,9,SO48491,1,2049.0982,2049.0982,0,1105.81,2049.0982,163.9279,51.2275
331,2012-06-07,2012-06-19,2018-12-27,26567,9,SO48492,1,782.99,782.99,0,486.7066,782.99,62.6392,19.5748
370,2012-06-06,2012-06-18,2018-12-28,17214,10,SO48475,1,2443.35,2443.35,0,1518.7864,2443.35,195.468,61.0838
385,2012-06-06,2012-06-18,2018-12-29,26512,6,SO48476,1,1000.4375,1000.4375,0,605.6492,1000.4375,80.035,25.0109
352,2012-06-06,2012-06-18,2018-12-30,26611,4,SO48477,1,2071.4196,2071.4196,0,1117.8559,2071.4196,165.7136,51.7855
371,2012-06-06,2012-06-18,2018-12-31,22929,9,SO48478,1,2181.5625,2181.5625,0,1320.6838,2181.5625,174.525,54.5391
373,2012-06-06,2012-06-18,2019-01-01,22939,9,SO48479,1,2181.5625,2181.5625,0,1320.6838,2181.5625,174.525,54.5391
352,2012-06-06,2012-06-18,2019-01-02,26642,1,SO48480,1,2071.4196,2071.4196,0,1117.8559,2071.4196,165.7136,51.7855
358,2012-06-06,2012-06-18,2019-01-03,20669,6,SO48481,1,2049.0982,2049.0982,0,1105.81,2049.0982,163.9279,51.2275
387,2012-06-06,2012-06-18,2019-01-04,24912,9,SO48482,1,1000.4375,1000.4375,0,605.6492,1000.4375,80.035,25.0109
381,2012-06-06,2012-06-18,2019-01-05,24917,9,SO48483,1,1000.4375,1000.4375,0,605.6492,1000.4375,80.035,25.0109
352,2012-06-06,2012-06-18,2019-01-06,13525,9,SO48484,1,2071.4196,2071.4196,0,1117.8559,2071.4196,165.7136,51.7855
335,2012-06-06,2012-06-18,2019-01-07,26587,9,SO48485,1,782.99,782.99,0,486.7066,782.99,62.6392,19.5748
371,2012-06-05,2012-06-17,2019-01-08,17097,10,SO48458,1,2181.5625,2181.5625,0,1320.6838,2181.5625,174.525,54.5391
379,2012-06-05,2012-06-17,2019-01-09,14966,7,SO48459,1,2181.5625,2181.5625,0,1320.6838,2181.5625,174.525,54.5391
371,2012-06-05,2012-06-17,2019-01-10,17098,10,SO48460,1,2181.5625,2181.5625,0,1320.6838,2181.5625,174.525,54.5391
389,2012-06-05,2012-06-17,2019-01-11,18167,8,SO48461,1,1000.4375,1000.4375,0,605.6492,1000.4375,80.035,25.0109
329,2012-06-05,2012-06-17,2019-01-12,20828,8,SO48462,1,782.99,782.99,0,486.7066,782.99,62.6392,19.5748
371,2012-06-05,2012-06-17,2019-01-13,17225,10,SO48463,1,2181.5625,2181.5625,0,1320.6838,2181.5625,174.525,54.5391
375,2012-06-05,2012-06-17,2019-01-14,13734,4,SO48464,1,2181.5625,2181.5625,0,1320.6838,2181.5625,174.525,54.5391
356,2012-06-05,2012-06-17,2019-01-15,26626,4,SO48465,1,2071.4196,2071.4196,0,1117.8559,2071.4196,165.7136,51.7855
333,2012-06-05,2012-06-17,2019-01-16,15404,4,SO48466,1,782.99,782.99,0,486.7066,782.99,62.6392,19.5748
333,2012-06-05,2012-06-17,2019-01-17,15409,1,SO48467,1,782.99,782.99,0,486.7066,782.99,62.6392,19.5748
337,2012-06-05,2012-06-17,2019-01-18,15433,4,SO48468,1,782.99,782.99,0,486.7066,782.99,62.6392,19.5748
377,2012-06-05,2012-06-17,2019-01-19,22961,9,SO48469,1,2181.5625,2181.5625,0,1320.6838,2181.5625,174.525,54.5391
379,2012-06-05,2012-06-17,2019-01-20,23105,9,SO48470,1,2181.5625,2181.5625,0,1320.6838,2181.5625,174.525,54.5391
375,2012-06-05,2012-06-17,2019-01-21,22909,9,SO48471,1,2181.5625,2181.5625,0,1320.6838,2181.5625,174.525,54.5391
373,2012-06-05,2012-06-17,2019-01-22,22942,9,SO48472,1,2181.5625,2181.5625,0,1320.6838,2181.5625,174.525,54.5391
352,2012-06-05,2012-06-17,2019-01-23,26641,4,SO48473,1,2071.4196,2071.4196,0,1117.8559,2071.4196,165.7136,51.7855
329,2012-06-05,2012-06-17,2019-01-24,26447,9,SO48474,1,782.99,782.99,0,486.7066,782.99,62.6392,19.5748
368,2012-06-04,2012-06-16,2019-01-25,14998,7,SO48452,1,2443.35,2443.35,0,1518.7864,2443.35,195.468,61.0838
385,2012-06-04,2012-06-16,2019-01-26,17647,7,SO48453,1,1000.4375,1000.4375,0,605.6492,1000.4375,80.035,25.0109
358,2012-06-04,2012-06-16,2019-01-27,12328,10,SO48454,1,2049.0982,2049.0982,0,1105.81,2049.0982,163.9279,51.2275
360,2012-06-04,2012-06-16,2019-01-28,12380,10,SO48455,1,2049.0982,2049.0982,0,1105.81,2049.0982,163.9279,51.2275
360,2012-06-04,2012-06-16,2019-01-29,20651,6,SO48456,1,2049.0982,2049.0982,0,1105.81,2049.0982,163.9279,51.2275
362,2012-06-04,2012-06-16,2019-01-30,13110,9,SO48457,1,2049.0982,2049.0982,0,1105.81,2049.0982,163.9279,51.2275
389,2012-06-03,2012-06-15,2019-01-31,17651,7,SO48439,1,1000.4375,1000.4375,0,605.6492,1000.4375,80.035,25.0109
337,2012-06-03,2012-06-15,2019-02-01,19309,7,SO48440,1,782.99,782.99,0,486.7066,782.99,62.6392,19.5748
389,2012-06-03,2012-06-15,2019-02-02,26503,6,SO48441,1,1000.4375,1000.4375,0,605.6492,1000.4375,80.035,25.0109
377,2012-06-03,2012-06-15,2019-02-03,13735,1,SO48442,1,2181.5625,2181.5625,0,1320.6838,2181.5625,174.525,54.5391
352,2012-06-03,2012-06-15,2019-02-04,12232,8,SO48443,1,2071.4196,2071.4196,0,1117.8559,2071.4196,165.7136,51.7855
362,2012-06-03,2012-06-15,2019-02-05,26618,4,SO48444,1,2049.0982,2049.0982,0,1105.81,2049.0982,163.9279,51.2275
343,2012-06-03,2012-06-15,2019-02-06,15411,4,SO48445,1,782.99,782.99,0,486.7066,782.99,62.6392,19.5748
339,2012-06-03,2012-06-15,2019-02-07,27265,6,SO48446,1,782.99,782.99,0,486.7066,782.99,62.6392,19.5748
327,2012-06-03,2012-06-15,2019-02-08,15471,4,SO48447,1,782.99,782.99,0,486.7066,782.99,62.6392,19.5748
375,2012-06-03,2012-06-15,2019-02-09,22987,9,SO48448,1,2181.5625,2181.5625,0,1320.6838,2181.5625,174.525,54.5391
370,2012-06-03,2012-06-15,2019-02-10,22907,9,SO48449,1,2443.35,2443.35,0,1518.7864,2443.35,195.468,61.0838
362,2012-06-03,2012-06-15,2019-02-11,26645,4,SO48450,1,2049.0982,2049.0982,0,1105.81,2049.0982,163.9279,51.2275
358,2012-06-03,2012-06-15,2019-02-12,13107,9,SO48451,1,2049.0982,2049.0982,0,1105.81,2049.0982,163.9279,51.2275
389,2012-06-02,2012-06-14,2019-02-13,14267,1,SO48436,1,1000.4375,1000.4375,0,605.6492,1000.4375,80.035,25.0109
325,2012-06-02,2012-06-14,2019-02-14,15466,4,SO48437,1,782.99,782.99,0,486.7066,782.99,62.6392,19.5748
362,2012-06-02,2012-06-14,2019-02-15,13117,9,SO48438,1,2049.0982,2049.0982,0,1105.81,2049.0982,163.9279,51.2275
377,2012-06-01,2012-06-13,2019-02-16,14957,7,SO48420,1,2181.5625,2181.5625,0,1320.6838,2181.5625,174.525,54.5391
387,2012-06-01,2012-06-13,2019-02-17,19361,10,SO48421,1,1000.4375,1000.4375,0,605.6492,1000.4375,80.035,25.0109
379,2012-06-01,2012-06-13,2019-02-18,16946,10,SO48422,1,2181.5625,2181.5625,0,1320.6838,2181.5625,174.525,54.5391
341,2012-06-01,2012-06-13,2019-02-19,19297,7,SO48423,1,782.99,782.99,0,486.7066,782.99,62.6392,19.5748
377,2012-06-01,2012-06-13,2019-02-20,15070,7,SO48424,1,2181.5625,2181.5625,0,1320.6838,2181.5625,174.525,54.5391
379,2012-06-01,2012-06-13,2019-02-21,16475,8,SO48425,1,2181.5625,2181.5625,0,1320.6838,2181.5625,174.525,54.5391
383,2012-06-01,2012-06-13,2019-02-22,14253,4,SO48426,1,1000.4375,1000.4375,0,605.6492,1000.4375,80.035,25.0109
389,2012-06-01,2012-06-13,2019-02-23,14289,4,SO48427,1,1000.4375,1000.4375,0,605.6492,1000.4375,80.035,25.0109
371,2012-06-01,2012-06-13,2019-02-24,13733,1,SO48428,1,2181.5625,2181.5625,0,1320.6838,2181.5625,174.525,54.5391
352,2012-06-01,2012-06-13,2019-02-25,12385,10,SO48429,1,2071.4196,2071.4196,0,1117.8559,2071.4196,165.7136,51.7855
360,2012-06-01,2012-06-13,2019-02-26,26633,4,SO48430,1,2049.0982,2049.0982,0,1105.81,2049.0982,163.9279,51.2275
354,2012-06-01,2012-06-13,2019-02-27,26619,1,SO48431,1,2071.4196,2071.4196,0,1117.8559,2071.4196,165.7136,51.7855
377,2012-06-01,2012-06-13,2019-02-28,23098,9,SO48432,1,2181.5625,2181.5625,0,1320.6838,2181.5625,174.525,54.5391
379,2012-06-01,2012-06-13,2019-03-01,23102,9,SO48433,1,2181.5625,2181.5625,0,1320.6838,2181.5625,174.525,54.5391
377,2012-06-01,2012-06-13,2019-03-02,22912,9,SO48434,1,2181.5625,2181.5625,0,1320.6838,2181.5625,174.525,54.5391
377,2012-06-01,2012-06-13,2019-03-03,22953,9,SO48435,1,2181.5625,2181.5625,0,1320.6838,2181.5625,174.525,54.5391
371,2012-05-31,2012-06-12,2019-03-04,17182,10,SO48411,1,2181.5625,2181.5625,0,1320.6838,2181.5625,174.525,54.5391
343,2012-05-31,2012-06-12,2019-03-05,19310,7,SO48412,1,782.99,782.99,0,486.7066,782.99,62.6392,19.5748
383,2012-05-31,2012-06-12,2019-03-06,14288,4,SO48413,1,1000.4375,1000.4375,0,605.6492,1000.4375,80.035,25.0109
369,2012-05-31,2012-06-12,2019-03-07,13718,1,SO48414,1,2443.35,2443.35,0,1518.7864,2443.35,195.468,61.0838
356,2012-05-31,2012-06-12,2019-03-08,26634,4,SO48415,1,2071.4196,2071.4196,0,1117.8559,2071.4196,165.7136,51.7855
321,2012-05-31,2012-06-12,2019-03-09,15472,1,SO48416,1,782.99,782.99,0,486.7066,782.99,62.6392,19.5748
368,2012-05-31,2012-06-12,2019-03-10,22932,9,SO48417,1,2443.35,2443.35,0,1518.7864,2443.35,195.468,61.0838
352,2012-05-31,2012-06-12,2019-03-11,13114,9,SO48418,1,2071.4196,2071.4196,0,1117.8559,2071.4196,165.7136,51.7855
339,2012-05-31,2012-06-12,2019-03-12,26585,9,SO48419,1,782.99,782.99,0,486.7066,782.99,62.6392,19.5748
327,2012-05-30,2012-06-11,2019-03-13,20830,8,SO48400,1,782.99,782.99,0,486.7066,782.99,62.6392,19.5748
375,2012-05-30,2012-06-11,2019-03-14,16451,8,SO48401,1,2181.5625,2181.5625,0,1320.6838,2181.5625,174.525,54.5391
379,2012-05-30,2012-06-11,2019-03-15,17627,10,SO48402,1,2181.5625,2181.5625,0,1320.6838,2181.5625,174.525,54.5391
383,2012-05-30,2012-06-11,2019-03-16,14285,4,SO48403,1,1000.4375,1000.4375,0,605.6492,1000.4375,80.035,25.0109
377,2012-05-30,2012-06-11,2019-03-17,13730,1,SO48404,1,2181.5625,2181.5625,0,1320.6838,2181.5625,174.525,54.5391
356,2012-05-30,2012-06-11,2019-03-18,12316,10,SO48405,1,2071.4196,2071.4196,0,1117.8559,2071.4196,165.7136,51.7855
327,2012-05-30,2012-06-11,2019-03-19,15473,4,SO48406,1,782.99,782.99,0,486.7066,782.99,62.6392,19.5748
375,2012-05-30,2012-06-11,2019-03-20,22913,9,SO48407,1,2181.5625,2181.5625,0,1320.6838,2181.5625,174.525,54.5391
379,2012-05-30,2012-06-11,2019-03-21,22927,9,SO48408,1,2181.5625,2181.5625,0,1320.6838,2181.5625,174.525,54.5391
370,2012-05-30,2012-06-11,2019-03-22,22940,9,SO48409,1,2443.35,2443.35,0,1518.7864,2443.35,195.468,61.0838
358,2012-05-30,2012-06-11,2019-03-23,26649,4,SO48410,1,2049.0982,2049.0982,0,1105.81,2049.0982,163.9279,51.2275
360,2012-05-29,2012-06-10,2019-03-24,12287,10,SO48277,1,2049.0982,2049.0982,0,1105.81,2049.0982,163.9279,51.2275
368,2012-05-29,2012-06-10,2019-03-25,16305,8,SO48278,1,2443.35,2443.35,0,1518.7864,2443.35,195.468,61.0838
381,2012-05-29,2012-06-10,2019-03-26,14121,1,SO48279,1,1000.4375,1000.4375,0,605.6492,1000.4375,80.035,25.0109
377,2012-05-29,2012-06-10,2019-03-27,13487,4,SO48280,1,2181.5625,2181.5625,0,1320.6838,2181.5625,174.525,54.5391
371,2012-05-29,2012-06-10,2019-03-28,13492,4,SO48281,1,2181.5625,2181.5625,0,1320.6838,2181.5625,174.525,54.5391
362,2012-05-29,2012-06-10,2019-03-29,26540,4,SO48282,1,2049.0982,2049.0982,0,1105.81,2049.0982,163.9279,51.2275
323,2012-05-29,2012-06-10,2019-03-30,15389,4,SO48283,1,782.99,782.99,0,486.7066,782.99,62.6392,19.5748
377,2012-05-29,2012-06-10,2019-03-31,22577,9,SO48284,1,2181.5625,2181.5625,0,1320.6838,2181.5625,174.525,54.5391
323,2012-05-29,2012-06-10,2019-04-01,15372,1,SO48285,1,782.99,782.99,0,486.7066,782.99,62.6392,19.5748
356,2012-05-28,2012-06-09,2019-04-02,28727,7,SO48271,1,2071.4196,2071.4196,0,1117.8559,2071.4196,165.7136,51.7855
371,2012-05-28,2012-06-09,2019-04-03,14931,7,SO48272,1,2181.5625,2181.5625,0,1320.6838,2181.5625,174.525,54.5391
369,2012-05-28,2012-06-09,2019-04-04,16589,10,SO48273,1,2443.35,2443.35,0,1518.7864,2443.35,195.468,61.0838
370,2012-05-28,2012-06-09,2019-04-05,22404,9,SO48274,1,2443.35,2443.35,0,1518.7864,2443.35,195.468,61.0838
387,2012-05-28,2012-06-09,2019-04-06,24907,9,SO48275,1,1000.4375,1000.4375,0,605.6492,1000.4375,80.035,25.0109
325,2012-05-28,2012-06-09,2019-04-07,26429,9,SO48276,1,782.99,782.99,0,486.7066,782.99,62.6392,19.5748
369,2012-05-27,2012-06-08,2019-04-08,16945,10,SO48265,1,2443.35,2443.35,0,1518.7864,2443.35,195.468,61.0838
370,2012-05-27,2012-06-08,2019-04-09,13713,1,SO48266,1,2443.35,2443.35,0,1518.7864,2443.35,195.468,61.0838
327,2012-05-27,2012-06-08,2019-04-10,27102,6,SO48267,1,782.99,782.99,0,486.7066,782.99,62.6392,19.5748
370,2012-05-27,2012-06-08,2019-04-11,22406,9,SO48268,1,2443.35,2443.35,0,1518.7864,2443.35,195.468,61.0838
325,2012-05-27,2012-06-08,2019-04-12,20863,10,SO48269,1,782.99,782.99,0,486.7066,782.99,62.6392,19.5748
360,2012-05-27,2012-06-08,2019-04-13,13081,9,SO48270,1,2049.0982,2049.0982,0,1105.81,2049.0982,163.9279,51.2275
389,2012-05-26,2012-06-07,2019-04-14,17641,7,SO48251,1,1000.4375,1000.4375,0,605.6492,1000.4375,80.035,25.0109
321,2012-05-26,2012-06-07,2019-04-15,20864,10,SO48252,1,782.99,782.99,0,486.7066,782.99,62.6392,19.5748
369,2012-05-26,2012-06-07,2019-04-16,14926,7,SO48253,1,2443.35,2443.35,0,1518.7864,2443.35,195.468,61.0838
383,2012-05-26,2012-06-07,2019-04-17,14117,1,SO48254,1,1000.4375,1000.4375,0,605.6492,1000.4375,80.035,25.0109
385,2012-05-26,2012-06-07,2019-04-18,26496,6,SO48255,1,1000.4375,1000.4375,0,605.6492,1000.4375,80.035,25.0109
385,2012-05-26,2012-06-07,2019-04-19,14240,1,SO48256,1,1000.4375,1000.4375,0,605.6492,1000.4375,80.035,25.0109
321,2012-05-26,2012-06-07,2019-04-20,19282,7,SO48257,1,782.99,782.99,0,486.7066,782.99,62.6392,19.5748
325,2012-05-26,2012-06-07,2019-04-21,19287,7,SO48258,1,782.99,782.99,0,486.7066,782.99,62.6392,19.5748
327,2012-05-26,2012-06-07,2019-04-22,27085,6,SO48259,1,782.99,782.99,0,486.7066,782.99,62.6392,19.5748
323,2012-05-26,2012-06-07,2019-04-23,27099,6,SO48260,1,782.99,782.99,0,486.7066,782.99,62.6392,19.5748
329,2012-05-26,2012-06-07,2019-04-24,27101,6,SO48261,1,782.99,782.99,0,486.7066,782.99,62.6392,19.5748
385,2012-05-26,2012-06-07,2019-04-25,24909,9,SO48262,1,1000.4375,1000.4375,0,605.6492,1000.4375,80.035,25.0109
329,2012-05-26,2012-06-07,2019-04-26,26435,9,SO48263,1,782.99,782.99,0,486.7066,782.99,62.6392,19.5748
329,2012-05-26,2012-06-07,2019-04-27,26437,9,SO48264,1,782.99,782.99,0,486.7066,782.99,62.6392,19.5748
354,2012-05-25,2012-06-06,2019-04-28,12129,8,SO48245,1,2071.4196,2071.4196,0,1117.8559,2071.4196,165.7136,51.7855
354,2012-05-25,2012-06-06,2019-04-29,12218,8,SO48246,1,2071.4196,2071.4196,0,1117.8559,2071.4196,165.7136,51.7855
373,2012-05-25,2012-06-06,2019-04-30,16390,8,SO48247,1,2181.5625,2181.5625,0,1320.6838,2181.5625,174.525,54.5391
329,2012-05-25,2012-06-06,2019-05-01,20852,10,SO48248,1,782.99,782.99,0,486.7066,782.99,62.6392,19.5748
337,2012-05-25,2012-06-06,2019-05-02,15394,4,SO48249,1,782.99,782.99,0,486.7066,782.99,62.6392,19.5748
370,2012-05-25,2012-06-06,2019-05-03,22572,9,SO48250,1,2443.35,2443.35,0,1518.7864,2443.35,195.468,61.0838
379,2012-05-24,2012-06-05,2019-05-04,14925,7,SO48237,1,2181.5625,2181.5625,0,1320.6838,2181.5625,174.525,54.5391
368,2012-05-24,2012-06-05,2019-05-05,16831,10,SO48238,1,2443.35,2443.35,0,1518.7864,2443.35,195.468,61.0838
373,2012-05-24,2012-06-05,2019-05-06,13700,4,SO48239,1,2181.5625,2181.5625,0,1320.6838,2181.5625,174.525,54.5391
323,2012-05-24,2012-06-05,2019-05-07,20856,10,SO48240,1,782.99,782.99,0,486.7066,782.99,62.6392,19.5748
360,2012-05-24,2012-06-05,2019-05-08,26520,1,SO48241,1,2049.0982,2049.0982,0,1105.81,2049.0982,163.9279,51.2275
356,2012-05-24,2012-06-05,2019-05-09,26532,4,SO48242,1,2071.4196,2071.4196,0,1117.8559,2071.4196,165.7136,51.7855
371,2012-05-24,2012-06-05,2019-05-10,22411,9,SO48243,1,2181.5625,2181.5625,0,1320.6838,2181.5625,174.525,54.5391
371,2012-05-24,2012-06-05,2019-05-11,22860,9,SO48244,1,2181.5625,2181.5625,0,1320.6838,2181.5625,174.525,54.5391
368,2012-05-23,2012-06-04,2019-05-12,14813,7,SO48227,1,2443.35,2443.35,0,1518.7864,2443.35,195.468,61.0838
368,2012-05-23,2012-06-04,2019-05-13,16598,10,SO48228,1,2443.35,2443.35,0,1518.7864,2443.35,195.468,61.0838
354,2012-05-23,2012-06-04,2019-05-14,26510,4,SO48229,1,2071.4196,2071.4196,0,1117.8559,2071.4196,165.7136,51.7855
360,2012-05-23,2012-06-04,2019-05-15,26530,1,SO48230,1,2049.0982,2049.0982,0,1105.81,2049.0982,163.9279,51.2275
362,2012-05-23,2012-06-04,2019-05-16,26579,4,SO48231,1,2049.0982,2049.0982,0,1105.81,2049.0982,163.9279,51.2275
331,2012-05-23,2012-06-04,2019-05-17,15396,1,SO48232,1,782.99,782.99,0,486.7066,782.99,62.6392,19.5748
371,2012-05-23,2012-06-04,2019-05-18,22850,9,SO48233,1,2181.5625,2181.5625,0,1320.6838,2181.5625,174.525,54.5391
373,2012-05-23,2012-06-04,2019-05-19,22203,9,SO48234,1,2181.5625,2181.5625,0,1320.6838,2181.5625,174.525,54.5391
321,2012-05-23,2012-06-04,2019-05-20,15367,1,SO48235,1,782.99,782.99,0,486.7066,782.99,62.6392,19.5748
339,2012-05-23,2012-06-04,2019-05-21,26423,9,SO48236,1,782.99,782.99,0,486.7066,782.99,62.6392,19.5748
381,2012-05-22,2012-06-03,2019-05-22,14116,1,SO48222,1,1000.4375,1000.4375,0,605.6492,1000.4375,80.035,25.0109
383,2012-05-22,2012-06-03,2019-05-23,14120,4,SO48223,1,1000.4375,1000.4375,0,605.6492,1000.4375,80.035,25.0109
354,2012-05-22,2012-06-03,2019-05-24,26581,1,SO48224,1,2071.4196,2071.4196,0,1117.8559,2071.4196,165.7136,51.7855
371,2012-05-22,2012-06-03,2019-05-25,22573,9,SO48225,1,2181.5625,2181.5625,0,1320.6838,2181.5625,174.525,54.5391
327,2012-05-22,2012-06-03,2019-05-26,26444,9,SO48226,1,782.99,782.99,0,486.7066,782.99,62.6392,19.5748
368,2012-05-21,2012-06-02,2019-05-27,16594,10,SO48218,1,2443.35,2443.35,0,1518.7864,2443.35,195.468,61.0838
354,2012-05-21,2012-06-02,2019-05-28,26511,4,SO48219,1,2071.4196,2071.4196,0,1117.8559,2071.4196,165.7136,51.7855
375,2012-05-21,2012-06-02,2019-05-29,22409,9,SO48220,1,2181.5625,2181.5625,0,1320.6838,2181.5625,174.525,54.5391
337,2012-05-21,2012-06-02,2019-05-30,15365,4,SO48221,1,782.99,782.99,0,486.7066,782.99,62.6392,19.5748
385,2012-05-20,2012-06-01,2019-05-31,17634,7,SO48211,1,1000.4375,1000.4375,0,605.6492,1000.4375,80.035,25.0109
362,2012-05-20,2012-06-01,2019-06-01,12289,10,SO48212,1,2049.0982,2049.0982,0,1105.81,2049.0982,163.9279,51.2275
358,2012-05-20,2012-06-01,2019-06-02,12292,10,SO48213,1,2049.0982,2049.0982,0,1105.81,2049.0982,163.9279,51.2275
368,2012-05-20,2012-06-01,2019-06-03,16409,8,SO48214,1,2443.35,2443.35,0,1518.7864,2443.35,195.468,61.0838
387,2012-05-20,2012-06-01,2019-06-04,26482,6,SO48215,1,1000.4375,1000.4375,0,605.6492,1000.4375,80.035,25.0109
325,2012-05-20,2012-06-01,2019-06-05,20719,8,SO48216,1,782.99,782.99,0,486.7066,782.99,62.6392,19.5748
325,2012-05-20,2012-06-01,2019-06-06,15380,1,SO48217,1,782.99,782.99,0,486.7066,782.99,62.6392,19.5748
356,2012-05-19,2012-05-31,2019-06-07,12225,8,SO48202,1,2071.4196,2071.4196,0,1117.8559,2071.4196,165.7136,51.7855
360,2012-05-19,2012-05-31,2019-06-08,12226,8,SO48203,1,2049.0982,2049.0982,0,1105.81,2049.0982,163.9279,51.2275
335,2012-05-19,2012-05-31,2019-06-09,26445,9,SO48204,1,782.99,782.99,0,486.7066,782.99,62.6392,19.5748
362,2012-05-19,2012-05-31,2019-06-10,26509,1,SO48205,1,2049.0982,2049.0982,0,1105.81,2049.0982,163.9279,51.2275
352,2012-05-19,2012-05-31,2019-06-11,26538,4,SO48206,1,2071.4196,2071.4196,0,1117.8559,2071.4196,165.7136,51.7855
373,2012-05-19,2012-05-31,2019-06-12,22407,9,SO48207,1,2181.5625,2181.5625,0,1320.6838,2181.5625,174.525,54.5391
370,2012-05-19,2012-05-31,2019-06-13,22201,9,SO48208,1,2443.35,2443.35,0,1518.7864,2443.35,195.468,61.0838
321,2012-05-19,2012-05-31,2019-06-14,15369,1,SO48209,1,782.99,782.99,0,486.7066,782.99,62.6392,19.5748
354,2012-05-19,2012-05-31,2019-06-15,13089,9,SO48210,1,2071.4196,2071.4196,0,1117.8559,2071.4196,165.7136,51.7855
389,2012-05-18,2012-05-30,2019-06-16,18164,8,SO48198,1,1000.4375,1000.4375,0,605.6492,1000.4375,80.035,25.0109
373,2012-05-18,2012-05-30,2019-06-17,16595,10,SO48199,1,2181.5625,2181.5625,0,1320.6838,2181.5625,174.525,54.5391
358,2012-05-18,2012-05-30,2019-06-18,26537,1,SO48200,1,2049.0982,2049.0982,0,1105.81,2049.0982,163.9279,51.2275
356,2012-05-18,2012-05-30,2019-06-19,26601,4,SO48201,1,2071.4196,2071.4196,0,1117.8559,2071.4196,165.7136,51.7855
331,2012-05-17,2012-05-29,2019-06-20,19292,7,SO48191,1,782.99,782.99,0,486.7066,782.99,62.6392,19.5748
377,2012-05-17,2012-05-29,2019-06-21,13702,4,SO48192,1,2181.5625,2181.5625,0,1320.6838,2181.5625,174.525,54.5391
352,2012-05-17,2012-05-29,2019-06-22,26499,4,SO48193,1,2071.4196,2071.4196,0,1117.8559,2071.4196,165.7136,51.7855
369,2012-05-17,2012-05-29,2019-06-23,22401,9,SO48194,1,2443.35,2443.35,0,1518.7864,2443.35,195.468,61.0838
371,2012-05-17,2012-05-29,2019-06-24,22399,9,SO48195,1,2181.5625,2181.5625,0,1320.6838,2181.5625,174.525,54.5391
327,2012-05-17,2012-05-29,2019-06-25,26440,9,SO48196,1,782.99,782.99,0,486.7066,782.99,62.6392,19.5748
323,2012-05-17,2012-05-29,2019-06-26,26422,9,SO48197,1,782.99,782.99,0,486.7066,782.99,62.6392,19.5748
360,2012-05-16,2012-05-28,2019-06-27,12286,10,SO48185,1,2049.0982,2049.0982,0,1105.81,2049.0982,163.9279,51.2275
379,2012-05-16,2012-05-28,2019-06-28,16297,8,SO48186,1,2181.5625,2181.5625,0,1320.6838,2181.5625,174.525,54.5391
335,2012-05-16,2012-05-28,2019-06-29,20862,10,SO48187,1,782.99,782.99,0,486.7066,782.99,62.6392,19.5748
377,2012-05-16,2012-05-28,2019-06-30,22579,9,SO48188,1,2181.5625,2181.5625,0,1320.6838,2181.5625,174.525,54.5391
325,2012-05-16,2012-05-28,2019-07-01,15371,1,SO48189,1,782.99,782.99,0,486.7066,782.99,62.6392,19.5748
323,2012-05-16,2012-05-28,2019-07-02,26443,9,SO48190,1,782.99,782.99,0,486.7066,782.99,62.6392,19.5748
385,2012-05-15,2012-05-27,2019-07-03,17633,7,SO48177,1,1000.4375,1000.4375,0,605.6492,1000.4375,80.035,25.0109
352,2012-05-15,2012-05-27,2019-07-04,12125,8,SO48178,1,2071.4196,2071.4196,0,1117.8559,2071.4196,165.7136,51.7855
369,2012-05-15,2012-05-27,2019-07-05,16828,10,SO48179,1,2443.35,2443.35,0,1518.7864,2443.35,195.468,61.0838
379,2012-05-15,2012-05-27,2019-07-06,16316,8,SO48180,1,2181.5625,2181.5625,0,1320.6838,2181.5625,174.525,54.5391
370,2012-05-15,2012-05-27,2019-07-07,13705,1,SO48181,1,2443.35,2443.35,0,1518.7864,2443.35,195.468,61.0838
360,2012-05-15,2012-05-27,2019-07-08,26600,4,SO48182,1,2049.0982,2049.0982,0,1105.81,2049.0982,163.9279,51.2275
373,2012-05-15,2012-05-27,2019-07-09,22583,9,SO48183,1,2181.5625,2181.5625,0,1320.6838,2181.5625,174.525,54.5391
381,2012-05-15,2012-05-27,2019-07-10,24908,9,SO48184,1,1000.4375,1000.4375,0,605.6492,1000.4375,80.035,25.0109
370,2012-05-14,2012-05-26,2019-07-11,16827,10,SO48174,1,2443.35,2443.35,0,1518.7864,2443.35,195.468,61.0838
354,2012-05-14,2012-05-26,2019-07-12,26545,4,SO48175,1,2071.4196,2071.4196,0,1117.8559,2071.4196,165.7136,51.7855
337,2012-05-14,2012-05-26,2019-07-13,15379,4,SO48176,1,782.99,782.99,0,486.7066,782.99,62.6392,19.5748
377,2012-05-13,2012-05-25,2019-07-14,13653,1,SO48169,1,2181.5625,2181.5625,0,1320.6838,2181.5625,174.525,54.5391
354,2012-05-13,2012-05-25,2019-07-15,11613,8,SO48170,1,2071.4196,2071.4196,0,1117.8559,2071.4196,165.7136,51.7855
370,2012-05-13,2012-05-25,2019-07-16,16313,8,SO48171,1,2443.35,2443.35,0,1518.7864,2443.35,195.468,61.0838
369,2012-05-13,2012-05-25,2019-07-17,13658,1,SO48172,1,2443.35,2443.35,0,1518.7864,2443.35,195.468,61.0838
375,2012-05-13,2012-05-25,2019-07-18,13704,1,SO48173,1,2181.5625,2181.5625,0,1320.6838,2181.5625,174.525,54.5391
373,2012-05-12,2012-05-24,2019-07-19,16327,8,SO48165,1,2181.5625,2181.5625,0,1320.6838,2181.5625,174.525,54.5391
368,2012-05-12,2012-05-24,2019-07-20,13484,4,SO48166,1,2443.35,2443.35,0,1518.7864,2443.35,195.468,61.0838
362,2012-05-12,2012-05-24,2019-07-21,26539,4,SO48167,1,2049.0982,2049.0982,0,1105.81,2049.0982,163.9279,51.2275
373,2012-05-12,2012-05-24,2019-07-22,22904,9,SO48168,1,2181.5625,2181.5625,0,1320.6838,2181.5625,174.525,54.5391
389,2012-05-11,2012-05-23,2019-07-23,19322,10,SO48159,1,1000.4375,1000.4375,0,605.6492,1000.4375,80.035,25.0109
371,2012-05-11,2012-05-23,2019-07-24,14848,7,SO48160,1,2181.5625,2181.5625,0,1320.6838,2181.5625,174.525,54.5391
371,2012-05-11,2012-05-23,2019-07-25,16938,10,SO48161,1,2181.5625,2181.5625,0,1320.6838,2181.5625,174.525,54.5391
369,2012-05-11,2012-05-23,2019-07-26,13714,1,SO48162,1,2443.35,2443.35,0,1518.7864,2443.35,195.468,61.0838
375,2012-05-11,2012-05-23,2019-07-27,22854,9,SO48163,1,2181.5625,2181.5625,0,1320.6838,2181.5625,174.525,54.5391
329,2012-05-11,2012-05-23,2019-07-28,26438,9,SO48164,1,782.99,782.99,0,486.7066,782.99,62.6392,19.5748
362,2012-05-10,2012-05-22,2019-07-29,11614,8,SO48148,1,2049.0982,2049.0982,0,1105.81,2049.0982,163.9279,51.2275
371,2012-05-10,2012-05-22,2019-07-30,16298,8,SO48149,1,2181.5625,2181.5625,0,1320.6838,2181.5625,174.525,54.5391
369,2012-05-10,2012-05-22,2019-07-31,16822,10,SO48150,1,2443.35,2443.35,0,1518.7864,2443.35,195.468,61.0838
333,2012-05-10,2012-05-22,2019-08-01,19280,7,SO48151,1,782.99,782.99,0,486.7066,782.99,62.6392,19.5748
352,2012-05-10,2012-05-22,2019-08-02,26536,4,SO48152,1,2071.4196,2071.4196,0,1117.8559,2071.4196,165.7136,51.7855
362,2012-05-10,2012-05-22,2019-08-03,26575,4,SO48153,1,2049.0982,2049.0982,0,1105.81,2049.0982,163.9279,51.2275
377,2012-05-10,2012-05-22,2019-08-04,22402,9,SO48154,1,2181.5625,2181.5625,0,1320.6838,2181.5625,174.525,54.5391
371,2012-05-10,2012-05-22,2019-08-05,22408,9,SO48155,1,2181.5625,2181.5625,0,1320.6838,2181.5625,174.525,54.5391
377,2012-05-10,2012-05-22,2019-08-06,22581,9,SO48156,1,2181.5625,2181.5625,0,1320.6838,2181.5625,174.525,54.5391
371,2012-05-10,2012-05-22,2019-08-07,22851,9,SO48157,1,2181.5625,2181.5625,0,1320.6838,2181.5625,174.525,54.5391
329,2012-05-10,2012-05-22,2019-08-08,26433,9,SO48158,1,782.99,782.99,0,486.7066,782.99,62.6392,19.5748
354,2012-05-09,2012-05-21,2019-08-09,12299,10,SO48141,1,2071.4196,2071.4196,0,1117.8559,2071.4196,165.7136,51.7855
362,2012-05-09,2012-05-21,2019-08-10,12213,8,SO48142,1,2049.0982,2049.0982,0,1105.81,2049.0982,163.9279,51.2275
327,2012-05-09,2012-05-21,2019-08-11,20720,8,SO48143,1,782.99,782.99,0,486.7066,782.99,62.6392,19.5748
370,2012-05-09,2012-05-21,2019-08-12,16823,10,SO48144,1,2443.35,2443.35,0,1518.7864,2443.35,195.468,61.0838
362,2012-05-09,2012-05-21,2019-08-13,26491,1,SO48145,1,2049.0982,2049.0982,0,1105.81,2049.0982,163.9279,51.2275
371,2012-05-09,2012-05-21,2019-08-14,22578,9,SO48146,1,2181.5625,2181.5625,0,1320.6838,2181.5625,174.525,54.5391
377,2012-05-09,2012-05-21,2019-08-15,22845,9,SO48147,1,2181.5625,2181.5625,0,1320.6838,2181.5625,174.525,54.5391
352,2012-05-08,2012-05-20,2019-08-16,12130,8,SO48137,1,2071.4196,2071.4196,0,1117.8559,2071.4196,165.7136,51.7855
373,2012-05-08,2012-05-20,2019-08-17,14818,7,SO48138,1,2181.5625,2181.5625,0,1320.6838,2181.5625,174.525,54.5391
370,2012-05-08,2012-05-20,2019-08-18,22857,9,SO48139,1,2443.35,2443.35,0,1518.7864,2443.35,195.468,61.0838
331,2012-05-08,2012-05-20,2019-08-19,15374,4,SO48140,1,782.99,782.99,0,486.7066,782.99,62.6392,19.5748
368,2012-05-07,2012-05-19,2019-08-20,16829,10,SO48130,1,2443.35,2443.35,0,1518.7864,2443.35,195.468,61.0838
360,2012-05-07,2012-05-19,2019-08-21,20483,6,SO48131,1,2049.0982,2049.0982,0,1105.81,2049.0982,163.9279,51.2275
352,2012-05-07,2012-05-19,2019-08-22,26521,1,SO48132,1,2071.4196,2071.4196,0,1117.8559,2071.4196,165.7136,51.7855
377,2012-05-07,2012-05-19,2019-08-23,22571,9,SO48133,1,2181.5625,2181.5625,0,1320.6838,2181.5625,174.525,54.5391
371,2012-05-07,2012-05-19,2019-08-24,22202,9,SO48134,1,2181.5625,2181.5625,0,1320.6838,2181.5625,174.525,54.5391
383,2012-05-07,2012-05-19,2019-08-25,24910,9,SO48135,1,1000.4375,1000.4375,0,605.6492,1000.4375,80.035,25.0109
354,2012-05-07,2012-05-19,2019-08-26,13082,9,SO48136,1,2071.4196,2071.4196,0,1117.8559,2071.4196,165.7136,51.7855
389,2012-05-06,2012-05-18,2019-08-27,14239,4,SO48125,1,1000.4375,1000.4375,0,605.6492,1000.4375,80.035,25.0109
387,2012-05-06,2012-05-18,2019-08-28,14115,1,SO48126,1,1000.4375,1000.4375,0,605.6492,1000.4375,80.035,25.0109
343,2012-05-06,2012-05-18,2019-08-29,20598,8,SO48127,1,782.99,782.99,0,486.7066,782.99,62.6392,19.5748
352,2012-05-06,2012-05-18,2019-08-30,26534,4,SO48128,1,2071.4196,2071.4196,0,1117.8559,2071.4196,165.7136,51.7855
377,2012-05-06,2012-05-18,2019-08-31,22582,9,SO48129,1,2181.5625,2181.5625,0,1320.6838,2181.5625,174.525,54.5391
381,2012-05-05,2012-05-17,2019-09-01,19312,10,SO48116,1,1000.4375,1000.4375,0,605.6492,1000.4375,80.035,25.0109
377,2012-05-05,2012-05-17,2019-09-02,14930,7,SO48117,1,2181.5625,2181.5625,0,1320.6838,2181.5625,174.525,54.5391
377,2012-05-05,2012-05-17,2019-09-03,16309,8,SO48118,1,2181.5625,2181.5625,0,1320.6838,2181.5625,174.525,54.5391
371,2012-05-05,2012-05-17,2019-09-04,14851,7,SO48119,1,2181.5625,2181.5625,0,1320.6838,2181.5625,174.525,54.5391
325,2012-05-05,2012-05-17,2019-09-05,15388,4,SO48120,1,782.99,782.99,0,486.7066,782.99,62.6392,19.5748
369,2012-05-05,2012-05-17,2019-09-06,22410,9,SO48121,1,2443.35,2443.35,0,1518.7864,2443.35,195.468,61.0838
369,2012-05-05,2012-05-17,2019-09-07,22207,9,SO48122,1,2443.35,2443.35,0,1518.7864,2443.35,195.468,61.0838
360,2012-05-05,2012-05-17,2019-09-08,13080,9,SO48123,1,2049.0982,2049.0982,0,1105.81,2049.0982,163.9279,51.2275
327,2012-05-05,2012-05-17,2019-09-09,26436,9,SO48124,1,782.99,782.99,0,486.7066,782.99,62.6392,19.5748
371,2012-05-04,2012-05-16,2019-09-10,16307,8,SO48110,1,2181.5625,2181.5625,0,1320.6838,2181.5625,174.525,54.5391
383,2012-05-04,2012-05-16,2019-09-11,14112,4,SO48111,1,1000.4375,1000.4375,0,605.6492,1000.4375,80.035,25.0109
371,2012-05-04,2012-05-16,2019-09-12,13712,1,SO48112,1,2181.5625,2181.5625,0,1320.6838,2181.5625,174.525,54.5391
335,2012-05-04,2012-05-16,2019-09-13,20716,8,SO48113,1,782.99,782.99,0,486.7066,782.99,62.6392,19.5748
321,2012-05-04,2012-05-16,2019-09-14,26439,9,SO48114,1,782.99,782.99,0,486.7066,782.99,62.6392,19.5748
321,2012-05-04,2012-05-16,2019-09-15,26442,9,SO48115,1,782.99,782.99,0,486.7066,782.99,62.6392,19.5748
369,2012-05-03,2012-05-15,2019-09-16,13489,1,SO48109,1,2443.35,2443.35,0,1518.7864,2443.35,195.468,61.0838
377,2012-05-02,2012-05-14,2019-09-17,16389,8,SO48103,1,2181.5625,2181.5625,0,1320.6838,2181.5625,174.525,54.5391
323,2012-05-02,2012-05-14,2019-09-18,20859,10,SO48104,1,782.99,782.99,0,486.7066,782.99,62.6392,19.5748
356,2012-05-02,2012-05-14,2019-09-19,26513,1,SO48105,1,2071.4196,2071.4196,0,1117.8559,2071.4196,165.7136,51.7855
360,2012-05-02,2012-05-14,2019-09-20,20546,6,SO48106,1,2049.0982,2049.0982,0,1105.81,2049.0982,163.9279,51.2275
370,2012-05-02,2012-05-14,2019-09-21,22580,9,SO48107,1,2443.35,2443.35,0,1518.7864,2443.35,195.468,61.0838
389,2012-05-02,2012-05-14,2019-09-22,24905,9,SO48108,1,1000.4375,1000.4375,0,605.6492,1000.4375,80.035,25.0109
360,2012-05-01,2012-05-13,2019-09-23,12128,8,SO48099,1,2049.0982,2049.0982,0,1105.81,2049.0982,163.9279,51.2275
356,2012-05-01,2012-05-13,2019-09-24,26546,4,SO48100,1,2071.4196,2071.4196,0,1117.8559,2071.4196,165.7136,51.7855
369,2012-05-01,2012-05-13,2019-09-25,22575,9,SO48101,1,2443.35,2443.35,0,1518.7864,2443.35,195.468,61.0838
379,2012-05-01,2012-05-13,2019-09-26,22576,9,SO48102,1,2181.5625,2181.5625,0,1320.6838,2181.5625,174.525,54.5391
377,2012-04-30,2012-05-12,2019-09-27,16588,10,SO48093,1,2181.5625,2181.5625,0,1320.6838,2181.5625,174.525,54.5391
370,2012-04-30,2012-05-12,2019-09-28,13657,1,SO48094,1,2443.35,2443.35,0,1518.7864,2443.35,195.468,61.0838
333,2012-04-30,2012-05-12,2019-09-29,20590,8,SO48095,1,782.99,782.99,0,486.7066,782.99,62.6392,19.5748
329,2012-04-30,2012-05-12,2019-09-30,15398,4,SO48096,1,782.99,782.99,0,486.7066,782.99,62.6392,19.5748
369,2012-04-30,2012-05-12,2019-10-01,22412,9,SO48097,1,2443.35,2443.35,0,1518.7864,2443.35,195.468,61.0838
377,2012-04-30,2012-05-12,2019-10-02,22400,9,SO48098,1,2181.5625,2181.5625,0,1320.6838,2181.5625,174.525,54.5391
377,2012-04-29,2012-05-11,2019-10-03,16554,10,SO47955,1,2181.5625,2181.5625,0,1320.6838,2181.5625,174.525,54.5391
369,2012-04-29,2012-05-11,2019-10-04,16271,8,SO47956,1,2443.35,2443.35,0,1518.7864,2443.35,195.468,61.0838
389,2012-04-29,2012-05-11,2019-10-05,14095,4,SO47957,1,1000.4375,1000.4375,0,605.6492,1000.4375,80.035,25.0109
329,2012-04-29,2012-05-11,2019-10-06,15349,4,SO47958,1,782.99,782.99,0,486.7066,782.99,62.6392,19.5748
327,2012-04-29,2012-05-11,2019-10-07,26189,9,SO47959,1,782.99,782.99,0,486.7066,782.99,62.6392,19.5748
385,2012-04-28,2012-05-10,2019-10-08,17196,7,SO47943,1,1000.4375,1000.4375,0,605.6492,1000.4375,80.035,25.0109
362,2012-04-28,2012-05-10,2019-10-09,28690,7,SO47944,1,2049.0982,2049.0982,0,1105.81,2049.0982,163.9279,51.2275
370,2012-04-28,2012-05-10,2019-10-10,14791,7,SO47945,1,2443.35,2443.35,0,1518.7864,2443.35,195.468,61.0838
369,2012-04-28,2012-05-10,2019-10-11,14802,7,SO47946,1,2443.35,2443.35,0,1518.7864,2443.35,195.468,61.0838
387,2012-04-28,2012-05-10,2019-10-12,14109,4,SO47947,1,1000.4375,1000.4375,0,605.6492,1000.4375,80.035,25.0109
369,2012-04-28,2012-05-10,2019-10-13,13450,1,SO47948,1,2443.35,2443.35,0,1518.7864,2443.35,195.468,61.0838
377,2012-04-28,2012-05-10,2019-10-14,13477,4,SO47949,1,2181.5625,2181.5625,0,1320.6838,2181.5625,174.525,54.5391
356,2012-04-28,2012-05-10,2019-10-15,26484,4,SO47950,1,2071.4196,2071.4196,0,1117.8559,2071.4196,165.7136,51.7855
356,2012-04-28,2012-05-10,2019-10-16,12700,9,SO47951,1,2071.4196,2071.4196,0,1117.8559,2071.4196,165.7136,51.7855
369,2012-04-28,2012-05-10,2019-10-17,22193,9,SO47952,1,2443.35,2443.35,0,1518.7864,2443.35,195.468,61.0838
369,2012-04-28,2012-05-10,2019-10-18,21974,9,SO47953,1,2443.35,2443.35,0,1518.7864,2443.35,195.468,61.0838
323,2012-04-28,2012-05-10,2019-10-19,26191,9,SO47954,1,782.99,782.99,0,486.7066,782.99,62.6392,19.5748
321,2012-04-27,2012-05-09,2019-10-20,20549,8,SO47937,1,782.99,782.99,0,486.7066,782.99,62.6392,19.5748
371,2012-04-27,2012-05-09,2019-10-21,21969,9,SO47938,1,2181.5625,2181.5625,0,1320.6838,2181.5625,174.525,54.5391
371,2012-04-27,2012-05-09,2019-10-22,21987,9,SO47939,1,2181.5625,2181.5625,0,1320.6838,2181.5625,174.525,54.5391
354,2012-04-27,2012-05-09,2019-10-23,12994,9,SO47940,1,2071.4196,2071.4196,0,1117.8559,2071.4196,165.7136,51.7855
356,2012-04-27,2012-05-09,2019-10-24,13010,9,SO47941,1,2071.4196,2071.4196,0,1117.8559,2071.4196,165.7136,51.7855
337,2012-04-27,2012-05-09,2019-10-25,26167,9,SO47942,1,782.99,782.99,0,486.7066,782.99,62.6392,19.5748
370,2012-04-26,2012-05-08,2019-10-26,16531,10,SO47931,1,2443.35,2443.35,0,1518.7864,2443.35,195.468,61.0838
373,2012-04-26,2012-05-08,2019-10-27,16561,10,SO47932,1,2181.5625,2181.5625,0,1320.6838,2181.5625,174.525,54.5391
373,2012-04-26,2012-05-08,2019-10-28,16270,8,SO47933,1,2181.5625,2181.5625,0,1320.6838,2181.5625,174.525,54.5391
385,2012-04-26,2012-05-08,2019-10-29,14106,4,SO47934,1,1000.4375,1000.4375,0,605.6492,1000.4375,80.035,25.0109
375,2012-04-26,2012-05-08,2019-10-30,22194,9,SO47935,1,2181.5625,2181.5625,0,1320.6838,2181.5625,174.525,54.5391
325,2012-04-26,2012-05-08,2019-10-31,26192,9,SO47936,1,782.99,782.99,0,486.7066,782.99,62.6392,19.5748
377,2012-04-25,2012-05-07,2019-11-01,29154,6,SO47928,1,2181.5625,2181.5625,0,1320.6838,2181.5625,174.525,54.5391
368,2012-04-25,2012-05-07,2019-11-02,29281,6,SO47929,1,2443.35,2443.35,0,1518.7864,2443.35,195.468,61.0838
377,2012-04-25,2012-05-07,2019-11-03,21982,9,SO47930,1,2181.5625,2181.5625,0,1320.6838,2181.5625,174.525,54.5391
381,2012-04-24,2012-05-06,2019-11-04,17216,7,SO47919,1,1000.4375,1000.4375,0,605.6492,1000.4375,80.035,25.0109
358,2012-04-24,2012-05-06,2019-11-05,12282,10,SO47920,1,2049.0982,2049.0982,0,1105.81,2049.0982,163.9279,51.2275
379,2012-04-24,2012-05-06,2019-11-06,14796,7,SO47921,1,2181.5625,2181.5625,0,1320.6838,2181.5625,174.525,54.5391
379,2012-04-24,2012-05-06,2019-11-07,13468,1,SO47922,1,2181.5625,2181.5625,0,1320.6838,2181.5625,174.525,54.5391
358,2012-04-24,2012-05-06,2019-11-08,26486,4,SO47923,1,2049.0982,2049.0982,0,1105.81,2049.0982,163.9279,51.2275
377,2012-04-24,2012-05-06,2019-11-09,22171,9,SO47924,1,2181.5625,2181.5625,0,1320.6838,2181.5625,174.525,54.5391
385,2012-04-24,2012-05-06,2019-11-10,24900,9,SO47925,1,1000.4375,1000.4375,0,605.6492,1000.4375,80.035,25.0109
360,2012-04-24,2012-05-06,2019-11-11,13079,9,SO47926,1,2049.0982,2049.0982,0,1105.81,2049.0982,163.9279,51.2275
331,2012-04-24,2012-05-06,2019-11-12,26188,9,SO47927,1,782.99,782.99,0,486.7066,782.99,62.6392,19.5748
360,2012-04-23,2012-05-05,2019-11-13,28724,7,SO47912,1,2049.0982,2049.0982,0,1105.81,2049.0982,163.9279,51.2275
368,2012-04-23,2012-05-05,2019-11-14,29159,6,SO47913,1,2443.35,2443.35,0,1518.7864,2443.35,195.468,61.0838
335,2012-04-23,2012-05-05,2019-11-15,20556,8,SO47914,1,782.99,782.99,0,486.7066,782.99,62.6392,19.5748
360,2012-04-23,2012-05-05,2019-11-16,26351,4,SO47915,1,2049.0982,2049.0982,0,1105.81,2049.0982,163.9279,51.2275
383,2012-04-23,2012-05-05,2019-11-17,24903,9,SO47916,1,1000.4375,1000.4375,0,605.6492,1000.4375,80.035,25.0109
358,2012-04-23,2012-05-05,2019-11-18,13001,9,SO47917,1,2049.0982,2049.0982,0,1105.81,2049.0982,163.9279,51.2275
362,2012-04-23,2012-05-05,2019-11-19,13006,9,SO47918,1,2049.0982,2049.0982,0,1105.81,2049.0982,163.9279,51.2275
368,2012-04-22,2012-05-04,2019-11-20,14714,7,SO47903,1,2443.35,2443.35,0,1518.7864,2443.35,195.468,61.0838
377,2012-04-22,2012-05-04,2019-11-21,16562,10,SO47904,1,2181.5625,2181.5625,0,1320.6838,2181.5625,174.525,54.5391
373,2012-04-22,2012-05-04,2019-11-22,29336,6,SO47905,1,2181.5625,2181.5625,0,1320.6838,2181.5625,174.525,54.5391
339,2012-04-22,2012-05-04,2019-11-23,27082,6,SO47906,1,782.99,782.99,0,486.7066,782.99,62.6392,19.5748
369,2012-04-22,2012-05-04,2019-11-24,21999,9,SO47907,1,2443.35,2443.35,0,1518.7864,2443.35,195.468,61.0838
362,2012-04-22,2012-05-04,2019-11-25,20468,6,SO47908,1,2049.0982,2049.0982,0,1105.81,2049.0982,163.9279,51.2275
356,2012-04-22,2012-05-04,2019-11-26,12999,9,SO47909,1,2071.4196,2071.4196,0,1117.8559,2071.4196,165.7136,51.7855
352,2012-04-22,2012-05-04,2019-11-27,13049,9,SO47910,1,2071.4196,2071.4196,0,1117.8559,2071.4196,165.7136,51.7855
358,2012-04-22,2012-05-04,2019-11-28,13077,9,SO47911,1,2049.0982,2049.0982,0,1105.81,2049.0982,163.9279,51.2275
389,2012-04-21,2012-05-03,2019-11-29,17206,7,SO47896,1,1000.4375,1000.4375,0,605.6492,1000.4375,80.035,25.0109
377,2012-04-21,2012-05-03,2019-11-30,16573,10,SO47897,1,2181.5625,2181.5625,0,1320.6838,2181.5625,174.525,54.5391
323,2012-04-21,2012-05-03,2019-12-01,19276,7,SO47898,1,782.99,782.99,0,486.7066,782.99,62.6392,19.5748
358,2012-04-21,2012-05-03,2019-12-02,12996,9,SO47899,1,2049.0982,2049.0982,0,1105.81,2049.0982,163.9279,51.2275
362,2012-04-21,2012-05-03,2019-12-03,13035,9,SO47900,1,2049.0982,2049.0982,0,1105.81,2049.0982,163.9279,51.2275
354,2012-04-21,2012-05-03,2019-12-04,13075,9,SO47901,1,2071.4196,2071.4196,0,1117.8559,2071.4196,165.7136,51.7855
360,2012-04-21,2012-05-03,2019-12-05,13076,9,SO47902,1,2049.0982,2049.0982,0,1105.81,2049.0982,163.9279,51.2275
377,2012-04-20,2012-05-02,2019-12-06,16541,10,SO47889,1,2181.5625,2181.5625,0,1320.6838,2181.5625,174.525,54.5391
370,2012-04-20,2012-05-02,2019-12-07,16263,8,SO47890,1,2443.35,2443.35,0,1518.7864,2443.35,195.468,61.0838
373,2012-04-20,2012-05-02,2019-12-08,16290,8,SO47891,1,2181.5625,2181.5625,0,1320.6838,2181.5625,174.525,54.5391
389,2012-04-20,2012-05-02,2019-12-09,26373,6,SO47892,1,1000.4375,1000.4375,0,605.6492,1000.4375,80.035,25.0109
371,2012-04-20,2012-05-02,2019-12-10,25989,6,SO47893,1,2181.5625,2181.5625,0,1320.6838,2181.5625,174.525,54.5391
358,2012-04-20,2012-05-02,2019-12-11,26344,4,SO47894,1,2049.0982,2049.0982,0,1105.81,2049.0982,163.9279,51.2275
333,2012-04-20,2012-05-02,2019-12-12,15347,4,SO47895,1,782.99,782.99,0,486.7066,782.99,62.6392,19.5748
387,2012-04-19,2012-05-01,2019-12-13,18157,8,SO47879,1,1000.4375,1000.4375,0,605.6492,1000.4375,80.035,25.0109
360,2012-04-19,2012-05-01,2019-12-14,28689,7,SO47880,1,2049.0982,2049.0982,0,1105.81,2049.0982,163.9279,51.2275
379,2012-04-19,2012-05-01,2019-12-15,16553,10,SO47881,1,2181.5625,2181.5625,0,1320.6838,2181.5625,174.525,54.5391
375,2012-04-19,2012-05-01,2019-12-16,13464,4,SO47882,1,2181.5625,2181.5625,0,1320.6838,2181.5625,174.525,54.5391
352,2012-04-19,2012-05-01,2019-12-17,26481,4,SO47883,1,2071.4196,2071.4196,0,1117.8559,2071.4196,165.7136,51.7855
370,2012-04-19,2012-05-01,2019-12-18,22030,9,SO47884,1,2443.35,2443.35,0,1518.7864,2443.35,195.468,61.0838
385,2012-04-19,2012-05-01,2019-12-19,24901,9,SO47885,1,1000.4375,1000.4375,0,605.6492,1000.4375,80.035,25.0109
358,2012-04-19,2012-05-01,2019-12-20,13011,9,SO47886,1,2049.0982,2049.0982,0,1105.81,2049.0982,163.9279,51.2275
356,2012-04-19,2012-05-01,2019-12-21,13012,9,SO47887,1,2071.4196,2071.4196,0,1117.8559,2071.4196,165.7136,51.7855
354,2012-04-19,2012-05-01,2019-12-22,13050,9,SO47888,1,2071.4196,2071.4196,0,1117.8559,2071.4196,165.7136,51.7855
383,2012-04-18,2012-04-30,2019-12-23,19305,10,SO47870,1,1000.4375,1000.4375,0,605.6492,1000.4375,80.035,25.0109
371,2012-04-18,2012-04-30,2019-12-24,14708,7,SO47871,1,2181.5625,2181.5625,0,1320.6838,2181.5625,174.525,54.5391
379,2012-04-18,2012-04-30,2019-12-25,14790,7,SO47872,1,2181.5625,2181.5625,0,1320.6838,2181.5625,174.525,54.5391
383,2012-04-18,2012-04-30,2019-12-26,26321,6,SO47873,1,1000.4375,1000.4375,0,605.6492,1000.4375,80.035,25.0109
373,2012-04-18,2012-04-30,2019-12-27,13462,1,SO47874,1,2181.5625,2181.5625,0,1320.6838,2181.5625,174.525,54.5391
375,2012-04-18,2012-04-30,2019-12-28,25992,6,SO47875,1,2181.5625,2181.5625,0,1320.6838,2181.5625,174.525,54.5391
339,2012-04-18,2012-04-30,2019-12-29,20848,10,SO47876,1,782.99,782.99,0,486.7066,782.99,62.6392,19.5748
323,2012-04-18,2012-04-30,2019-12-30,20851,10,SO47877,1,782.99,782.99,0,486.7066,782.99,62.6392,19.5748
358,2012-04-18,2012-04-30,2019-12-31,12702,9,SO47878,1,2049.0982,2049.0982,0,1105.81,2049.0982,163.9279,51.2275
385,2012-04-17,2012-04-29,2020-01-01,19302,10,SO47858,1,1000.4375,1000.4375,0,605.6492,1000.4375,80.035,25.0109
358,2012-04-17,2012-04-29,2020-01-02,28713,7,SO47859,1,2049.0982,2049.0982,0,1105.81,2049.0982,163.9279,51.2275
352,2012-04-17,2012-04-29,2020-01-03,26339,1,SO47860,1,2071.4196,2071.4196,0,1117.8559,2071.4196,165.7136,51.7855
356,2012-04-17,2012-04-29,2020-01-04,20470,6,SO47861,1,2071.4196,2071.4196,0,1117.8559,2071.4196,165.7136,51.7855
379,2012-04-17,2012-04-29,2020-01-05,22199,9,SO47862,1,2181.5625,2181.5625,0,1320.6838,2181.5625,174.525,54.5391
323,2012-04-17,2012-04-29,2020-01-06,15351,1,SO47863,1,782.99,782.99,0,486.7066,782.99,62.6392,19.5748
373,2012-04-17,2012-04-29,2020-01-07,21966,9,SO47864,1,2181.5625,2181.5625,0,1320.6838,2181.5625,174.525,54.5391
352,2012-04-17,2012-04-29,2020-01-08,12701,9,SO47865,1,2071.4196,2071.4196,0,1117.8559,2071.4196,165.7136,51.7855
352,2012-04-17,2012-04-29,2020-01-09,12990,9,SO47866,1,2071.4196,2071.4196,0,1117.8559,2071.4196,165.7136,51.7855
360,2012-04-17,2012-04-29,2020-01-10,12991,9,SO47867,1,2049.0982,2049.0982,0,1105.81,2049.0982,163.9279,51.2275
354,2012-04-17,2012-04-29,2020-01-11,13021,9,SO47868,1,2071.4196,2071.4196,0,1117.8559,2071.4196,165.7136,51.7855
327,2012-04-17,2012-04-29,2020-01-12,26190,9,SO47869,1,782.99,782.99,0,486.7066,782.99,62.6392,19.5748
358,2012-04-16,2012-04-28,2020-01-13,26331,1,SO47851,1,2049.0982,2049.0982,0,1105.81,2049.0982,163.9279,51.2275
354,2012-04-16,2012-04-28,2020-01-14,26342,4,SO47852,1,2071.4196,2071.4196,0,1117.8559,2071.4196,165.7136,51.7855
362,2012-04-16,2012-04-28,2020-01-15,26487,1,SO47853,1,2049.0982,2049.0982,0,1105.81,2049.0982,163.9279,51.2275
321,2012-04-16,2012-04-28,2020-01-16,15341,4,SO47854,1,782.99,782.99,0,486.7066,782.99,62.6392,19.5748
354,2012-04-16,2012-04-28,2020-01-17,12987,9,SO47855,1,2071.4196,2071.4196,0,1117.8559,2071.4196,165.7136,51.7855
362,2012-04-16,2012-04-28,2020-01-18,12995,9,SO47856,1,2049.0982,2049.0982,0,1105.81,2049.0982,163.9279,51.2275
360,2012-04-16,2012-04-28,2020-01-19,13024,9,SO47857,1,2049.0982,2049.0982,0,1105.81,2049.0982,163.9279,51.2275
369,2012-04-15,2012-04-27,2020-01-20,16206,8,SO47845,1,2443.35,2443.35,0,1518.7864,2443.35,195.468,61.0838
368,2012-04-15,2012-04-27,2020-01-21,14779,7,SO47846,1,2443.35,2443.35,0,1518.7864,2443.35,195.468,61.0838
368,2012-04-15,2012-04-27,2020-01-22,16278,8,SO47847,1,2443.35,2443.35,0,1518.7864,2443.35,195.468,61.0838
358,2012-04-15,2012-04-27,2020-01-23,26328,4,SO47848,1,2049.0982,2049.0982,0,1105.81,2049.0982,163.9279,51.2275
323,2012-04-15,2012-04-27,2020-01-24,15342,4,SO47849,1,782.99,782.99,0,486.7066,782.99,62.6392,19.5748
321,2012-04-15,2012-04-27,2020-01-25,15350,1,SO47850,1,782.99,782.99,0,486.7066,782.99,62.6392,19.5748
356,2012-04-14,2012-04-26,2020-01-26,28707,7,SO47836,1,2071.4196,2071.4196,0,1117.8559,2071.4196,165.7136,51.7855
356,2012-04-14,2012-04-26,2020-01-27,12277,10,SO47837,1,2071.4196,2071.4196,0,1117.8559,2071.4196,165.7136,51.7855
371,2012-04-14,2012-04-26,2020-01-28,13456,1,SO47838,1,2181.5625,2181.5625,0,1320.6838,2181.5625,174.525,54.5391
321,2012-04-14,2012-04-26,2020-01-29,20838,10,SO47839,1,782.99,782.99,0,486.7066,782.99,62.6392,19.5748
335,2012-04-14,2012-04-26,2020-01-30,20584,8,SO47840,1,782.99,782.99,0,486.7066,782.99,62.6392,19.5748
362,2012-04-14,2012-04-26,2020-01-31,26490,4,SO47841,1,2049.0982,2049.0982,0,1105.81,2049.0982,163.9279,51.2275
323,2012-04-14,2012-04-26,2020-02-01,15338,4,SO47842,1,782.99,782.99,0,486.7066,782.99,62.6392,19.5748
333,2012-04-14,2012-04-26,2020-02-02,15339,4,SO47843,1,782.99,782.99,0,486.7066,782.99,62.6392,19.5748
371,2012-04-14,2012-04-26,2020-02-03,21996,9,SO47844,1,2181.5625,2181.5625,0,1320.6838,2181.5625,174.525,54.5391
383,2012-04-13,2012-04-25,2020-02-04,19308,10,SO47830,1,1000.4375,1000.4375,0,605.6492,1000.4375,80.035,25.0109
362,2012-04-13,2012-04-25,2020-02-05,12281,10,SO47831,1,2049.0982,2049.0982,0,1105.81,2049.0982,163.9279,51.2275
369,2012-04-13,2012-04-25,2020-02-06,13478,1,SO47832,1,2443.35,2443.35,0,1518.7864,2443.35,195.468,61.0838
373,2012-04-13,2012-04-25,2020-02-07,22031,9,SO47833,1,2181.5625,2181.5625,0,1320.6838,2181.5625,174.525,54.5391
375,2012-04-13,2012-04-25,2020-02-08,22196,9,SO47834,1,2181.5625,2181.5625,0,1320.6838,2181.5625,174.525,54.5391
383,2012-04-13,2012-04-25,2020-02-09,24904,9,SO47835,1,1000.4375,1000.4375,0,605.6492,1000.4375,80.035,25.0109
368,2012-04-12,2012-04-24,2020-02-10,16267,8,SO47824,1,2443.35,2443.35,0,1518.7864,2443.35,195.468,61.0838
321,2012-04-12,2012-04-24,2020-02-11,20560,8,SO47825,1,782.99,782.99,0,486.7066,782.99,62.6392,19.5748
370,2012-04-12,2012-04-24,2020-02-12,22168,9,SO47826,1,2443.35,2443.35,0,1518.7864,2443.35,195.468,61.0838
370,2012-04-12,2012-04-24,2020-02-13,22175,9,SO47827,1,2443.35,2443.35,0,1518.7864,2443.35,195.468,61.0838
368,2012-04-12,2012-04-24,2020-02-14,21984,9,SO47828,1,2443.35,2443.35,0,1518.7864,2443.35,195.468,61.0838
352,2012-04-12,2012-04-24,2020-02-15,12706,9,SO47829,1,2071.4196,2071.4196,0,1117.8559,2071.4196,165.7136,51.7855
352,2012-04-11,2012-04-23,2020-02-16,12271,10,SO47811,1,2071.4196,2071.4196,0,1117.8559,2071.4196,165.7136,51.7855
377,2012-04-11,2012-04-23,2020-02-17,16252,8,SO47812,1,2181.5625,2181.5625,0,1320.6838,2181.5625,174.525,54.5391
383,2012-04-11,2012-04-23,2020-02-18,14098,1,SO47813,1,1000.4375,1000.4375,0,605.6492,1000.4375,80.035,25.0109
360,2012-04-11,2012-04-23,2020-02-19,26338,4,SO47814,1,2049.0982,2049.0982,0,1105.81,2049.0982,163.9279,51.2275
371,2012-04-11,2012-04-23,2020-02-20,22033,9,SO47815,1,2181.5625,2181.5625,0,1320.6838,2181.5625,174.525,54.5391
369,2012-04-11,2012-04-23,2020-02-21,22174,9,SO47816,1,2443.35,2443.35,0,1518.7864,2443.35,195.468,61.0838
371,2012-04-11,2012-04-23,2020-02-22,22200,9,SO47817,1,2181.5625,2181.5625,0,1320.6838,2181.5625,174.525,54.5391
325,2012-04-11,2012-04-23,2020-02-23,15364,1,SO47818,1,782.99,782.99,0,486.7066,782.99,62.6392,19.5748
375,2012-04-11,2012-04-23,2020-02-24,21968,9,SO47819,1,2181.5625,2181.5625,0,1320.6838,2181.5625,174.525,54.5391
352,2012-04-11,2012-04-23,2020-02-25,13025,9,SO47820,1,2071.4196,2071.4196,0,1117.8559,2071.4196,165.7136,51.7855
352,2012-04-11,2012-04-23,2020-02-26,13038,9,SO47821,1,2071.4196,2071.4196,0,1117.8559,2071.4196,165.7136,51.7855
354,2012-04-11,2012-04-23,2020-02-27,13051,9,SO47822,1,2071.4196,2071.4196,0,1117.8559,2071.4196,165.7136,51.7855
337,2012-04-11,2012-04-23,2020-02-28,26160,9,SO47823,1,782.99,782.99,0,486.7066,782.99,62.6392,19.5748
360,2012-04-10,2012-04-22,2020-02-29,12264,10,SO47799,1,2049.0982,2049.0982,0,1105.81,2049.0982,163.9279,51.2275
373,2012-04-10,2012-04-22,2020-03-01,14798,7,SO47800,1,2181.5625,2181.5625,0,1320.6838,2181.5625,174.525,54.5391
329,2012-04-10,2012-04-22,2020-03-02,20555,8,SO47801,1,782.99,782.99,0,486.7066,782.99,62.6392,19.5748
341,2012-04-10,2012-04-22,2020-03-03,20850,10,SO47802,1,782.99,782.99,0,486.7066,782.99,62.6392,19.5748
379,2012-04-10,2012-04-22,2020-03-04,22000,9,SO47803,1,2181.5625,2181.5625,0,1320.6838,2181.5625,174.525,54.5391
370,2012-04-10,2012-04-22,2020-03-05,22178,9,SO47804,1,2443.35,2443.35,0,1518.7864,2443.35,195.468,61.0838
379,2012-04-10,2012-04-22,2020-03-06,22198,9,SO47805,1,2181.5625,2181.5625,0,1320.6838,2181.5625,174.525,54.5391
341,2012-04-10,2012-04-22,2020-03-07,15348,1,SO47806,1,782.99,782.99,0,486.7066,782.99,62.6392,19.5748
379,2012-04-10,2012-04-22,2020-03-08,16575,10,SO47807,1,2181.5625,2181.5625,0,1320.6838,2181.5625,174.525,54.5391
343,2012-04-10,2012-04-22,2020-03-09,26161,9,SO47808,1,782.99,782.99,0,486.7066,782.99,62.6392,19.5748
339,2012-04-10,2012-04-22,2020-03-10,26187,9,SO47809,1,782.99,782.99,0,486.7066,782.99,62.6392,19.5748
333,2012-04-10,2012-04-22,2020-03-11,26204,9,SO47810,1,782.99,782.99,0,486.7066,782.99,62.6392,19.5748
369,2012-04-09,2012-04-21,2020-03-12,16207,8,SO47792,1,2443.35,2443.35,0,1518.7864,2443.35,195.468,61.0838
368,2012-04-09,2012-04-21,2020-03-13,14716,7,SO47793,1,2443.35,2443.35,0,1518.7864,2443.35,195.468,61.0838
354,2012-04-09,2012-04-21,2020-03-14,20375,6,SO47794,1,2071.4196,2071.4196,0,1117.8559,2071.4196,165.7136,51.7855
379,2012-04-09,2012-04-21,2020-03-15,22004,9,SO47795,1,2181.5625,2181.5625,0,1320.6838,2181.5625,174.525,54.5391
371,2012-04-09,2012-04-21,2020-03-16,21979,9,SO47796,1,2181.5625,2181.5625,0,1320.6838,2181.5625,174.525,54.5391
371,2012-04-09,2012-04-21,2020-03-17,21986,9,SO47797,1,2181.5625,2181.5625,0,1320.6838,2181.5625,174.525,54.5391
354,2012-04-09,2012-04-21,2020-03-18,13000,9,SO47798,1,2071.4196,2071.4196,0,1117.8559,2071.4196,165.7136,51.7855
379,2012-04-08,2012-04-20,2020-03-19,16546,10,SO47788,1,2181.5625,2181.5625,0,1320.6838,2181.5625,174.525,54.5391
375,2012-04-08,2012-04-20,2020-03-20,13453,4,SO47789,1,2181.5625,2181.5625,0,1320.6838,2181.5625,174.525,54.5391
371,2012-04-08,2012-04-20,2020-03-21,22173,9,SO47790,1,2181.5625,2181.5625,0,1320.6838,2181.5625,174.525,54.5391
358,2012-04-08,2012-04-20,2020-03-22,13036,9,SO47791,1,2049.0982,2049.0982,0,1105.81,2049.0982,163.9279,51.2275
356,2012-04-07,2012-04-19,2020-03-23,28708,7,SO47785,1,2071.4196,2071.4196,0,1117.8559,2071.4196,165.7136,51.7855
370,2012-04-07,2012-04-19,2020-03-24,14719,7,SO47786,1,2443.35,2443.35,0,1518.7864,2443.35,195.468,61.0838
368,2012-04-07,2012-04-19,2020-03-25,16585,10,SO47787,1,2443.35,2443.35,0,1518.7864,2443.35,195.468,61.0838
354,2012-04-06,2012-04-18,2020-03-26,12284,10,SO47778,1,2071.4196,2071.4196,0,1117.8559,2071.4196,165.7136,51.7855
375,2012-04-06,2012-04-18,2020-03-27,16269,8,SO47779,1,2181.5625,2181.5625,0,1320.6838,2181.5625,174.525,54.5391
381,2012-04-06,2012-04-18,2020-03-28,14105,4,SO47780,1,1000.4375,1000.4375,0,605.6492,1000.4375,80.035,25.0109
379,2012-04-06,2012-04-18,2020-03-29,25991,6,SO47781,1,2181.5625,2181.5625,0,1320.6838,2181.5625,174.525,54.5391
377,2012-04-06,2012-04-18,2020-03-30,22032,9,SO47782,1,2181.5625,2181.5625,0,1320.6838,2181.5625,174.525,54.5391
371,2012-04-06,2012-04-18,2020-03-31,22197,9,SO47783,1,2181.5625,2181.5625,0,1320.6838,2181.5625,174.525,54.5391
356,2012-04-06,2012-04-18,2020-04-01,13078,9,SO47784,1,2071.4196,2071.4196,0,1117.8559,2071.4196,165.7136,51.7855
377,2012-04-05,2012-04-17,2020-04-02,22181,9,SO47771,1,2181.5625,2181.5625,0,1320.6838,2181.5625,174.525,54.5391
369,2012-04-05,2012-04-17,2020-04-03,22195,9,SO47772,1,2443.35,2443.35,0,1518.7864,2443.35,195.468,61.0838
325,2012-04-05,2012-04-17,2020-04-04,15345,4,SO47773,1,782.99,782.99,0,486.7066,782.99,62.6392,19.5748
333,2012-04-05,2012-04-17,2020-04-05,15346,4,SO47774,1,782.99,782.99,0,486.7066,782.99,62.6392,19.5748
369,2012-04-05,2012-04-17,2020-04-06,21980,9,SO47775,1,2443.35,2443.35,0,1518.7864,2443.35,195.468,61.0838
352,2012-04-05,2012-04-17,2020-04-07,13007,9,SO47776,1,2071.4196,2071.4196,0,1117.8559,2071.4196,165.7136,51.7855
339,2012-04-05,2012-04-17,2020-04-08,26162,9,SO47777,1,782.99,782.99,0,486.7066,782.99,62.6392,19.5748
356,2012-04-04,2012-04-16,2020-04-09,28711,7,SO47764,1,2071.4196,2071.4196,0,1117.8559,2071.4196,165.7136,51.7855
360,2012-04-04,2012-04-16,2020-04-10,26343,1,SO47765,1,2049.0982,2049.0982,0,1105.81,2049.0982,163.9279,51.2275
358,2012-04-04,2012-04-16,2020-04-11,26329,4,SO47766,1,2049.0982,2049.0982,0,1105.81,2049.0982,163.9279,51.2275
381,2012-04-04,2012-04-16,2020-04-12,24902,9,SO47767,1,1000.4375,1000.4375,0,605.6492,1000.4375,80.035,25.0109
371,2012-04-04,2012-04-16,2020-04-13,21985,9,SO47768,1,2181.5625,2181.5625,0,1320.6838,2181.5625,174.525,54.5391
360,2012-04-04,2012-04-16,2020-04-14,12703,9,SO47769,1,2049.0982,2049.0982,0,1105.81,2049.0982,163.9279,51.2275
343,2012-04-04,2012-04-16,2020-04-15,26375,9,SO47770,1,782.99,782.99,0,486.7066,782.99,62.6392,19.5748
325,2012-04-03,2012-04-15,2020-04-16,20548,8,SO47761,1,782.99,782.99,0,486.7066,782.99,62.6392,19.5748
352,2012-04-03,2012-04-15,2020-04-17,26330,1,SO47762,1,2071.4196,2071.4196,0,1117.8559,2071.4196,165.7136,51.7855
379,2012-04-03,2012-04-15,2020-04-18,22170,9,SO47763,1,2181.5625,2181.5625,0,1320.6838,2181.5625,174.525,54.5391
389,2012-04-02,2012-04-14,2020-04-19,14104,4,SO47754,1,1000.4375,1000.4375,0,605.6492,1000.4375,80.035,25.0109
387,2012-04-02,2012-04-14,2020-04-20,17195,7,SO47755,1,1000.4375,1000.4375,0,605.6492,1000.4375,80.035,25.0109
354,2012-04-02,2012-04-14,2020-04-21,12272,10,SO47756,1,2071.4196,2071.4196,0,1117.8559,2071.4196,165.7136,51.7855
379,2012-04-02,2012-04-14,2020-04-22,16530,10,SO47757,1,2181.5625,2181.5625,0,1320.6838,2181.5625,174.525,54.5391
371,2012-04-02,2012-04-14,2020-04-23,16550,10,SO47758,1,2181.5625,2181.5625,0,1320.6838,2181.5625,174.525,54.5391
375,2012-04-02,2012-04-14,2020-04-24,14773,7,SO47759,1,2181.5625,2181.5625,0,1320.6838,2181.5625,174.525,54.5391
371,2012-04-02,2012-04-14,2020-04-25,13482,4,SO47760,1,2181.5625,2181.5625,0,1320.6838,2181.5625,174.525,54.5391
371,2012-04-01,2012-04-13,2020-04-26,16253,8,SO47747,1,2181.5625,2181.5625,0,1320.6838,2181.5625,174.525,54.5391
352,2012-04-01,2012-04-13,2020-04-27,26485,1,SO47748,1,2071.4196,2071.4196,0,1117.8559,2071.4196,165.7136,51.7855
371,2012-04-01,2012-04-13,2020-04-28,22172,9,SO47749,1,2181.5625,2181.5625,0,1320.6838,2181.5625,174.525,54.5391
369,2012-04-01,2012-04-13,2020-04-29,21976,9,SO47750,1,2443.35,2443.35,0,1518.7864,2443.35,195.468,61.0838
369,2012-04-01,2012-04-13,2020-04-30,21983,9,SO47751,1,2443.35,2443.35,0,1518.7864,2443.35,195.468,61.0838
377,2012-04-01,2012-04-13,2020-05-01,21994,9,SO47752,1,2181.5625,2181.5625,0,1320.6838,2181.5625,174.525,54.5391
360,2012-04-01,2012-04-13,2020-05-02,13020,9,SO47753,1,2049.0982,2049.0982,0,1105.81,2049.0982,163.9279,51.2275
329,2012-03-31,2012-04-12,2020-05-03,20839,10,SO47739,1,782.99,782.99,0,486.7066,782.99,62.6392,19.5748
325,2012-03-31,2012-04-12,2020-05-04,15337,4,SO47740,1,782.99,782.99,0,486.7066,782.99,62.6392,19.5748
337,2012-03-31,2012-04-12,2020-05-05,15343,4,SO47741,1,782.99,782.99,0,486.7066,782.99,62.6392,19.5748
375,2012-03-31,2012-04-12,2020-05-06,22180,9,SO47742,1,2181.5625,2181.5625,0,1320.6838,2181.5625,174.525,54.5391
362,2012-03-31,2012-04-12,2020-05-07,12988,9,SO47743,1,2049.0982,2049.0982,0,1105.81,2049.0982,163.9279,51.2275
360,2012-03-31,2012-04-12,2020-05-08,12989,9,SO47744,1,2049.0982,2049.0982,0,1105.81,2049.0982,163.9279,51.2275
360,2012-03-31,2012-04-12,2020-05-09,12998,9,SO47745,1,2049.0982,2049.0982,0,1105.81,2049.0982,163.9279,51.2275
358,2012-03-31,2012-04-12,2020-05-10,13022,9,SO47746,1,2049.0982,2049.0982,0,1105.81,2049.0982,163.9279,51.2275
362,2012-03-30,2012-04-11,2020-05-11,12283,10,SO47731,1,2049.0982,2049.0982,0,1105.81,2049.0982,163.9279,51.2275
369,2012-03-30,2012-04-11,2020-05-12,13452,4,SO47732,1,2443.35,2443.35,0,1518.7864,2443.35,195.468,61.0838
375,2012-03-30,2012-04-11,2020-05-13,13461,4,SO47733,1,2181.5625,2181.5625,0,1320.6838,2181.5625,174.525,54.5391
333,2012-03-30,2012-04-11,2020-05-14,15333,4,SO47734,1,782.99,782.99,0,486.7066,782.99,62.6392,19.5748
343,2012-03-30,2012-04-11,2020-05-15,27084,6,SO47735,1,782.99,782.99,0,486.7066,782.99,62.6392,19.5748
358,2012-03-30,2012-04-11,2020-05-16,12705,9,SO47736,1,2049.0982,2049.0982,0,1105.81,2049.0982,163.9279,51.2275
356,2012-03-30,2012-04-11,2020-05-17,13018,9,SO47737,1,2071.4196,2071.4196,0,1117.8559,2071.4196,165.7136,51.7855
327,2012-03-30,2012-04-11,2020-05-18,26165,9,SO47738,1,782.99,782.99,0,486.7066,782.99,62.6392,19.5748
377,2012-03-29,2012-04-10,2020-05-19,16447,10,SO47649,1,2181.5625,2181.5625,0,1320.6838,2181.5625,174.525,54.5391
370,2012-03-29,2012-04-10,2020-05-20,16512,10,SO47650,1,2443.35,2443.35,0,1518.7864,2443.35,195.468,61.0838
377,2012-03-29,2012-04-10,2020-05-21,25911,6,SO47651,1,2181.5625,2181.5625,0,1320.6838,2181.5625,174.525,54.5391
333,2012-03-29,2012-04-10,2020-05-22,20825,10,SO47652,1,782.99,782.99,0,486.7066,782.99,62.6392,19.5748
325,2012-03-29,2012-04-10,2020-05-23,20163,8,SO47653,1,782.99,782.99,0,486.7066,782.99,62.6392,19.5748
387,2012-03-29,2012-04-10,2020-05-24,24615,9,SO47654,1,1000.4375,1000.4375,0,605.6492,1000.4375,80.035,25.0109
385,2012-03-29,2012-04-10,2020-05-25,24889,9,SO47655,1,1000.4375,1000.4375,0,605.6492,1000.4375,80.035,25.0109
368,2012-03-29,2012-04-10,2020-05-26,21882,9,SO47656,1,2443.35,2443.35,0,1518.7864,2443.35,195.468,61.0838
327,2012-03-29,2012-04-10,2020-05-27,26138,9,SO47657,1,782.99,782.99,0,486.7066,782.99,62.6392,19.5748
383,2012-03-28,2012-04-09,2020-05-28,17109,7,SO47642,1,1000.4375,1000.4375,0,605.6492,1000.4375,80.035,25.0109
389,2012-03-28,2012-04-09,2020-05-29,19290,10,SO47643,1,1000.4375,1000.4375,0,605.6492,1000.4375,80.035,25.0109
375,2012-03-28,2012-04-09,2020-05-30,15693,8,SO47644,1,2181.5625,2181.5625,0,1320.6838,2181.5625,174.525,54.5391
375,2012-03-28,2012-04-09,2020-05-31,14555,7,SO47645,1,2181.5625,2181.5625,0,1320.6838,2181.5625,174.525,54.5391
352,2012-03-28,2012-04-09,2020-06-01,20373,6,SO47646,1,2071.4196,2071.4196,0,1117.8559,2071.4196,165.7136,51.7855
368,2012-03-28,2012-04-09,2020-06-02,21897,9,SO47647,1,2443.35,2443.35,0,1518.7864,2443.35,195.468,61.0838
356,2012-03-28,2012-04-09,2020-06-03,12263,10,SO47648,1,2071.4196,2071.4196,0,1117.8559,2071.4196,165.7136,51.7855
354,2012-03-27,2012-04-08,2020-06-04,26317,1,SO47640,1,2071.4196,2071.4196,0,1117.8559,2071.4196,165.7136,51.7855
321,2012-03-27,2012-04-08,2020-06-05,27062,6,SO47641,1,782.99,782.99,0,486.7066,782.99,62.6392,19.5748
371,2012-03-26,2012-04-07,2020-06-06,13447,4,SO47637,1,2181.5625,2181.5625,0,1320.6838,2181.5625,174.525,54.5391
362,2012-03-26,2012-04-07,2020-06-07,26319,4,SO47638,1,2049.0982,2049.0982,0,1105.81,2049.0982,163.9279,51.2275
329,2012-03-26,2012-04-07,2020-06-08,15321,4,SO47639,1,782.99,782.99,0,486.7066,782.99,62.6392,19.5748
370,2012-03-25,2012-04-06,2020-06-09,16444,10,SO47627,1,2443.35,2443.35,0,1518.7864,2443.35,195.468,61.0838
369,2012-03-25,2012-04-06,2020-06-10,16509,10,SO47628,1,2443.35,2443.35,0,1518.7864,2443.35,195.468,61.0838
370,2012-03-25,2012-04-06,2020-06-11,15685,8,SO47629,1,2443.35,2443.35,0,1518.7864,2443.35,195.468,61.0838
354,2012-03-25,2012-04-06,2020-06-12,26311,1,SO47630,1,2071.4196,2071.4196,0,1117.8559,2071.4196,165.7136,51.7855
352,2012-03-25,2012-04-06,2020-06-13,26325,1,SO47631,1,2071.4196,2071.4196,0,1117.8559,2071.4196,165.7136,51.7855
343,2012-03-25,2012-04-06,2020-06-14,27060,6,SO47632,1,782.99,782.99,0,486.7066,782.99,62.6392,19.5748
371,2012-03-25,2012-04-06,2020-06-15,21894,9,SO47633,1,2181.5625,2181.5625,0,1320.6838,2181.5625,174.525,54.5391
356,2012-03-25,2012-04-06,2020-06-16,11570,8,SO47634,1,2071.4196,2071.4196,0,1117.8559,2071.4196,165.7136,51.7855
354,2012-03-25,2012-04-06,2020-06-17,12216,10,SO47635,1,2071.4196,2071.4196,0,1117.8559,2071.4196,165.7136,51.7855
331,2012-03-25,2012-04-06,2020-06-18,26142,9,SO47636,1,782.99,782.99,0,486.7066,782.99,62.6392,19.5748
385,2012-03-24,2012-04-05,2020-06-19,14044,4,SO47621,1,1000.4375,1000.4375,0,605.6492,1000.4375,80.035,25.0109
339,2012-03-24,2012-04-05,2020-06-20,20837,10,SO47622,1,782.99,782.99,0,486.7066,782.99,62.6392,19.5748
369,2012-03-24,2012-04-05,2020-06-21,21569,9,SO47623,1,2443.35,2443.35,0,1518.7864,2443.35,195.468,61.0838
371,2012-03-24,2012-04-05,2020-06-22,21949,9,SO47624,1,2181.5625,2181.5625,0,1320.6838,2181.5625,174.525,54.5391
377,2012-03-24,2012-04-05,2020-06-23,21958,9,SO47625,1,2181.5625,2181.5625,0,1320.6838,2181.5625,174.525,54.5391
321,2012-03-24,2012-04-05,2020-06-24,26150,9,SO47626,1,782.99,782.99,0,486.7066,782.99,62.6392,19.5748
369,2012-03-23,2012-04-04,2020-06-25,16465,10,SO47612,1,2443.35,2443.35,0,1518.7864,2443.35,195.468,61.0838
387,2012-03-23,2012-04-04,2020-06-26,14037,4,SO47613,1,1000.4375,1000.4375,0,605.6492,1000.4375,80.035,25.0109
331,2012-03-23,2012-04-04,2020-06-27,15302,4,SO47614,1,782.99,782.99,0,486.7066,782.99,62.6392,19.5748
343,2012-03-23,2012-04-04,2020-06-28,15329,4,SO47615,1,782.99,782.99,0,486.7066,782.99,62.6392,19.5748
371,2012-03-23,2012-04-04,2020-06-29,21873,9,SO47616,1,2181.5625,2181.5625,0,1320.6838,2181.5625,174.525,54.5391
377,2012-03-23,2012-04-04,2020-06-30,21943,9,SO47617,1,2181.5625,2181.5625,0,1320.6838,2181.5625,174.525,54.5391
379,2012-03-23,2012-04-04,2020-07-01,21947,9,SO47618,1,2181.5625,2181.5625,0,1320.6838,2181.5625,174.525,54.5391
356,2012-03-23,2012-04-04,2020-07-02,12689,9,SO47619,1,2071.4196,2071.4196,0,1117.8559,2071.4196,165.7136,51.7855
352,2012-03-23,2012-04-04,2020-07-03,12239,10,SO47620,1,2071.4196,2071.4196,0,1117.8559,2071.4196,165.7136,51.7855
389,2012-03-22,2012-04-03,2020-07-04,17187,7,SO47605,1,1000.4375,1000.4375,0,605.6492,1000.4375,80.035,25.0109
375,2012-03-22,2012-04-03,2020-07-05,15928,8,SO47606,1,2181.5625,2181.5625,0,1320.6838,2181.5625,174.525,54.5391
389,2012-03-22,2012-04-03,2020-07-06,14081,4,SO47607,1,1000.4375,1000.4375,0,605.6492,1000.4375,80.035,25.0109
352,2012-03-22,2012-04-03,2020-07-07,26322,1,SO47608,1,2071.4196,2071.4196,0,1117.8559,2071.4196,165.7136,51.7855
335,2012-03-22,2012-04-03,2020-07-08,15309,4,SO47609,1,782.99,782.99,0,486.7066,782.99,62.6392,19.5748
339,2012-03-22,2012-04-03,2020-07-09,27075,6,SO47610,1,782.99,782.99,0,486.7066,782.99,62.6392,19.5748
331,2012-03-22,2012-04-03,2020-07-10,26140,9,SO47611,1,782.99,782.99,0,486.7066,782.99,62.6392,19.5748
389,2012-03-21,2012-04-02,2020-07-11,17188,7,SO47600,1,1000.4375,1000.4375,0,605.6492,1000.4375,80.035,25.0109
379,2012-03-21,2012-04-02,2020-07-12,14192,7,SO47601,1,2181.5625,2181.5625,0,1320.6838,2181.5625,174.525,54.5391
323,2012-03-21,2012-04-02,2020-07-13,19174,7,SO47602,1,782.99,782.99,0,486.7066,782.99,62.6392,19.5748
379,2012-03-21,2012-04-02,2020-07-14,21562,9,SO47603,1,2181.5625,2181.5625,0,1320.6838,2181.5625,174.525,54.5391
375,2012-03-21,2012-04-02,2020-07-15,21876,9,SO47604,1,2181.5625,2181.5625,0,1320.6838,2181.5625,174.525,54.5391
369,2012-03-20,2012-04-01,2020-07-16,14186,7,SO47595,1,2443.35,2443.35,0,1518.7864,2443.35,195.468,61.0838
373,2012-03-20,2012-04-01,2020-07-17,16199,8,SO47596,1,2181.5625,2181.5625,0,1320.6838,2181.5625,174.525,54.5391
373,2012-03-20,2012-04-01,2020-07-18,25971,6,SO47597,1,2181.5625,2181.5625,0,1320.6838,2181.5625,174.525,54.5391
358,2012-03-20,2012-04-01,2020-07-19,26306,4,SO47598,1,2049.0982,2049.0982,0,1105.81,2049.0982,163.9279,51.2275
362,2012-03-20,2012-04-01,2020-07-20,26327,4,SO47599,1,2049.0982,2049.0982,0,1105.81,2049.0982,163.9279,51.2275
379,2012-03-19,2012-03-31,2020-07-21,16428,10,SO47588,1,2181.5625,2181.5625,0,1320.6838,2181.5625,174.525,54.5391
383,2012-03-19,2012-03-31,2020-07-22,14036,1,SO47589,1,1000.4375,1000.4375,0,605.6492,1000.4375,80.035,25.0109
356,2012-03-19,2012-03-31,2020-07-23,26312,1,SO47590,1,2071.4196,2071.4196,0,1117.8559,2071.4196,165.7136,51.7855
360,2012-03-19,2012-03-31,2020-07-24,26313,4,SO47591,1,2049.0982,2049.0982,0,1105.81,2049.0982,163.9279,51.2275
385,2012-03-19,2012-03-31,2020-07-25,24614,9,SO47592,1,1000.4375,1000.4375,0,605.6492,1000.4375,80.035,25.0109
325,2012-03-19,2012-03-31,2020-07-26,26135,9,SO47593,1,782.99,782.99,0,486.7066,782.99,62.6392,19.5748
343,2012-03-19,2012-03-31,2020-07-27,26154,9,SO47594,1,782.99,782.99,0,486.7066,782.99,62.6392,19.5748
371,2012-03-18,2012-03-30,2020-07-28,16197,8,SO47579,1,2181.5625,2181.5625,0,1320.6838,2181.5625,174.525,54.5391
389,2012-03-18,2012-03-30,2020-07-29,14080,1,SO47580,1,1000.4375,1000.4375,0,605.6492,1000.4375,80.035,25.0109
375,2012-03-18,2012-03-30,2020-07-30,29152,6,SO47581,1,2181.5625,2181.5625,0,1320.6838,2181.5625,174.525,54.5391
373,2012-03-18,2012-03-30,2020-07-31,13433,4,SO47582,1,2181.5625,2181.5625,0,1320.6838,2181.5625,174.525,54.5391
379,2012-03-18,2012-03-30,2020-08-01,13442,1,SO47583,1,2181.5625,2181.5625,0,1320.6838,2181.5625,174.525,54.5391
341,2012-03-18,2012-03-30,2020-08-02,19194,7,SO47584,1,782.99,782.99,0,486.7066,782.99,62.6392,19.5748
329,2012-03-18,2012-03-30,2020-08-03,15320,1,SO47585,1,782.99,782.99,0,486.7066,782.99,62.6392,19.5748
327,2012-03-18,2012-03-30,2020-08-04,15322,1,SO47586,1,782.99,782.99,0,486.7066,782.99,62.6392,19.5748
371,2012-03-18,2012-03-30,2020-08-05,21874,9,SO47587,1,2181.5625,2181.5625,0,1320.6838,2181.5625,174.525,54.5391
352,2012-03-17,2012-03-29,2020-08-06,28562,7,SO47570,1,2071.4196,2071.4196,0,1117.8559,2071.4196,165.7136,51.7855
377,2012-03-17,2012-03-29,2020-08-07,14185,7,SO47571,1,2181.5625,2181.5625,0,1320.6838,2181.5625,174.525,54.5391
368,2012-03-17,2012-03-29,2020-08-08,29149,6,SO47572,1,2443.35,2443.35,0,1518.7864,2443.35,195.468,61.0838
369,2012-03-17,2012-03-29,2020-08-09,13435,4,SO47573,1,2443.35,2443.35,0,1518.7864,2443.35,195.468,61.0838
333,2012-03-17,2012-03-29,2020-08-10,20171,8,SO47574,1,782.99,782.99,0,486.7066,782.99,62.6392,19.5748
362,2012-03-17,2012-03-29,2020-08-11,26315,4,SO47575,1,2049.0982,2049.0982,0,1105.81,2049.0982,163.9279,51.2275
377,2012-03-17,2012-03-29,2020-08-12,21877,9,SO47576,1,2181.5625,2181.5625,0,1320.6838,2181.5625,174.525,54.5391
370,2012-03-17,2012-03-29,2020-08-13,21891,9,SO47577,1,2443.35,2443.35,0,1518.7864,2443.35,195.468,61.0838
352,2012-03-17,2012-03-29,2020-08-14,12687,9,SO47578,1,2071.4196,2071.4196,0,1117.8559,2071.4196,165.7136,51.7855
377,2012-03-16,2012-03-28,2020-08-15,15697,8,SO47565,1,2181.5625,2181.5625,0,1320.6838,2181.5625,174.525,54.5391
389,2012-03-16,2012-03-28,2020-08-16,24613,9,SO47566,1,1000.4375,1000.4375,0,605.6492,1000.4375,80.035,25.0109
379,2012-03-16,2012-03-28,2020-08-17,21570,9,SO47567,1,2181.5625,2181.5625,0,1320.6838,2181.5625,174.525,54.5391
375,2012-03-16,2012-03-28,2020-08-18,21885,9,SO47568,1,2181.5625,2181.5625,0,1320.6838,2181.5625,174.525,54.5391
379,2012-03-16,2012-03-28,2020-08-19,21959,9,SO47569,1,2181.5625,2181.5625,0,1320.6838,2181.5625,174.525,54.5391
325,2012-03-15,2012-03-27,2020-08-20,27053,6,SO47560,1,782.99,782.99,0,486.7066,782.99,62.6392,19.5748
321,2012-03-15,2012-03-27,2020-08-21,15328,4,SO47561,1,782.99,782.99,0,486.7066,782.99,62.6392,19.5748
377,2012-03-15,2012-03-27,2020-08-22,21944,9,SO47562,1,2181.5625,2181.5625,0,1320.6838,2181.5625,174.525,54.5391
368,2012-03-15,2012-03-27,2020-08-23,21955,9,SO47563,1,2443.35,2443.35,0,1518.7864,2443.35,195.468,61.0838
356,2012-03-15,2012-03-27,2020-08-24,12210,10,SO47564,1,2071.4196,2071.4196,0,1117.8559,2071.4196,165.7136,51.7855
379,2012-03-14,2012-03-26,2020-08-25,14701,7,SO47556,1,2181.5625,2181.5625,0,1320.6838,2181.5625,174.525,54.5391
377,2012-03-14,2012-03-26,2020-08-26,13431,1,SO47557,1,2181.5625,2181.5625,0,1320.6838,2181.5625,174.525,54.5391
370,2012-03-14,2012-03-26,2020-08-27,25981,6,SO47558,1,2443.35,2443.35,0,1518.7864,2443.35,195.468,61.0838
362,2012-03-14,2012-03-26,2020-08-28,12699,9,SO47559,1,2049.0982,2049.0982,0,1105.81,2049.0982,163.9279,51.2275
360,2012-03-13,2012-03-25,2020-08-29,28683,7,SO47546,1,2049.0982,2049.0982,0,1105.81,2049.0982,163.9279,51.2275
333,2012-03-13,2012-03-25,2020-08-30,20166,8,SO47547,1,782.99,782.99,0,486.7066,782.99,62.6392,19.5748
331,2012-03-13,2012-03-25,2020-08-31,20834,10,SO47548,1,782.99,782.99,0,486.7066,782.99,62.6392,19.5748
343,2012-03-13,2012-03-25,2020-09-01,19256,7,SO47549,1,782.99,782.99,0,486.7066,782.99,62.6392,19.5748
337,2012-03-13,2012-03-25,2020-09-02,15290,1,SO47550,1,782.99,782.99,0,486.7066,782.99,62.6392,19.5748
371,2012-03-13,2012-03-25,2020-09-03,21878,9,SO47551,1,2181.5625,2181.5625,0,1320.6838,2181.5625,174.525,54.5391
368,2012-03-13,2012-03-25,2020-09-04,21950,9,SO47552,1,2443.35,2443.35,0,1518.7864,2443.35,195.468,61.0838
354,2012-03-13,2012-03-25,2020-09-05,12698,9,SO47553,1,2071.4196,2071.4196,0,1117.8559,2071.4196,165.7136,51.7855
362,2012-03-13,2012-03-25,2020-09-06,12222,10,SO47554,1,2049.0982,2049.0982,0,1105.81,2049.0982,163.9279,51.2275
368,2012-03-13,2012-03-25,2020-09-07,15674,8,SO47555,1,2443.35,2443.35,0,1518.7864,2443.35,195.468,61.0838
385,2012-03-12,2012-03-24,2020-09-08,14083,1,SO47535,1,1000.4375,1000.4375,0,605.6492,1000.4375,80.035,25.0109
387,2012-03-12,2012-03-24,2020-09-09,14088,1,SO47536,1,1000.4375,1000.4375,0,605.6492,1000.4375,80.035,25.0109
371,2012-03-12,2012-03-24,2020-09-10,13436,1,SO47537,1,2181.5625,2181.5625,0,1320.6838,2181.5625,174.525,54.5391
379,2012-03-12,2012-03-24,2020-09-11,13449,1,SO47538,1,2181.5625,2181.5625,0,1320.6838,2181.5625,174.525,54.5391
329,2012-03-12,2012-03-24,2020-09-12,20824,10,SO47539,1,782.99,782.99,0,486.7066,782.99,62.6392,19.5748
362,2012-03-12,2012-03-24,2020-09-13,26326,4,SO47540,1,2049.0982,2049.0982,0,1105.81,2049.0982,163.9279,51.2275
341,2012-03-12,2012-03-24,2020-09-14,15314,4,SO47541,1,782.99,782.99,0,486.7066,782.99,62.6392,19.5748
373,2012-03-12,2012-03-24,2020-09-15,21571,9,SO47542,1,2181.5625,2181.5625,0,1320.6838,2181.5625,174.525,54.5391
377,2012-03-12,2012-03-24,2020-09-16,21956,9,SO47543,1,2181.5625,2181.5625,0,1320.6838,2181.5625,174.525,54.5391
358,2012-03-12,2012-03-24,2020-09-17,12694,9,SO47544,1,2049.0982,2049.0982,0,1105.81,2049.0982,163.9279,51.2275
354,2012-03-12,2012-03-24,2020-09-18,28553,7,SO47545,1,2071.4196,2071.4196,0,1117.8559,2071.4196,165.7136,51.7855
352,2012-03-11,2012-03-23,2020-09-19,11598,8,SO47528,1,2071.4196,2071.4196,0,1117.8559,2071.4196,165.7136,51.7855
377,2012-03-11,2012-03-23,2020-09-20,13429,4,SO47529,1,2181.5625,2181.5625,0,1320.6838,2181.5625,174.525,54.5391
329,2012-03-11,2012-03-23,2020-09-21,15312,4,SO47530,1,782.99,782.99,0,486.7066,782.99,62.6392,19.5748
339,2012-03-11,2012-03-23,2020-09-22,15325,1,SO47531,1,782.99,782.99,0,486.7066,782.99,62.6392,19.5748
383,2012-03-11,2012-03-23,2020-09-23,24888,9,SO47532,1,1000.4375,1000.4375,0,605.6492,1000.4375,80.035,25.0109
371,2012-03-11,2012-03-23,2020-09-24,21886,9,SO47533,1,2181.5625,2181.5625,0,1320.6838,2181.5625,174.525,54.5391
329,2012-03-11,2012-03-23,2020-09-25,26148,9,SO47534,1,782.99,782.99,0,486.7066,782.99,62.6392,19.5748
389,2012-03-10,2012-03-22,2020-09-26,19263,10,SO47520,1,1000.4375,1000.4375,0,605.6492,1000.4375,80.035,25.0109
369,2012-03-10,2012-03-22,2020-09-27,16445,10,SO47521,1,2443.35,2443.35,0,1518.7864,2443.35,195.468,61.0838
387,2012-03-10,2012-03-22,2020-09-28,14089,4,SO47522,1,1000.4375,1000.4375,0,605.6492,1000.4375,80.035,25.0109
371,2012-03-10,2012-03-22,2020-09-29,13443,1,SO47523,1,2181.5625,2181.5625,0,1320.6838,2181.5625,174.525,54.5391
370,2012-03-10,2012-03-22,2020-09-30,21567,9,SO47524,1,2443.35,2443.35,0,1518.7864,2443.35,195.468,61.0838
379,2012-03-10,2012-03-22,2020-10-01,21889,9,SO47525,1,2181.5625,2181.5625,0,1320.6838,2181.5625,174.525,54.5391
354,2012-03-10,2012-03-22,2020-10-02,12215,10,SO47526,1,2071.4196,2071.4196,0,1117.8559,2071.4196,165.7136,51.7855
360,2012-03-10,2012-03-22,2020-10-03,28559,7,SO47527,1,2049.0982,2049.0982,0,1105.81,2049.0982,163.9279,51.2275
375,2012-03-09,2012-03-21,2020-10-04,14200,7,SO47511,1,2181.5625,2181.5625,0,1320.6838,2181.5625,174.525,54.5391
373,2012-03-09,2012-03-21,2020-10-05,16446,10,SO47512,1,2181.5625,2181.5625,0,1320.6838,2181.5625,174.525,54.5391
368,2012-03-09,2012-03-21,2020-10-06,15675,8,SO47513,1,2443.35,2443.35,0,1518.7864,2443.35,195.468,61.0838
377,2012-03-09,2012-03-21,2020-10-07,15684,8,SO47514,1,2181.5625,2181.5625,0,1320.6838,2181.5625,174.525,54.5391
354,2012-03-09,2012-03-21,2020-10-08,26308,1,SO47515,1,2071.4196,2071.4196,0,1117.8559,2071.4196,165.7136,51.7855
362,2012-03-09,2012-03-21,2020-10-09,26309,4,SO47516,1,2049.0982,2049.0982,0,1105.81,2049.0982,163.9279,51.2275
343,2012-03-09,2012-03-21,2020-10-10,15308,4,SO47517,1,782.99,782.99,0,486.7066,782.99,62.6392,19.5748
373,2012-03-09,2012-03-21,2020-10-11,21946,9,SO47518,1,2181.5625,2181.5625,0,1320.6838,2181.5625,174.525,54.5391
337,2012-03-09,2012-03-21,2020-10-12,26153,9,SO47519,1,782.99,782.99,0,486.7066,782.99,62.6392,19.5748
383,2012-03-08,2012-03-20,2020-10-13,19278,10,SO47502,1,1000.4375,1000.4375,0,605.6492,1000.4375,80.035,25.0109
383,2012-03-08,2012-03-20,2020-10-14,19299,10,SO47503,1,1000.4375,1000.4375,0,605.6492,1000.4375,80.035,25.0109
360,2012-03-08,2012-03-20,2020-10-15,11605,8,SO47504,1,2049.0982,2049.0982,0,1105.81,2049.0982,163.9279,51.2275
352,2012-03-08,2012-03-20,2020-10-16,26307,4,SO47505,1,2071.4196,2071.4196,0,1117.8559,2071.4196,165.7136,51.7855
354,2012-03-08,2012-03-20,2020-10-17,26324,1,SO47506,1,2071.4196,2071.4196,0,1117.8559,2071.4196,165.7136,51.7855
333,2012-03-08,2012-03-20,2020-10-18,15311,1,SO47507,1,782.99,782.99,0,486.7066,782.99,62.6392,19.5748
370,2012-03-08,2012-03-20,2020-10-19,21892,9,SO47508,1,2443.35,2443.35,0,1518.7864,2443.35,195.468,61.0838
368,2012-03-08,2012-03-20,2020-10-20,21957,9,SO47509,1,2443.35,2443.35,0,1518.7864,2443.35,195.468,61.0838
352,2012-03-08,2012-03-20,2020-10-21,12688,9,SO47510,1,2071.4196,2071.4196,0,1117.8559,2071.4196,165.7136,51.7855
358,2012-03-07,2012-03-19,2020-10-22,28569,7,SO47493,1,2049.0982,2049.0982,0,1105.81,2049.0982,163.9279,51.2275
373,2012-03-07,2012-03-19,2020-10-23,15927,8,SO47494,1,2181.5625,2181.5625,0,1320.6838,2181.5625,174.525,54.5391
368,2012-03-07,2012-03-19,2020-10-24,16196,8,SO47495,1,2443.35,2443.35,0,1518.7864,2443.35,195.468,61.0838
371,2012-03-07,2012-03-19,2020-10-25,16470,10,SO47496,1,2181.5625,2181.5625,0,1320.6838,2181.5625,174.525,54.5391
370,2012-03-07,2012-03-19,2020-10-26,14170,7,SO47497,1,2443.35,2443.35,0,1518.7864,2443.35,195.468,61.0838
325,2012-03-07,2012-03-19,2020-10-27,27071,6,SO47498,1,782.99,782.99,0,486.7066,782.99,62.6392,19.5748
377,2012-03-07,2012-03-19,2020-10-28,21572,9,SO47499,1,2181.5625,2181.5625,0,1320.6838,2181.5625,174.525,54.5391
369,2012-03-07,2012-03-19,2020-10-29,21951,9,SO47500,1,2443.35,2443.35,0,1518.7864,2443.35,195.468,61.0838
360,2012-03-07,2012-03-19,2020-10-30,12214,10,SO47501,1,2049.0982,2049.0982,0,1105.81,2049.0982,163.9279,51.2275
369,2012-03-06,2012-03-18,2020-10-31,15932,8,SO47491,1,2443.35,2443.35,0,1518.7864,2443.35,195.468,61.0838
335,2012-03-06,2012-03-18,2020-11-01,19181,7,SO47492,1,782.99,782.99,0,486.7066,782.99,62.6392,19.5748
377,2012-03-05,2012-03-17,2020-11-02,16427,10,SO47487,1,2181.5625,2181.5625,0,1320.6838,2181.5625,174.525,54.5391
379,2012-03-05,2012-03-17,2020-11-03,13426,4,SO47488,1,2181.5625,2181.5625,0,1320.6838,2181.5625,174.525,54.5391
368,2012-03-05,2012-03-17,2020-11-04,21888,9,SO47489,1,2443.35,2443.35,0,1518.7864,2443.35,195.468,61.0838
371,2012-03-05,2012-03-17,2020-11-05,21895,9,SO47490,1,2181.5625,2181.5625,0,1320.6838,2181.5625,174.525,54.5391
379,2012-03-04,2012-03-16,2020-11-06,14424,7,SO47483,1,2181.5625,2181.5625,0,1320.6838,2181.5625,174.525,54.5391
371,2012-03-04,2012-03-16,2020-11-07,16452,10,SO47484,1,2181.5625,2181.5625,0,1320.6838,2181.5625,174.525,54.5391
371,2012-03-04,2012-03-16,2020-11-08,14524,7,SO47485,1,2181.5625,2181.5625,0,1320.6838,2181.5625,174.525,54.5391
377,2012-03-04,2012-03-16,2020-11-09,14538,7,SO47486,1,2181.5625,2181.5625,0,1320.6838,2181.5625,174.525,54.5391
352,2012-03-03,2012-03-15,2020-11-10,28560,7,SO47477,1,2071.4196,2071.4196,0,1117.8559,2071.4196,165.7136,51.7855
325,2012-03-03,2012-03-15,2020-11-11,20811,10,SO47478,1,782.99,782.99,0,486.7066,782.99,62.6392,19.5748
331,2012-03-03,2012-03-15,2020-11-12,20832,10,SO47479,1,782.99,782.99,0,486.7066,782.99,62.6392,19.5748
371,2012-03-03,2012-03-15,2020-11-13,21568,9,SO47480,1,2181.5625,2181.5625,0,1320.6838,2181.5625,174.525,54.5391
373,2012-03-03,2012-03-15,2020-11-14,21899,9,SO47481,1,2181.5625,2181.5625,0,1320.6838,2181.5625,174.525,54.5391
370,2012-03-03,2012-03-15,2020-11-15,21948,9,SO47482,1,2443.35,2443.35,0,1518.7864,2443.35,195.468,61.0838
383,2012-03-02,2012-03-14,2020-11-16,19301,10,SO47469,1,1000.4375,1000.4375,0,605.6492,1000.4375,80.035,25.0109
358,2012-03-02,2012-03-14,2020-11-17,28685,7,SO47470,1,2049.0982,2049.0982,0,1105.81,2049.0982,163.9279,51.2275
370,2012-03-02,2012-03-14,2020-11-18,14539,7,SO47471,1,2443.35,2443.35,0,1518.7864,2443.35,195.468,61.0838
379,2012-03-02,2012-03-14,2020-11-19,13438,1,SO47472,1,2181.5625,2181.5625,0,1320.6838,2181.5625,174.525,54.5391
369,2012-03-02,2012-03-14,2020-11-20,21875,9,SO47473,1,2443.35,2443.35,0,1518.7864,2443.35,195.468,61.0838
379,2012-03-02,2012-03-14,2020-11-21,21893,9,SO47474,1,2181.5625,2181.5625,0,1320.6838,2181.5625,174.525,54.5391
369,2012-03-02,2012-03-14,2020-11-22,21945,9,SO47475,1,2443.35,2443.35,0,1518.7864,2443.35,195.468,61.0838
352,2012-03-02,2012-03-14,2020-11-23,12693,9,SO47476,1,2071.4196,2071.4196,0,1117.8559,2071.4196,165.7136,51.7855
375,2012-03-01,2012-03-13,2020-11-24,15926,8,SO47462,1,2181.5625,2181.5625,0,1320.6838,2181.5625,174.525,54.5391
373,2012-03-01,2012-03-13,2020-11-25,14203,7,SO47463,1,2181.5625,2181.5625,0,1320.6838,2181.5625,174.525,54.5391
370,2012-03-01,2012-03-13,2020-11-26,16461,10,SO47464,1,2443.35,2443.35,0,1518.7864,2443.35,195.468,61.0838
341,2012-03-01,2012-03-13,2020-11-27,15303,4,SO47465,1,782.99,782.99,0,486.7066,782.99,62.6392,19.5748
381,2012-03-01,2012-03-13,2020-11-28,24887,9,SO47466,1,1000.4375,1000.4375,0,605.6492,1000.4375,80.035,25.0109
371,2012-03-01,2012-03-13,2020-11-29,13446,4,SO47467,1,2181.5625,2181.5625,0,1320.6838,2181.5625,174.525,54.5391
329,2012-03-01,2012-03-13,2020-11-30,26152,9,SO47468,1,782.99,782.99,0,486.7066,782.99,62.6392,19.5748
321,2012-02-29,2012-03-12,2020-12-01,19255,7,SO47460,1,782.99,782.99,0,486.7066,782.99,62.6392,19.5748
356,2012-02-29,2012-03-12,2020-12-02,26320,4,SO47461,1,2071.4196,2071.4196,0,1117.8559,2071.4196,165.7136,51.7855
354,2012-02-28,2012-03-11,2020-12-03,28520,7,SO47337,1,2071.4196,2071.4196,0,1117.8559,2071.4196,165.7136,51.7855
373,2012-02-28,2012-03-11,2020-12-04,16277,10,SO47338,1,2181.5625,2181.5625,0,1320.6838,2181.5625,174.525,54.5391
371,2012-02-28,2012-03-11,2020-12-05,15626,8,SO47339,1,2181.5625,2181.5625,0,1320.6838,2181.5625,174.525,54.5391
369,2012-02-28,2012-03-11,2020-12-06,13401,4,SO47340,1,2443.35,2443.35,0,1518.7864,2443.35,195.468,61.0838
368,2012-02-28,2012-03-11,2020-12-07,25104,6,SO47341,1,2443.35,2443.35,0,1518.7864,2443.35,195.468,61.0838
360,2012-02-28,2012-03-11,2020-12-08,26304,1,SO47342,1,2049.0982,2049.0982,0,1105.81,2049.0982,163.9279,51.2275
379,2012-02-28,2012-03-11,2020-12-09,21553,9,SO47343,1,2181.5625,2181.5625,0,1320.6838,2181.5625,174.525,54.5391
354,2012-02-28,2012-03-11,2020-12-10,12686,9,SO47344,1,2071.4196,2071.4196,0,1117.8559,2071.4196,165.7136,51.7855
356,2012-02-28,2012-03-11,2020-12-11,12583,9,SO47345,1,2071.4196,2071.4196,0,1117.8559,2071.4196,165.7136,51.7855
360,2012-02-28,2012-03-11,2020-12-12,12585,9,SO47346,1,2049.0982,2049.0982,0,1105.81,2049.0982,163.9279,51.2275
321,2012-02-28,2012-03-11,2020-12-13,26025,9,SO47347,1,782.99,782.99,0,486.7066,782.99,62.6392,19.5748
331,2012-02-28,2012-03-11,2020-12-14,26028,9,SO47348,1,782.99,782.99,0,486.7066,782.99,62.6392,19.5748
379,2012-02-27,2012-03-10,2020-12-15,13367,1,SO47329,1,2181.5625,2181.5625,0,1320.6838,2181.5625,174.525,54.5391
369,2012-02-27,2012-03-10,2020-12-16,16324,10,SO47330,1,2443.35,2443.35,0,1518.7864,2443.35,195.468,61.0838
333,2012-02-27,2012-03-10,2020-12-17,20807,10,SO47331,1,782.99,782.99,0,486.7066,782.99,62.6392,19.5748
356,2012-02-27,2012-03-10,2020-12-18,20350,6,SO47332,1,2071.4196,2071.4196,0,1117.8559,2071.4196,165.7136,51.7855
368,2012-02-27,2012-03-10,2020-12-19,21229,9,SO47333,1,2443.35,2443.35,0,1518.7864,2443.35,195.468,61.0838
369,2012-02-27,2012-03-10,2020-12-20,21557,9,SO47334,1,2443.35,2443.35,0,1518.7864,2443.35,195.468,61.0838
356,2012-02-27,2012-03-10,2020-12-21,12581,9,SO47335,1,2071.4196,2071.4196,0,1117.8559,2071.4196,165.7136,51.7855
339,2012-02-27,2012-03-10,2020-12-22,26027,9,SO47336,1,782.99,782.99,0,486.7066,782.99,62.6392,19.5748
362,2012-02-26,2012-03-09,2020-12-23,28529,7,SO47323,1,2049.0982,2049.0982,0,1105.81,2049.0982,163.9279,51.2275
377,2012-02-26,2012-03-09,2020-12-24,13400,4,SO47324,1,2181.5625,2181.5625,0,1320.6838,2181.5625,174.525,54.5391
373,2012-02-26,2012-03-09,2020-12-25,13278,4,SO47325,1,2181.5625,2181.5625,0,1320.6838,2181.5625,174.525,54.5391
379,2012-02-26,2012-03-09,2020-12-26,13288,4,SO47326,1,2181.5625,2181.5625,0,1320.6838,2181.5625,174.525,54.5391
377,2012-02-26,2012-03-09,2020-12-27,13304,1,SO47327,1,2181.5625,2181.5625,0,1320.6838,2181.5625,174.525,54.5391
360,2012-02-26,2012-03-09,2020-12-28,12681,9,SO47328,1,2049.0982,2049.0982,0,1105.81,2049.0982,163.9279,51.2275
379,2012-02-25,2012-03-08,2020-12-29,13840,7,SO47315,1,2181.5625,2181.5625,0,1320.6838,2181.5625,174.525,54.5391
369,2012-02-25,2012-03-08,2020-12-30,13361,1,SO47316,1,2443.35,2443.35,0,1518.7864,2443.35,195.468,61.0838
379,2012-02-25,2012-03-08,2020-12-31,14154,7,SO47317,1,2181.5625,2181.5625,0,1320.6838,2181.5625,174.525,54.5391
375,2012-02-25,2012-03-08,2021-01-01,13273,4,SO47318,1,2181.5625,2181.5625,0,1320.6838,2181.5625,174.525,54.5391
370,2012-02-25,2012-03-08,2021-01-02,13299,4,SO47319,1,2443.35,2443.35,0,1518.7864,2443.35,195.468,61.0838
377,2012-02-25,2012-03-08,2021-01-03,13315,4,SO47320,1,2181.5625,2181.5625,0,1320.6838,2181.5625,174.525,54.5391
373,2012-02-25,2012-03-08,2021-01-04,13354,1,SO47321,1,2181.5625,2181.5625,0,1320.6838,2181.5625,174.525,54.5391
343,2012-02-25,2012-03-08,2021-01-05,15287,1,SO47322,1,782.99,782.99,0,486.7066,782.99,62.6392,19.5748
379,2012-02-24,2012-03-07,2021-01-06,16272,10,SO47304,1,2181.5625,2181.5625,0,1320.6838,2181.5625,174.525,54.5391
369,2012-02-24,2012-03-07,2021-01-07,25393,6,SO47305,1,2443.35,2443.35,0,1518.7864,2443.35,195.468,61.0838
369,2012-02-24,2012-03-07,2021-01-08,28798,6,SO47306,1,2443.35,2443.35,0,1518.7864,2443.35,195.468,61.0838
335,2012-02-24,2012-03-07,2021-01-09,20711,10,SO47307,1,782.99,782.99,0,486.7066,782.99,62.6392,19.5748
327,2012-02-24,2012-03-07,2021-01-10,20718,10,SO47308,1,782.99,782.99,0,486.7066,782.99,62.6392,19.5748
377,2012-02-24,2012-03-07,2021-01-11,13316,4,SO47309,1,2181.5625,2181.5625,0,1320.6838,2181.5625,174.525,54.5391
354,2012-02-24,2012-03-07,2021-01-12,26303,4,SO47310,1,2071.4196,2071.4196,0,1117.8559,2071.4196,165.7136,51.7855
333,2012-02-24,2012-03-07,2021-01-13,15252,1,SO47311,1,782.99,782.99,0,486.7066,782.99,62.6392,19.5748
333,2012-02-24,2012-03-07,2021-01-14,15280,4,SO47312,1,782.99,782.99,0,486.7066,782.99,62.6392,19.5748
373,2012-02-24,2012-03-07,2021-01-15,21231,9,SO47313,1,2181.5625,2181.5625,0,1320.6838,2181.5625,174.525,54.5391
362,2012-02-24,2012-03-07,2021-01-16,12673,9,SO47314,1,2049.0982,2049.0982,0,1105.81,2049.0982,163.9279,51.2275
371,2012-02-23,2012-03-06,2021-01-17,16318,10,SO47291,1,2181.5625,2181.5625,0,1320.6838,2181.5625,174.525,54.5391
379,2012-02-23,2012-03-06,2021-01-18,13811,7,SO47292,1,2181.5625,2181.5625,0,1320.6838,2181.5625,174.525,54.5391
385,2012-02-23,2012-03-06,2021-01-19,19192,10,SO47293,1,1000.4375,1000.4375,0,605.6492,1000.4375,80.035,25.0109
383,2012-02-23,2012-03-06,2021-01-20,18139,8,SO47294,1,1000.4375,1000.4375,0,605.6492,1000.4375,80.035,25.0109
387,2012-02-23,2012-03-06,2021-01-21,14005,4,SO47295,1,1000.4375,1000.4375,0,605.6492,1000.4375,80.035,25.0109
385,2012-02-23,2012-03-06,2021-01-22,14024,4,SO47296,1,1000.4375,1000.4375,0,605.6492,1000.4375,80.035,25.0109
377,2012-02-23,2012-03-06,2021-01-23,13385,1,SO47297,1,2181.5625,2181.5625,0,1320.6838,2181.5625,174.525,54.5391
371,2012-02-23,2012-03-06,2021-01-24,13403,1,SO47298,1,2181.5625,2181.5625,0,1320.6838,2181.5625,174.525,54.5391
369,2012-02-23,2012-03-06,2021-01-25,13425,1,SO47299,1,2443.35,2443.35,0,1518.7864,2443.35,195.468,61.0838
337,2012-02-23,2012-03-06,2021-01-26,20717,10,SO47300,1,782.99,782.99,0,486.7066,782.99,62.6392,19.5748
358,2012-02-23,2012-03-06,2021-01-27,26292,1,SO47301,1,2049.0982,2049.0982,0,1105.81,2049.0982,163.9279,51.2275
360,2012-02-23,2012-03-06,2021-01-28,12670,9,SO47302,1,2049.0982,2049.0982,0,1105.81,2049.0982,163.9279,51.2275
323,2012-02-23,2012-03-06,2021-01-29,26029,9,SO47303,1,782.99,782.99,0,486.7066,782.99,62.6392,19.5748
352,2012-02-22,2012-03-05,2021-01-30,11615,10,SO47280,1,2071.4196,2071.4196,0,1117.8559,2071.4196,165.7136,51.7855
389,2012-02-22,2012-03-05,2021-01-31,17099,7,SO47281,1,1000.4375,1000.4375,0,605.6492,1000.4375,80.035,25.0109
381,2012-02-22,2012-03-05,2021-02-01,19258,10,SO47282,1,1000.4375,1000.4375,0,605.6492,1000.4375,80.035,25.0109
373,2012-02-22,2012-03-05,2021-02-02,15655,8,SO47283,1,2181.5625,2181.5625,0,1320.6838,2181.5625,174.525,54.5391
368,2012-02-22,2012-03-05,2021-02-03,13402,4,SO47284,1,2443.35,2443.35,0,1518.7864,2443.35,195.468,61.0838
373,2012-02-22,2012-03-05,2021-02-04,29135,6,SO47285,1,2181.5625,2181.5625,0,1320.6838,2181.5625,174.525,54.5391
329,2012-02-22,2012-03-05,2021-02-05,19944,8,SO47286,1,782.99,782.99,0,486.7066,782.99,62.6392,19.5748
375,2012-02-22,2012-03-05,2021-02-06,13280,1,SO47287,1,2181.5625,2181.5625,0,1320.6838,2181.5625,174.525,54.5391
373,2012-02-22,2012-03-05,2021-02-07,13353,1,SO47288,1,2181.5625,2181.5625,0,1320.6838,2181.5625,174.525,54.5391
360,2012-02-22,2012-03-05,2021-02-08,26297,1,SO47289,1,2049.0982,2049.0982,0,1105.81,2049.0982,163.9279,51.2275
368,2012-02-22,2012-03-05,2021-02-09,21558,9,SO47290,1,2443.35,2443.35,0,1518.7864,2443.35,195.468,61.0838
362,2012-02-21,2012-03-04,2021-02-10,28512,7,SO47269,1,2049.0982,2049.0982,0,1105.81,2049.0982,163.9279,51.2275
360,2012-02-21,2012-03-04,2021-02-11,28519,7,SO47270,1,2049.0982,2049.0982,0,1105.81,2049.0982,163.9279,51.2275
381,2012-02-21,2012-03-04,2021-02-12,18140,8,SO47271,1,1000.4375,1000.4375,0,605.6492,1000.4375,80.035,25.0109
371,2012-02-21,2012-03-04,2021-02-13,29013,6,SO47272,1,2181.5625,2181.5625,0,1320.6838,2181.5625,174.525,54.5391
368,2012-02-21,2012-03-04,2021-02-14,13420,4,SO47273,1,2443.35,2443.35,0,1518.7864,2443.35,195.468,61.0838
370,2012-02-21,2012-03-04,2021-02-15,16407,10,SO47274,1,2443.35,2443.35,0,1518.7864,2443.35,195.468,61.0838
339,2012-02-21,2012-03-04,2021-02-16,19076,7,SO47275,1,782.99,782.99,0,486.7066,782.99,62.6392,19.5748
343,2012-02-21,2012-03-04,2021-02-17,15289,4,SO47276,1,782.99,782.99,0,486.7066,782.99,62.6392,19.5748
371,2012-02-21,2012-03-04,2021-02-18,21219,9,SO47277,1,2181.5625,2181.5625,0,1320.6838,2181.5625,174.525,54.5391
379,2012-02-21,2012-03-04,2021-02-19,21404,9,SO47278,1,2181.5625,2181.5625,0,1320.6838,2181.5625,174.525,54.5391
362,2012-02-21,2012-03-04,2021-02-20,12680,9,SO47279,1,2049.0982,2049.0982,0,1105.81,2049.0982,163.9279,51.2275
368,2012-02-20,2012-03-03,2021-02-21,16410,10,SO47264,1,2443.35,2443.35,0,1518.7864,2443.35,195.468,61.0838
375,2012-02-20,2012-03-03,2021-02-22,13250,4,SO47265,1,2181.5625,2181.5625,0,1320.6838,2181.5625,174.525,54.5391
377,2012-02-20,2012-03-03,2021-02-23,21555,9,SO47266,1,2181.5625,2181.5625,0,1320.6838,2181.5625,174.525,54.5391
352,2012-02-20,2012-03-03,2021-02-24,12674,9,SO47267,1,2071.4196,2071.4196,0,1117.8559,2071.4196,165.7136,51.7855
375,2012-02-20,2012-03-03,2021-02-25,21402,9,SO47268,1,2181.5625,2181.5625,0,1320.6838,2181.5625,174.525,54.5391
333,2012-02-19,2012-03-02,2021-02-26,15276,4,SO47254,1,782.99,782.99,0,486.7066,782.99,62.6392,19.5748
358,2012-02-19,2012-03-02,2021-02-27,11561,8,SO47255,1,2049.0982,2049.0982,0,1105.81,2049.0982,163.9279,51.2275
373,2012-02-19,2012-03-02,2021-02-28,16417,10,SO47256,1,2181.5625,2181.5625,0,1320.6838,2181.5625,174.525,54.5391
368,2012-02-19,2012-03-02,2021-03-01,14141,7,SO47257,1,2443.35,2443.35,0,1518.7864,2443.35,195.468,61.0838
377,2012-02-19,2012-03-02,2021-03-02,13298,4,SO47258,1,2181.5625,2181.5625,0,1320.6838,2181.5625,174.525,54.5391
375,2012-02-19,2012-03-02,2021-03-03,13351,1,SO47259,1,2181.5625,2181.5625,0,1320.6838,2181.5625,174.525,54.5391
375,2012-02-19,2012-03-02,2021-03-04,13233,1,SO47260,1,2181.5625,2181.5625,0,1320.6838,2181.5625,174.525,54.5391
362,2012-02-19,2012-03-02,2021-03-05,26305,1,SO47261,1,2049.0982,2049.0982,0,1105.81,2049.0982,163.9279,51.2275
379,2012-02-19,2012-03-02,2021-03-06,21560,9,SO47262,1,2181.5625,2181.5625,0,1320.6838,2181.5625,174.525,54.5391
358,2012-02-19,2012-03-02,2021-03-07,12589,9,SO47263,1,2049.0982,2049.0982,0,1105.81,2049.0982,163.9279,51.2275
385,2012-02-18,2012-03-01,2021-03-08,19193,10,SO47244,1,1000.4375,1000.4375,0,605.6492,1000.4375,80.035,25.0109
375,2012-02-18,2012-03-01,2021-03-09,16420,10,SO47245,1,2181.5625,2181.5625,0,1320.6838,2181.5625,174.525,54.5391
343,2012-02-18,2012-03-01,2021-03-10,20713,10,SO47246,1,782.99,782.99,0,486.7066,782.99,62.6392,19.5748
371,2012-02-18,2012-03-01,2021-03-11,13292,1,SO47247,1,2181.5625,2181.5625,0,1320.6838,2181.5625,174.525,54.5391
375,2012-02-18,2012-03-01,2021-03-12,13340,4,SO47248,1,2181.5625,2181.5625,0,1320.6838,2181.5625,174.525,54.5391
377,2012-02-18,2012-03-01,2021-03-13,13346,1,SO47249,1,2181.5625,2181.5625,0,1320.6838,2181.5625,174.525,54.5391
379,2012-02-18,2012-03-01,2021-03-14,21217,9,SO47250,1,2181.5625,2181.5625,0,1320.6838,2181.5625,174.525,54.5391
377,2012-02-18,2012-03-01,2021-03-15,21226,9,SO47251,1,2181.5625,2181.5625,0,1320.6838,2181.5625,174.525,54.5391
352,2012-02-18,2012-03-01,2021-03-16,12676,9,SO47252,1,2071.4196,2071.4196,0,1117.8559,2071.4196,165.7136,51.7855
356,2012-02-18,2012-03-01,2021-03-17,12683,9,SO47253,1,2071.4196,2071.4196,0,1117.8559,2071.4196,165.7136,51.7855
373,2012-02-17,2012-02-29,2021-03-18,15627,8,SO47232,1,2181.5625,2181.5625,0,1320.6838,2181.5625,174.525,54.5391
379,2012-02-17,2012-02-29,2021-03-19,16250,10,SO47233,1,2181.5625,2181.5625,0,1320.6838,2181.5625,174.525,54.5391
389,2012-02-17,2012-02-29,2021-03-20,19260,10,SO47234,1,1000.4375,1000.4375,0,605.6492,1000.4375,80.035,25.0109
375,2012-02-17,2012-02-29,2021-03-21,16317,10,SO47235,1,2181.5625,2181.5625,0,1320.6838,2181.5625,174.525,54.5391
385,2012-02-17,2012-02-29,2021-03-22,14023,4,SO47236,1,1000.4375,1000.4375,0,605.6492,1000.4375,80.035,25.0109
368,2012-02-17,2012-02-29,2021-03-23,28834,6,SO47237,1,2443.35,2443.35,0,1518.7864,2443.35,195.468,61.0838
370,2012-02-17,2012-02-29,2021-03-24,16405,10,SO47238,1,2443.35,2443.35,0,1518.7864,2443.35,195.468,61.0838
371,2012-02-17,2012-02-29,2021-03-25,21384,9,SO47239,1,2181.5625,2181.5625,0,1320.6838,2181.5625,174.525,54.5391
381,2012-02-17,2012-02-29,2021-03-26,24612,9,SO47240,1,1000.4375,1000.4375,0,605.6492,1000.4375,80.035,25.0109
368,2012-02-17,2012-02-29,2021-03-27,21559,9,SO47241,1,2443.35,2443.35,0,1518.7864,2443.35,195.468,61.0838
362,2012-02-17,2012-02-29,2021-03-28,28540,7,SO47242,1,2049.0982,2049.0982,0,1105.81,2049.0982,163.9279,51.2275
339,2012-02-17,2012-02-29,2021-03-29,20712,10,SO47243,1,782.99,782.99,0,486.7066,782.99,62.6392,19.5748
370,2012-02-16,2012-02-28,2021-03-30,13823,7,SO47221,1,2443.35,2443.35,0,1518.7864,2443.35,195.468,61.0838
381,2012-02-16,2012-02-28,2021-03-31,26316,6,SO47222,1,1000.4375,1000.4375,0,605.6492,1000.4375,80.035,25.0109
370,2012-02-16,2012-02-28,2021-04-01,25875,6,SO47223,1,2443.35,2443.35,0,1518.7864,2443.35,195.468,61.0838
369,2012-02-16,2012-02-28,2021-04-02,15659,8,SO47224,1,2443.35,2443.35,0,1518.7864,2443.35,195.468,61.0838
375,2012-02-16,2012-02-28,2021-04-03,13277,1,SO47225,1,2181.5625,2181.5625,0,1320.6838,2181.5625,174.525,54.5391
368,2012-02-16,2012-02-28,2021-04-04,13314,4,SO47226,1,2443.35,2443.35,0,1518.7864,2443.35,195.468,61.0838
375,2012-02-16,2012-02-28,2021-04-05,25288,6,SO47227,1,2181.5625,2181.5625,0,1320.6838,2181.5625,174.525,54.5391
375,2012-02-16,2012-02-28,2021-04-06,13237,4,SO47228,1,2181.5625,2181.5625,0,1320.6838,2181.5625,174.525,54.5391
358,2012-02-16,2012-02-28,2021-04-07,26295,1,SO47229,1,2049.0982,2049.0982,0,1105.81,2049.0982,163.9279,51.2275
371,2012-02-16,2012-02-28,2021-04-08,21256,9,SO47230,1,2181.5625,2181.5625,0,1320.6838,2181.5625,174.525,54.5391
362,2012-02-16,2012-02-28,2021-04-09,11564,8,SO47231,1,2049.0982,2049.0982,0,1105.81,2049.0982,163.9279,51.2275
377,2012-02-15,2012-02-27,2021-04-10,16287,10,SO47213,1,2181.5625,2181.5625,0,1320.6838,2181.5625,174.525,54.5391
389,2012-02-15,2012-02-27,2021-04-11,19195,10,SO47214,1,1000.4375,1000.4375,0,605.6492,1000.4375,80.035,25.0109
368,2012-02-15,2012-02-27,2021-04-12,28836,6,SO47215,1,2443.35,2443.35,0,1518.7864,2443.35,195.468,61.0838
360,2012-02-15,2012-02-27,2021-04-13,26299,1,SO47216,1,2049.0982,2049.0982,0,1105.81,2049.0982,163.9279,51.2275
375,2012-02-15,2012-02-27,2021-04-14,21222,9,SO47217,1,2181.5625,2181.5625,0,1320.6838,2181.5625,174.525,54.5391
369,2012-02-15,2012-02-27,2021-04-15,21361,9,SO47218,1,2443.35,2443.35,0,1518.7864,2443.35,195.468,61.0838
362,2012-02-15,2012-02-27,2021-04-16,12577,9,SO47219,1,2049.0982,2049.0982,0,1105.81,2049.0982,163.9279,51.2275
358,2012-02-15,2012-02-27,2021-04-17,12579,9,SO47220,1,2049.0982,2049.0982,0,1105.81,2049.0982,163.9279,51.2275
370,2012-02-14,2012-02-26,2021-04-18,25883,6,SO47203,1,2443.35,2443.35,0,1518.7864,2443.35,195.468,61.0838
377,2012-02-14,2012-02-26,2021-04-19,25371,6,SO47204,1,2181.5625,2181.5625,0,1320.6838,2181.5625,174.525,54.5391
352,2012-02-14,2012-02-26,2021-04-20,26301,4,SO47205,1,2071.4196,2071.4196,0,1117.8559,2071.4196,165.7136,51.7855
333,2012-02-14,2012-02-26,2021-04-21,15256,4,SO47206,1,782.99,782.99,0,486.7066,782.99,62.6392,19.5748
337,2012-02-14,2012-02-26,2021-04-22,27043,6,SO47207,1,782.99,782.99,0,486.7066,782.99,62.6392,19.5748
369,2012-02-14,2012-02-26,2021-04-23,21359,9,SO47208,1,2443.35,2443.35,0,1518.7864,2443.35,195.468,61.0838
370,2012-02-14,2012-02-26,2021-04-24,21379,9,SO47209,1,2443.35,2443.35,0,1518.7864,2443.35,195.468,61.0838
389,2012-02-14,2012-02-26,2021-04-25,24609,9,SO47210,1,1000.4375,1000.4375,0,605.6492,1000.4375,80.035,25.0109
362,2012-02-14,2012-02-26,2021-04-26,12578,9,SO47211,1,2049.0982,2049.0982,0,1105.81,2049.0982,163.9279,51.2275
360,2012-02-14,2012-02-26,2021-04-27,12580,9,SO47212,1,2049.0982,2049.0982,0,1105.81,2049.0982,163.9279,51.2275
370,2012-02-13,2012-02-25,2021-04-28,14169,7,SO47198,1,2443.35,2443.35,0,1518.7864,2443.35,195.468,61.0838
323,2012-02-13,2012-02-25,2021-04-29,20051,8,SO47199,1,782.99,782.99,0,486.7066,782.99,62.6392,19.5748
373,2012-02-13,2012-02-25,2021-04-30,13247,4,SO47200,1,2181.5625,2181.5625,0,1320.6838,2181.5625,174.525,54.5391
356,2012-02-13,2012-02-25,2021-05-01,26277,1,SO47201,1,2071.4196,2071.4196,0,1117.8559,2071.4196,165.7136,51.7855
356,2012-02-13,2012-02-25,2021-05-02,26285,1,SO47202,1,2071.4196,2071.4196,0,1117.8559,2071.4196,165.7136,51.7855
371,2012-02-12,2012-02-24,2021-05-03,13806,7,SO47186,1,2181.5625,2181.5625,0,1320.6838,2181.5625,174.525,54.5391
385,2012-02-12,2012-02-24,2021-05-04,18134,8,SO47187,1,1000.4375,1000.4375,0,605.6492,1000.4375,80.035,25.0109
389,2012-02-12,2012-02-24,2021-05-05,19253,10,SO47188,1,1000.4375,1000.4375,0,605.6492,1000.4375,80.035,25.0109
373,2012-02-12,2012-02-24,2021-05-06,28818,6,SO47189,1,2181.5625,2181.5625,0,1320.6838,2181.5625,174.525,54.5391
369,2012-02-12,2012-02-24,2021-05-07,25892,6,SO47190,1,2443.35,2443.35,0,1518.7864,2443.35,195.468,61.0838
379,2012-02-12,2012-02-24,2021-05-08,13382,4,SO47191,1,2181.5625,2181.5625,0,1320.6838,2181.5625,174.525,54.5391
371,2012-02-12,2012-02-24,2021-05-09,16328,10,SO47192,1,2181.5625,2181.5625,0,1320.6838,2181.5625,174.525,54.5391
329,2012-02-12,2012-02-24,2021-05-10,20162,8,SO47193,1,782.99,782.99,0,486.7066,782.99,62.6392,19.5748
377,2012-02-12,2012-02-24,2021-05-11,13269,1,SO47194,1,2181.5625,2181.5625,0,1320.6838,2181.5625,174.525,54.5391
371,2012-02-12,2012-02-24,2021-05-12,13355,1,SO47195,1,2181.5625,2181.5625,0,1320.6838,2181.5625,174.525,54.5391
362,2012-02-12,2012-02-24,2021-05-13,26286,4,SO47196,1,2049.0982,2049.0982,0,1105.81,2049.0982,163.9279,51.2275
377,2012-02-12,2012-02-24,2021-05-14,21218,9,SO47197,1,2181.5625,2181.5625,0,1320.6838,2181.5625,174.525,54.5391
358,2012-02-11,2012-02-23,2021-05-15,11492,8,SO47176,1,2049.0982,2049.0982,0,1105.81,2049.0982,163.9279,51.2275
381,2012-02-11,2012-02-23,2021-05-16,14022,1,SO47177,1,1000.4375,1000.4375,0,605.6492,1000.4375,80.035,25.0109
383,2012-02-11,2012-02-23,2021-05-17,14026,1,SO47178,1,1000.4375,1000.4375,0,605.6492,1000.4375,80.035,25.0109
377,2012-02-11,2012-02-23,2021-05-18,28848,6,SO47179,1,2181.5625,2181.5625,0,1320.6838,2181.5625,174.525,54.5391
370,2012-02-11,2012-02-23,2021-05-19,13287,4,SO47180,1,2443.35,2443.35,0,1518.7864,2443.35,195.468,61.0838
368,2012-02-11,2012-02-23,2021-05-20,13329,4,SO47181,1,2443.35,2443.35,0,1518.7864,2443.35,195.468,61.0838
354,2012-02-11,2012-02-23,2021-05-21,26298,1,SO47182,1,2071.4196,2071.4196,0,1117.8559,2071.4196,165.7136,51.7855
335,2012-02-11,2012-02-23,2021-05-22,15200,4,SO47183,1,782.99,782.99,0,486.7066,782.99,62.6392,19.5748
379,2012-02-11,2012-02-23,2021-05-23,21380,9,SO47184,1,2181.5625,2181.5625,0,1320.6838,2181.5625,174.525,54.5391
356,2012-02-11,2012-02-23,2021-05-24,12133,10,SO47185,1,2071.4196,2071.4196,0,1117.8559,2071.4196,165.7136,51.7855
360,2012-02-10,2012-02-22,2021-05-25,12123,10,SO47164,1,2049.0982,2049.0982,0,1105.81,2049.0982,163.9279,51.2275
370,2012-02-10,2012-02-22,2021-05-26,15649,8,SO47165,1,2443.35,2443.35,0,1518.7864,2443.35,195.468,61.0838
368,2012-02-10,2012-02-22,2021-05-27,15656,8,SO47166,1,2443.35,2443.35,0,1518.7864,2443.35,195.468,61.0838
375,2012-02-10,2012-02-22,2021-05-28,13419,1,SO47167,1,2181.5625,2181.5625,0,1320.6838,2181.5625,174.525,54.5391
377,2012-02-10,2012-02-22,2021-05-29,13286,1,SO47168,1,2181.5625,2181.5625,0,1320.6838,2181.5625,174.525,54.5391
352,2012-02-10,2012-02-22,2021-05-30,26281,4,SO47169,1,2071.4196,2071.4196,0,1117.8559,2071.4196,165.7136,51.7855
377,2012-02-10,2012-02-22,2021-05-31,21228,9,SO47170,1,2181.5625,2181.5625,0,1320.6838,2181.5625,174.525,54.5391
373,2012-02-10,2012-02-22,2021-06-01,21552,9,SO47171,1,2181.5625,2181.5625,0,1320.6838,2181.5625,174.525,54.5391
352,2012-02-10,2012-02-22,2021-06-02,12668,9,SO47172,1,2071.4196,2071.4196,0,1117.8559,2071.4196,165.7136,51.7855
356,2012-02-10,2012-02-22,2021-06-03,12675,9,SO47173,1,2071.4196,2071.4196,0,1117.8559,2071.4196,165.7136,51.7855
354,2012-02-10,2012-02-22,2021-06-04,12584,9,SO47174,1,2071.4196,2071.4196,0,1117.8559,2071.4196,165.7136,51.7855
368,2012-02-10,2012-02-22,2021-06-05,13812,7,SO47175,1,2443.35,2443.35,0,1518.7864,2443.35,195.468,61.0838
370,2012-02-09,2012-02-21,2021-06-06,13801,7,SO47155,1,2443.35,2443.35,0,1518.7864,2443.35,195.468,61.0838
373,2012-02-09,2012-02-21,2021-06-07,28837,6,SO47156,1,2181.5625,2181.5625,0,1320.6838,2181.5625,174.525,54.5391
369,2012-02-09,2012-02-21,2021-06-08,25864,6,SO47157,1,2443.35,2443.35,0,1518.7864,2443.35,195.468,61.0838
360,2012-02-09,2012-02-21,2021-06-09,26280,4,SO47158,1,2049.0982,2049.0982,0,1105.81,2049.0982,163.9279,51.2275
362,2012-02-09,2012-02-21,2021-06-10,26300,4,SO47159,1,2049.0982,2049.0982,0,1105.81,2049.0982,163.9279,51.2275
369,2012-02-09,2012-02-21,2021-06-11,21403,9,SO47160,1,2443.35,2443.35,0,1518.7864,2443.35,195.468,61.0838
375,2012-02-09,2012-02-21,2021-06-12,21408,9,SO47161,1,2181.5625,2181.5625,0,1320.6838,2181.5625,174.525,54.5391
371,2012-02-09,2012-02-21,2021-06-13,21418,9,SO47162,1,2181.5625,2181.5625,0,1320.6838,2181.5625,174.525,54.5391
362,2012-02-09,2012-02-21,2021-06-14,12671,9,SO47163,1,2049.0982,2049.0982,0,1105.81,2049.0982,163.9279,51.2275
370,2012-02-08,2012-02-20,2021-06-15,15625,8,SO47150,1,2443.35,2443.35,0,1518.7864,2443.35,195.468,61.0838
370,2012-02-08,2012-02-20,2021-06-16,25363,6,SO47151,1,2443.35,2443.35,0,1518.7864,2443.35,195.468,61.0838
360,2012-02-08,2012-02-20,2021-06-17,28547,7,SO47152,1,2049.0982,2049.0982,0,1105.81,2049.0982,163.9279,51.2275
321,2012-02-08,2012-02-20,2021-06-18,26024,9,SO47153,1,782.99,782.99,0,486.7066,782.99,62.6392,19.5748
335,2012-02-08,2012-02-20,2021-06-19,26133,9,SO47154,1,782.99,782.99,0,486.7066,782.99,62.6392,19.5748
389,2012-02-07,2012-02-19,2021-06-20,18133,8,SO47146,1,1000.4375,1000.4375,0,605.6492,1000.4375,80.035,25.0109
375,2012-02-07,2012-02-19,2021-06-21,13324,4,SO47147,1,2181.5625,2181.5625,0,1320.6838,2181.5625,174.525,54.5391
377,2012-02-07,2012-02-19,2021-06-22,21259,9,SO47148,1,2181.5625,2181.5625,0,1320.6838,2181.5625,174.525,54.5391
360,2012-02-07,2012-02-19,2021-06-23,12669,9,SO47149,1,2049.0982,2049.0982,0,1105.81,2049.0982,163.9279,51.2275
379,2012-02-06,2012-02-18,2021-06-24,16308,10,SO47138,1,2181.5625,2181.5625,0,1320.6838,2181.5625,174.525,54.5391
375,2012-02-06,2012-02-18,2021-06-25,13238,4,SO47139,1,2181.5625,2181.5625,0,1320.6838,2181.5625,174.525,54.5391
356,2012-02-06,2012-02-18,2021-06-26,26290,4,SO47140,1,2071.4196,2071.4196,0,1117.8559,2071.4196,165.7136,51.7855
371,2012-02-06,2012-02-18,2021-06-27,21225,9,SO47141,1,2181.5625,2181.5625,0,1320.6838,2181.5625,174.525,54.5391
369,2012-02-06,2012-02-18,2021-06-28,21230,9,SO47142,1,2443.35,2443.35,0,1518.7864,2443.35,195.468,61.0838
362,2012-02-06,2012-02-18,2021-06-29,12684,9,SO47143,1,2049.0982,2049.0982,0,1105.81,2049.0982,163.9279,51.2275
343,2012-02-06,2012-02-18,2021-06-30,26033,9,SO47144,1,782.99,782.99,0,486.7066,782.99,62.6392,19.5748
339,2012-02-06,2012-02-18,2021-07-01,26131,9,SO47145,1,782.99,782.99,0,486.7066,782.99,62.6392,19.5748
375,2012-02-05,2012-02-17,2021-07-02,16406,10,SO47130,1,2181.5625,2181.5625,0,1320.6838,2181.5625,174.525,54.5391
371,2012-02-05,2012-02-17,2021-07-03,13243,1,SO47131,1,2181.5625,2181.5625,0,1320.6838,2181.5625,174.525,54.5391
375,2012-02-05,2012-02-17,2021-07-04,13283,1,SO47132,1,2181.5625,2181.5625,0,1320.6838,2181.5625,174.525,54.5391
379,2012-02-05,2012-02-17,2021-07-05,13357,4,SO47133,1,2181.5625,2181.5625,0,1320.6838,2181.5625,174.525,54.5391
354,2012-02-05,2012-02-17,2021-07-06,26296,1,SO47134,1,2071.4196,2071.4196,0,1117.8559,2071.4196,165.7136,51.7855
343,2012-02-05,2012-02-17,2021-07-07,27027,6,SO47135,1,782.99,782.99,0,486.7066,782.99,62.6392,19.5748
379,2012-02-05,2012-02-17,2021-07-08,21389,9,SO47136,1,2181.5625,2181.5625,0,1320.6838,2181.5625,174.525,54.5391
371,2012-02-05,2012-02-17,2021-07-09,13348,4,SO47137,1,2181.5625,2181.5625,0,1320.6838,2181.5625,174.525,54.5391
368,2012-02-04,2012-02-16,2021-07-10,16275,10,SO47119,1,2443.35,2443.35,0,1518.7864,2443.35,195.468,61.0838
381,2012-02-04,2012-02-16,2021-07-11,14006,4,SO47120,1,1000.4375,1000.4375,0,605.6492,1000.4375,80.035,25.0109
375,2012-02-04,2012-02-16,2021-07-12,28832,6,SO47121,1,2181.5625,2181.5625,0,1320.6838,2181.5625,174.525,54.5391
371,2012-02-04,2012-02-16,2021-07-13,13362,4,SO47122,1,2181.5625,2181.5625,0,1320.6838,2181.5625,174.525,54.5391
371,2012-02-04,2012-02-16,2021-07-14,25408,6,SO47123,1,2181.5625,2181.5625,0,1320.6838,2181.5625,174.525,54.5391
371,2012-02-04,2012-02-16,2021-07-15,13384,1,SO47124,1,2181.5625,2181.5625,0,1320.6838,2181.5625,174.525,54.5391
375,2012-02-04,2012-02-16,2021-07-16,13325,4,SO47125,1,2181.5625,2181.5625,0,1320.6838,2181.5625,174.525,54.5391
371,2012-02-04,2012-02-16,2021-07-17,13326,4,SO47126,1,2181.5625,2181.5625,0,1320.6838,2181.5625,174.525,54.5391
371,2012-02-04,2012-02-16,2021-07-18,21258,9,SO47127,1,2181.5625,2181.5625,0,1320.6838,2181.5625,174.525,54.5391
368,2012-02-04,2012-02-16,2021-07-19,21556,9,SO47128,1,2443.35,2443.35,0,1518.7864,2443.35,195.468,61.0838
352,2012-02-04,2012-02-16,2021-07-20,12677,9,SO47129,1,2071.4196,2071.4196,0,1117.8559,2071.4196,165.7136,51.7855
352,2012-02-03,2012-02-15,2021-07-21,11616,10,SO47107,1,2071.4196,2071.4196,0,1117.8559,2071.4196,165.7136,51.7855
369,2012-02-03,2012-02-15,2021-07-22,13839,7,SO47108,1,2443.35,2443.35,0,1518.7864,2443.35,195.468,61.0838
375,2012-02-03,2012-02-15,2021-07-23,28819,6,SO47109,1,2181.5625,2181.5625,0,1320.6838,2181.5625,174.525,54.5391
370,2012-02-03,2012-02-15,2021-07-24,28850,6,SO47110,1,2443.35,2443.35,0,1518.7864,2443.35,195.468,61.0838
369,2012-02-03,2012-02-15,2021-07-25,25100,6,SO47111,1,2443.35,2443.35,0,1518.7864,2443.35,195.468,61.0838
356,2012-02-03,2012-02-15,2021-07-26,20318,6,SO47112,1,2071.4196,2071.4196,0,1117.8559,2071.4196,165.7136,51.7855
343,2012-02-03,2012-02-15,2021-07-27,15255,4,SO47113,1,782.99,782.99,0,486.7066,782.99,62.6392,19.5748
373,2012-02-03,2012-02-15,2021-07-28,21387,9,SO47114,1,2181.5625,2181.5625,0,1320.6838,2181.5625,174.525,54.5391
370,2012-02-03,2012-02-15,2021-07-29,21393,9,SO47115,1,2443.35,2443.35,0,1518.7864,2443.35,195.468,61.0838
387,2012-02-03,2012-02-15,2021-07-30,24611,9,SO47116,1,1000.4375,1000.4375,0,605.6492,1000.4375,80.035,25.0109
354,2012-02-03,2012-02-15,2021-07-31,12586,9,SO47117,1,2071.4196,2071.4196,0,1117.8559,2071.4196,165.7136,51.7855
362,2012-02-03,2012-02-15,2021-08-01,28541,7,SO47118,1,2049.0982,2049.0982,0,1105.81,2049.0982,163.9279,51.2275
360,2012-02-02,2012-02-14,2021-08-02,11612,10,SO47100,1,2049.0982,2049.0982,0,1105.81,2049.0982,163.9279,51.2275
371,2012-02-02,2012-02-14,2021-08-03,16260,10,SO47101,1,2181.5625,2181.5625,0,1320.6838,2181.5625,174.525,54.5391
370,2012-02-02,2012-02-14,2021-08-04,13424,1,SO47102,1,2443.35,2443.35,0,1518.7864,2443.35,195.468,61.0838
368,2012-02-02,2012-02-14,2021-08-05,13369,1,SO47103,1,2443.35,2443.35,0,1518.7864,2443.35,195.468,61.0838
379,2012-02-02,2012-02-14,2021-08-06,13279,4,SO47104,1,2181.5625,2181.5625,0,1320.6838,2181.5625,174.525,54.5391
371,2012-02-02,2012-02-14,2021-08-07,13319,1,SO47105,1,2181.5625,2181.5625,0,1320.6838,2181.5625,174.525,54.5391
369,2012-02-02,2012-02-14,2021-08-08,25361,6,SO47106,1,2443.35,2443.35,0,1518.7864,2443.35,195.468,61.0838
354,2012-02-01,2012-02-13,2021-08-09,28532,7,SO47091,1,2071.4196,2071.4196,0,1117.8559,2071.4196,165.7136,51.7855
369,2012-02-01,2012-02-13,2021-08-10,28802,6,SO47092,1,2443.35,2443.35,0,1518.7864,2443.35,195.468,61.0838
369,2012-02-01,2012-02-13,2021-08-11,13380,4,SO47093,1,2443.35,2443.35,0,1518.7864,2443.35,195.468,61.0838
377,2012-02-01,2012-02-13,2021-08-12,15664,8,SO47094,1,2181.5625,2181.5625,0,1320.6838,2181.5625,174.525,54.5391
370,2012-02-01,2012-02-13,2021-08-13,25095,6,SO47095,1,2443.35,2443.35,0,1518.7864,2443.35,195.468,61.0838
354,2012-02-01,2012-02-13,2021-08-14,26283,4,SO47096,1,2071.4196,2071.4196,0,1117.8559,2071.4196,165.7136,51.7855
370,2012-02-01,2012-02-13,2021-08-15,21257,9,SO47097,1,2443.35,2443.35,0,1518.7864,2443.35,195.468,61.0838
360,2012-02-01,2012-02-13,2021-08-16,12667,9,SO47098,1,2049.0982,2049.0982,0,1105.81,2049.0982,163.9279,51.2275
325,2012-02-01,2012-02-13,2021-08-17,26134,9,SO47099,1,782.99,782.99,0,486.7066,782.99,62.6392,19.5748
379,2012-01-31,2012-02-12,2021-08-18,16311,10,SO47085,1,2181.5625,2181.5625,0,1320.6838,2181.5625,174.525,54.5391
373,2012-01-31,2012-02-12,2021-08-19,13378,4,SO47086,1,2181.5625,2181.5625,0,1320.6838,2181.5625,174.525,54.5391
377,2012-01-31,2012-02-12,2021-08-20,13383,1,SO47087,1,2181.5625,2181.5625,0,1320.6838,2181.5625,174.525,54.5391
369,2012-01-31,2012-02-12,2021-08-21,13274,1,SO47088,1,2443.35,2443.35,0,1518.7864,2443.35,195.468,61.0838
341,2012-01-31,2012-02-12,2021-08-22,15284,4,SO47089,1,782.99,782.99,0,486.7066,782.99,62.6392,19.5748
377,2012-01-31,2012-02-12,2021-08-23,21394,9,SO47090,1,2181.5625,2181.5625,0,1320.6838,2181.5625,174.525,54.5391
369,2012-01-30,2012-02-11,2021-08-24,16329,10,SO47077,1,2443.35,2443.35,0,1518.7864,2443.35,195.468,61.0838
375,2012-01-30,2012-02-11,2021-08-25,13248,1,SO47078,1,2181.5625,2181.5625,0,1320.6838,2181.5625,174.525,54.5391
375,2012-01-30,2012-02-11,2021-08-26,13359,4,SO47079,1,2181.5625,2181.5625,0,1320.6838,2181.5625,174.525,54.5391
360,2012-01-30,2012-02-11,2021-08-27,26302,4,SO47080,1,2049.0982,2049.0982,0,1105.81,2049.0982,163.9279,51.2275
341,2012-01-30,2012-02-11,2021-08-28,15203,4,SO47081,1,782.99,782.99,0,486.7066,782.99,62.6392,19.5748
323,2012-01-30,2012-02-11,2021-08-29,15254,5,SO47082,1,782.99,782.99,0,486.7066,782.99,62.6392,19.5748
329,2012-01-30,2012-02-11,2021-08-30,15288,4,SO47083,1,782.99,782.99,0,486.7066,782.99,62.6392,19.5748
370,2012-01-30,2012-02-11,2021-08-31,21561,9,SO47084,1,2443.35,2443.35,0,1518.7864,2443.35,195.468,61.0838
370,2012-01-29,2012-02-10,2021-09-01,13246,4,SO47068,1,2443.35,2443.35,0,1518.7864,2443.35,195.468,61.0838
383,2012-01-29,2012-02-10,2021-09-02,14017,4,SO47069,1,1000.4375,1000.4375,0,605.6492,1000.4375,80.035,25.0109
387,2012-01-29,2012-02-10,2021-09-03,14025,1,SO47070,1,1000.4375,1000.4375,0,605.6492,1000.4375,80.035,25.0109
369,2012-01-29,2012-02-10,2021-09-04,15667,8,SO47071,1,2443.35,2443.35,0,1518.7864,2443.35,195.468,61.0838
341,2012-01-29,2012-02-10,2021-09-05,20062,8,SO47072,1,782.99,782.99,0,486.7066,782.99,62.6392,19.5748
369,2012-01-29,2012-02-10,2021-09-06,25287,6,SO47073,1,2443.35,2443.35,0,1518.7864,2443.35,195.468,61.0838
362,2012-01-29,2012-02-10,2021-09-07,26293,1,SO47074,1,2049.0982,2049.0982,0,1105.81,2049.0982,163.9279,51.2275
360,2012-01-29,2012-02-10,2021-09-08,12685,9,SO47075,1,2049.0982,2049.0982,0,1105.81,2049.0982,163.9279,51.2275
362,2012-01-29,2012-02-10,2021-09-09,12588,9,SO47076,1,2049.0982,2049.0982,0,1105.81,2049.0982,163.9279,51.2275
362,2012-01-28,2012-02-09,2021-09-10,11609,10,SO46920,1,2049.0982,2049.0982,0,1105.81,2049.0982,163.9279,51.2275
371,2012-01-28,2012-02-09,2021-09-11,15454,8,SO46921,1,2181.5625,2181.5625,0,1320.6838,2181.5625,174.525,54.5391
368,2012-01-28,2012-02-09,2021-09-12,13088,1,SO46922,1,2443.35,2443.35,0,1518.7864,2443.35,195.468,61.0838
369,2012-01-28,2012-02-09,2021-09-13,13176,4,SO46923,1,2443.35,2443.35,0,1518.7864,2443.35,195.468,61.0838
375,2012-01-28,2012-02-09,2021-09-14,13203,1,SO46924,1,2181.5625,2181.5625,0,1320.6838,2181.5625,174.525,54.5391
373,2012-01-28,2012-02-09,2021-09-15,21165,9,SO46925,1,2181.5625,2181.5625,0,1320.6838,2181.5625,174.525,54.5391
377,2012-01-28,2012-02-09,2021-09-16,21169,9,SO46926,1,2181.5625,2181.5625,0,1320.6838,2181.5625,174.525,54.5391
362,2012-01-28,2012-02-09,2021-09-17,12348,9,SO46927,1,2049.0982,2049.0982,0,1105.81,2049.0982,163.9279,51.2275
356,2012-01-28,2012-02-09,2021-09-18,12358,9,SO46928,1,2071.4196,2071.4196,0,1117.8559,2071.4196,165.7136,51.7855
331,2012-01-27,2012-02-08,2021-09-19,20710,10,SO46910,1,782.99,782.99,0,486.7066,782.99,62.6392,19.5748
377,2012-01-27,2012-02-08,2021-09-20,24832,6,SO46911,1,2181.5625,2181.5625,0,1320.6838,2181.5625,174.525,54.5391
377,2012-01-27,2012-02-08,2021-09-21,13177,1,SO46912,1,2181.5625,2181.5625,0,1320.6838,2181.5625,174.525,54.5391
375,2012-01-27,2012-02-08,2021-09-22,13212,4,SO46913,1,2181.5625,2181.5625,0,1320.6838,2181.5625,174.525,54.5391
356,2012-01-27,2012-02-08,2021-09-23,26245,4,SO46914,1,2071.4196,2071.4196,0,1117.8559,2071.4196,165.7136,51.7855
362,2012-01-27,2012-02-08,2021-09-24,26276,1,SO46915,1,2049.0982,2049.0982,0,1105.81,2049.0982,163.9279,51.2275
329,2012-01-27,2012-02-08,2021-09-25,15196,4,SO46916,1,782.99,782.99,0,486.7066,782.99,62.6392,19.5748
371,2012-01-27,2012-02-08,2021-09-26,21202,9,SO46917,1,2181.5625,2181.5625,0,1320.6838,2181.5625,174.525,54.5391
343,2012-01-27,2012-02-08,2021-09-27,26022,9,SO46918,1,782.99,782.99,0,486.7066,782.99,62.6392,19.5748
362,2012-01-27,2012-02-08,2021-09-28,11481,8,SO46919,1,2049.0982,2049.0982,0,1105.81,2049.0982,163.9279,51.2275
387,2012-01-26,2012-02-07,2021-09-29,17080,7,SO46904,1,1000.4375,1000.4375,0,605.6492,1000.4375,80.035,25.0109
375,2012-01-26,2012-02-07,2021-09-30,16053,10,SO46905,1,2181.5625,2181.5625,0,1320.6838,2181.5625,174.525,54.5391
368,2012-01-26,2012-02-07,2021-10-01,12950,1,SO46906,1,2443.35,2443.35,0,1518.7864,2443.35,195.468,61.0838
368,2012-01-26,2012-02-07,2021-10-02,13087,1,SO46907,1,2443.35,2443.35,0,1518.7864,2443.35,195.468,61.0838
370,2012-01-26,2012-02-07,2021-10-03,21189,9,SO46908,1,2443.35,2443.35,0,1518.7864,2443.35,195.468,61.0838
379,2012-01-26,2012-02-07,2021-10-04,20998,9,SO46909,1,2181.5625,2181.5625,0,1320.6838,2181.5625,174.525,54.5391
381,2012-01-25,2012-02-06,2021-10-05,13999,4,SO46899,1,1000.4375,1000.4375,0,605.6492,1000.4375,80.035,25.0109
375,2012-01-25,2012-02-06,2021-10-06,21194,9,SO46900,1,2181.5625,2181.5625,0,1320.6838,2181.5625,174.525,54.5391
375,2012-01-25,2012-02-06,2021-10-07,21203,9,SO46901,1,2181.5625,2181.5625,0,1320.6838,2181.5625,174.525,54.5391
375,2012-01-25,2012-02-06,2021-10-08,21000,9,SO46902,1,2181.5625,2181.5625,0,1320.6838,2181.5625,174.525,54.5391
354,2012-01-25,2012-02-06,2021-10-09,12353,9,SO46903,1,2071.4196,2071.4196,0,1117.8559,2071.4196,165.7136,51.7855
383,2012-01-24,2012-02-05,2021-10-10,19173,10,SO46889,1,1000.4375,1000.4375,0,605.6492,1000.4375,80.035,25.0109
368,2012-01-24,2012-02-05,2021-10-11,12921,4,SO46890,1,2443.35,2443.35,0,1518.7864,2443.35,195.468,61.0838
325,2012-01-24,2012-02-05,2021-10-12,20592,10,SO46891,1,782.99,782.99,0,486.7066,782.99,62.6392,19.5748
370,2012-01-24,2012-02-05,2021-10-13,13086,1,SO46892,1,2443.35,2443.35,0,1518.7864,2443.35,195.468,61.0838
369,2012-01-24,2012-02-05,2021-10-14,28659,6,SO46893,1,2443.35,2443.35,0,1518.7864,2443.35,195.468,61.0838
356,2012-01-24,2012-02-05,2021-10-15,26120,4,SO46894,1,2071.4196,2071.4196,0,1117.8559,2071.4196,165.7136,51.7855
354,2012-01-24,2012-02-05,2021-10-16,26183,4,SO46895,1,2071.4196,2071.4196,0,1117.8559,2071.4196,165.7136,51.7855
333,2012-01-24,2012-02-05,2021-10-17,15189,1,SO46896,1,782.99,782.99,0,486.7066,782.99,62.6392,19.5748
368,2012-01-24,2012-02-05,2021-10-18,21179,9,SO46897,1,2443.35,2443.35,0,1518.7864,2443.35,195.468,61.0838
369,2012-01-24,2012-02-05,2021-10-19,21205,9,SO46898,1,2443.35,2443.35,0,1518.7864,2443.35,195.468,61.0838
368,2012-01-23,2012-02-04,2021-10-20,13565,7,SO46884,1,2443.35,2443.35,0,1518.7864,2443.35,195.468,61.0838
373,2012-01-23,2012-02-04,2021-10-21,15933,10,SO46885,1,2181.5625,2181.5625,0,1320.6838,2181.5625,174.525,54.5391
377,2012-01-23,2012-02-04,2021-10-22,28669,6,SO46886,1,2181.5625,2181.5625,0,1320.6838,2181.5625,174.525,54.5391
362,2012-01-23,2012-02-04,2021-10-23,12340,9,SO46887,1,2049.0982,2049.0982,0,1105.81,2049.0982,163.9279,51.2275
325,2012-01-23,2012-02-04,2021-10-24,26021,9,SO46888,1,782.99,782.99,0,486.7066,782.99,62.6392,19.5748
362,2012-01-22,2012-02-03,2021-10-25,11470,8,SO46875,1,2049.0982,2049.0982,0,1105.81,2049.0982,163.9279,51.2275
375,2012-01-22,2012-02-03,2021-10-26,15084,8,SO46876,1,2181.5625,2181.5625,0,1320.6838,2181.5625,174.525,54.5391
370,2012-01-22,2012-02-03,2021-10-27,12926,4,SO46877,1,2443.35,2443.35,0,1518.7864,2443.35,195.468,61.0838
369,2012-01-22,2012-02-03,2021-10-28,25061,6,SO46878,1,2443.35,2443.35,0,1518.7864,2443.35,195.468,61.0838
379,2012-01-22,2012-02-03,2021-10-29,13224,1,SO46879,1,2181.5625,2181.5625,0,1320.6838,2181.5625,174.525,54.5391
335,2012-01-22,2012-02-03,2021-10-30,15167,1,SO46880,1,782.99,782.99,0,486.7066,782.99,62.6392,19.5748
354,2012-01-22,2012-02-03,2021-10-31,12572,9,SO46881,1,2071.4196,2071.4196,0,1117.8559,2071.4196,165.7136,51.7855
343,2012-01-22,2012-02-03,2021-11-01,25960,9,SO46882,1,782.99,782.99,0,486.7066,782.99,62.6392,19.5748
352,2012-01-22,2012-02-03,2021-11-02,26241,4,SO46883,1,2071.4196,2071.4196,0,1117.8559,2071.4196,165.7136,51.7855
379,2012-01-21,2012-02-02,2021-11-03,13577,7,SO46869,1,2181.5625,2181.5625,0,1320.6838,2181.5625,174.525,54.5391
368,2012-01-21,2012-02-02,2021-11-04,13605,7,SO46870,1,2443.35,2443.35,0,1518.7864,2443.35,195.468,61.0838
370,2012-01-21,2012-02-02,2021-11-05,13800,7,SO46871,1,2443.35,2443.35,0,1518.7864,2443.35,195.468,61.0838
385,2012-01-21,2012-02-02,2021-11-06,19186,10,SO46872,1,1000.4375,1000.4375,0,605.6492,1000.4375,80.035,25.0109
377,2012-01-21,2012-02-02,2021-11-07,21167,9,SO46873,1,2181.5625,2181.5625,0,1320.6838,2181.5625,174.525,54.5391
381,2012-01-21,2012-02-02,2021-11-08,24606,9,SO46874,1,1000.4375,1000.4375,0,605.6492,1000.4375,80.035,25.0109
362,2012-01-20,2012-02-01,2021-11-09,11550,10,SO46862,1,2049.0982,2049.0982,0,1105.81,2049.0982,163.9279,51.2275
362,2012-01-20,2012-02-01,2021-11-10,11575,10,SO46863,1,2049.0982,2049.0982,0,1105.81,2049.0982,163.9279,51.2275
373,2012-01-20,2012-02-01,2021-11-11,16045,10,SO46864,1,2181.5625,2181.5625,0,1320.6838,2181.5625,174.525,54.5391
375,2012-01-20,2012-02-01,2021-11-12,15456,8,SO46865,1,2181.5625,2181.5625,0,1320.6838,2181.5625,174.525,54.5391
369,2012-01-20,2012-02-01,2021-11-13,12981,4,SO46866,1,2443.35,2443.35,0,1518.7864,2443.35,195.468,61.0838
377,2012-01-20,2012-02-01,2021-11-14,13029,1,SO46867,1,2181.5625,2181.5625,0,1320.6838,2181.5625,174.525,54.5391
369,2012-01-20,2012-02-01,2021-11-15,13189,4,SO46868,1,2443.35,2443.35,0,1518.7864,2443.35,195.468,61.0838
379,2012-01-19,2012-01-31,2021-11-16,15117,8,SO46855,1,2181.5625,2181.5625,0,1320.6838,2181.5625,174.525,54.5391
370,2012-01-19,2012-01-31,2021-11-17,12935,4,SO46856,1,2443.35,2443.35,0,1518.7864,2443.35,195.468,61.0838
371,2012-01-19,2012-01-31,2021-11-18,13064,1,SO46857,1,2181.5625,2181.5625,0,1320.6838,2181.5625,174.525,54.5391
370,2012-01-19,2012-01-31,2021-11-19,13067,1,SO46858,1,2443.35,2443.35,0,1518.7864,2443.35,195.468,61.0838
370,2012-01-19,2012-01-31,2021-11-20,13205,4,SO46859,1,2443.35,2443.35,0,1518.7864,2443.35,195.468,61.0838
371,2012-01-19,2012-01-31,2021-11-21,21180,9,SO46860,1,2181.5625,2181.5625,0,1320.6838,2181.5625,174.525,54.5391
377,2012-01-19,2012-01-31,2021-11-22,21214,9,SO46861,1,2181.5625,2181.5625,0,1320.6838,2181.5625,174.525,54.5391
358,2012-01-18,2012-01-30,2021-11-23,11603,10,SO46845,1,2049.0982,2049.0982,0,1105.81,2049.0982,163.9279,51.2275
373,2012-01-18,2012-01-30,2021-11-24,13575,7,SO46846,1,2181.5625,2181.5625,0,1320.6838,2181.5625,174.525,54.5391
371,2012-01-18,2012-01-30,2021-11-25,13793,7,SO46847,1,2181.5625,2181.5625,0,1320.6838,2181.5625,174.525,54.5391
371,2012-01-18,2012-01-30,2021-11-26,16201,10,SO46848,1,2181.5625,2181.5625,0,1320.6838,2181.5625,174.525,54.5391
370,2012-01-18,2012-01-30,2021-11-27,24960,6,SO46849,1,2443.35,2443.35,0,1518.7864,2443.35,195.468,61.0838
370,2012-01-18,2012-01-30,2021-11-28,13221,4,SO46850,1,2443.35,2443.35,0,1518.7864,2443.35,195.468,61.0838
360,2012-01-18,2012-01-30,2021-11-29,20209,6,SO46851,1,2049.0982,2049.0982,0,1105.81,2049.0982,163.9279,51.2275
333,2012-01-18,2012-01-30,2021-11-30,15194,4,SO46852,1,782.99,782.99,0,486.7066,782.99,62.6392,19.5748
368,2012-01-18,2012-01-30,2021-12-01,21192,9,SO46853,1,2443.35,2443.35,0,1518.7864,2443.35,195.468,61.0838
375,2012-01-18,2012-01-30,2021-12-02,20997,9,SO46854,1,2181.5625,2181.5625,0,1320.6838,2181.5625,174.525,54.5391
371,2012-01-17,2012-01-29,2021-12-03,13768,7,SO46835,1,2181.5625,2181.5625,0,1320.6838,2181.5625,174.525,54.5391
377,2012-01-17,2012-01-29,2021-12-04,13769,7,SO46836,1,2181.5625,2181.5625,0,1320.6838,2181.5625,174.525,54.5391
381,2012-01-17,2012-01-29,2021-12-05,14003,1,SO46837,1,1000.4375,1000.4375,0,605.6492,1000.4375,80.035,25.0109
375,2012-01-17,2012-01-29,2021-12-06,12922,4,SO46838,1,2181.5625,2181.5625,0,1320.6838,2181.5625,174.525,54.5391
375,2012-01-17,2012-01-29,2021-12-07,24817,6,SO46839,1,2181.5625,2181.5625,0,1320.6838,2181.5625,174.525,54.5391
369,2012-01-17,2012-01-29,2021-12-08,13058,4,SO46840,1,2443.35,2443.35,0,1518.7864,2443.35,195.468,61.0838
371,2012-01-17,2012-01-29,2021-12-09,13174,1,SO46841,1,2181.5625,2181.5625,0,1320.6838,2181.5625,174.525,54.5391
321,2012-01-17,2012-01-29,2021-12-10,15166,4,SO46842,1,782.99,782.99,0,486.7066,782.99,62.6392,19.5748
375,2012-01-17,2012-01-29,2021-12-11,21168,9,SO46843,1,2181.5625,2181.5625,0,1320.6838,2181.5625,174.525,54.5391
358,2012-01-17,2012-01-29,2021-12-12,12343,9,SO46844,1,2049.0982,2049.0982,0,1105.81,2049.0982,163.9279,51.2275
373,2012-01-16,2012-01-28,2021-12-13,13799,7,SO46827,1,2181.5625,2181.5625,0,1320.6838,2181.5625,174.525,54.5391
385,2012-01-16,2012-01-28,2021-12-14,13990,1,SO46828,1,1000.4375,1000.4375,0,605.6492,1000.4375,80.035,25.0109
369,2012-01-16,2012-01-28,2021-12-15,24786,6,SO46829,1,2443.35,2443.35,0,1518.7864,2443.35,195.468,61.0838
337,2012-01-16,2012-01-28,2021-12-16,19910,8,SO46830,1,782.99,782.99,0,486.7066,782.99,62.6392,19.5748
369,2012-01-16,2012-01-28,2021-12-17,13066,1,SO46831,1,2443.35,2443.35,0,1518.7864,2443.35,195.468,61.0838
352,2012-01-16,2012-01-28,2021-12-18,20188,6,SO46832,1,2071.4196,2071.4196,0,1117.8559,2071.4196,165.7136,51.7855
354,2012-01-16,2012-01-28,2021-12-19,12360,9,SO46833,1,2071.4196,2071.4196,0,1117.8559,2071.4196,165.7136,51.7855
379,2012-01-16,2012-01-28,2021-12-20,12923,4,SO46834,1,2181.5625,2181.5625,0,1320.6838,2181.5625,174.525,54.5391
352,2012-01-15,2012-01-27,2021-12-21,28510,7,SO46820,1,2071.4196,2071.4196,0,1117.8559,2071.4196,165.7136,51.7855
377,2012-01-15,2012-01-27,2021-12-22,24824,6,SO46821,1,2181.5625,2181.5625,0,1320.6838,2181.5625,174.525,54.5391
325,2012-01-15,2012-01-27,2021-12-23,15155,4,SO46822,1,782.99,782.99,0,486.7066,782.99,62.6392,19.5748
323,2012-01-15,2012-01-27,2021-12-24,15193,4,SO46823,1,782.99,782.99,0,486.7066,782.99,62.6392,19.5748
385,2012-01-15,2012-01-27,2021-12-25,24608,9,SO46824,1,1000.4375,1000.4375,0,605.6492,1000.4375,80.035,25.0109
354,2012-01-15,2012-01-27,2021-12-26,12574,9,SO46825,1,2071.4196,2071.4196,0,1117.8559,2071.4196,165.7136,51.7855
360,2012-01-15,2012-01-27,2021-12-27,12575,9,SO46826,1,2049.0982,2049.0982,0,1105.81,2049.0982,163.9279,51.2275
371,2012-01-14,2012-01-26,2021-12-28,13766,7,SO46809,1,2181.5625,2181.5625,0,1320.6838,2181.5625,174.525,54.5391
370,2012-01-14,2012-01-26,2021-12-29,15622,8,SO46810,1,2443.35,2443.35,0,1518.7864,2443.35,195.468,61.0838
369,2012-01-14,2012-01-26,2021-12-30,12941,1,SO46811,1,2443.35,2443.35,0,1518.7864,2443.35,195.468,61.0838
371,2012-01-14,2012-01-26,2021-12-31,13069,1,SO46812,1,2181.5625,2181.5625,0,1320.6838,2181.5625,174.525,54.5391
379,2012-01-14,2012-01-26,2022-01-01,13152,4,SO46813,1,2181.5625,2181.5625,0,1320.6838,2181.5625,174.525,54.5391
371,2012-01-14,2012-01-26,2022-01-02,13165,4,SO46814,1,2181.5625,2181.5625,0,1320.6838,2181.5625,174.525,54.5391
375,2012-01-14,2012-01-26,2022-01-03,25093,6,SO46815,1,2181.5625,2181.5625,0,1320.6838,2181.5625,174.525,54.5391
370,2012-01-14,2012-01-26,2022-01-04,13230,1,SO46816,1,2443.35,2443.35,0,1518.7864,2443.35,195.468,61.0838
356,2012-01-14,2012-01-26,2022-01-05,26121,4,SO46817,1,2071.4196,2071.4196,0,1117.8559,2071.4196,165.7136,51.7855
369,2012-01-14,2012-01-26,2022-01-06,21211,9,SO46818,1,2443.35,2443.35,0,1518.7864,2443.35,195.468,61.0838
368,2012-01-14,2012-01-26,2022-01-07,21001,9,SO46819,1,2443.35,2443.35,0,1518.7864,2443.35,195.468,61.0838
379,2012-01-13,2012-01-25,2022-01-08,13595,7,SO46803,1,2181.5625,2181.5625,0,1320.6838,2181.5625,174.525,54.5391
323,2012-01-13,2012-01-25,2022-01-09,19052,7,SO46804,1,782.99,782.99,0,486.7066,782.99,62.6392,19.5748
373,2012-01-13,2012-01-25,2022-01-10,13055,1,SO46805,1,2181.5625,2181.5625,0,1320.6838,2181.5625,174.525,54.5391
370,2012-01-13,2012-01-25,2022-01-11,21195,9,SO46806,1,2443.35,2443.35,0,1518.7864,2443.35,195.468,61.0838
354,2012-01-13,2012-01-25,2022-01-12,12339,9,SO46807,1,2071.4196,2071.4196,0,1117.8559,2071.4196,165.7136,51.7855
360,2012-01-13,2012-01-25,2022-01-13,12347,9,SO46808,1,2049.0982,2049.0982,0,1105.81,2049.0982,163.9279,51.2275
371,2012-01-12,2012-01-24,2022-01-14,13662,7,SO46799,1,2181.5625,2181.5625,0,1320.6838,2181.5625,174.525,54.5391
370,2012-01-12,2012-01-24,2022-01-15,13019,4,SO46800,1,2443.35,2443.35,0,1518.7864,2443.35,195.468,61.0838
368,2012-01-12,2012-01-24,2022-01-16,25094,6,SO46801,1,2443.35,2443.35,0,1518.7864,2443.35,195.468,61.0838
337,2012-01-12,2012-01-24,2022-01-17,15188,1,SO46802,1,782.99,782.99,0,486.7066,782.99,62.6392,19.5748
358,2012-01-11,2012-01-23,2022-01-18,28506,7,SO46789,1,2049.0982,2049.0982,0,1105.81,2049.0982,163.9279,51.2275
379,2012-01-11,2012-01-23,2022-01-19,12930,1,SO46790,1,2181.5625,2181.5625,0,1320.6838,2181.5625,174.525,54.5391
369,2012-01-11,2012-01-23,2022-01-20,13016,1,SO46791,1,2443.35,2443.35,0,1518.7864,2443.35,195.468,61.0838
373,2012-01-11,2012-01-23,2022-01-21,13083,1,SO46792,1,2181.5625,2181.5625,0,1320.6838,2181.5625,174.525,54.5391
375,2012-01-11,2012-01-23,2022-01-22,13214,1,SO46793,1,2181.5625,2181.5625,0,1320.6838,2181.5625,174.525,54.5391
373,2012-01-11,2012-01-23,2022-01-23,24977,6,SO46794,1,2181.5625,2181.5625,0,1320.6838,2181.5625,174.525,54.5391
362,2012-01-11,2012-01-23,2022-01-24,26234,4,SO46795,1,2049.0982,2049.0982,0,1105.81,2049.0982,163.9279,51.2275
360,2012-01-11,2012-01-23,2022-01-25,26247,4,SO46796,1,2049.0982,2049.0982,0,1105.81,2049.0982,163.9279,51.2275
371,2012-01-11,2012-01-23,2022-01-26,21197,9,SO46797,1,2181.5625,2181.5625,0,1320.6838,2181.5625,174.525,54.5391
368,2012-01-11,2012-01-23,2022-01-27,21201,9,SO46798,1,2443.35,2443.35,0,1518.7864,2443.35,195.468,61.0838
356,2012-01-10,2012-01-22,2022-01-28,11568,10,SO46777,1,2071.4196,2071.4196,0,1117.8559,2071.4196,165.7136,51.7855
352,2012-01-10,2012-01-22,2022-01-29,11610,10,SO46778,1,2071.4196,2071.4196,0,1117.8559,2071.4196,165.7136,51.7855
377,2012-01-10,2012-01-22,2022-01-30,15929,10,SO46779,1,2181.5625,2181.5625,0,1320.6838,2181.5625,174.525,54.5391
379,2012-01-10,2012-01-22,2022-01-31,12942,4,SO46780,1,2181.5625,2181.5625,0,1320.6838,2181.5625,174.525,54.5391
379,2012-01-10,2012-01-22,2022-02-01,12949,1,SO46781,1,2181.5625,2181.5625,0,1320.6838,2181.5625,174.525,54.5391
371,2012-01-10,2012-01-22,2022-02-02,12975,4,SO46782,1,2181.5625,2181.5625,0,1320.6838,2181.5625,174.525,54.5391
337,2012-01-10,2012-01-22,2022-02-03,19069,7,SO46783,1,782.99,782.99,0,486.7066,782.99,62.6392,19.5748
375,2012-01-10,2012-01-22,2022-02-04,13178,1,SO46784,1,2181.5625,2181.5625,0,1320.6838,2181.5625,174.525,54.5391
373,2012-01-10,2012-01-22,2022-02-05,13190,4,SO46785,1,2181.5625,2181.5625,0,1320.6838,2181.5625,174.525,54.5391
354,2012-01-10,2012-01-22,2022-02-06,26201,4,SO46786,1,2071.4196,2071.4196,0,1117.8559,2071.4196,165.7136,51.7855
333,2012-01-10,2012-01-22,2022-02-07,15195,4,SO46787,1,782.99,782.99,0,486.7066,782.99,62.6392,19.5748
358,2012-01-10,2012-01-22,2022-02-08,12342,9,SO46788,1,2049.0982,2049.0982,0,1105.81,2049.0982,163.9279,51.2275
377,2012-01-09,2012-01-21,2022-02-09,15702,10,SO46769,1,2181.5625,2181.5625,0,1320.6838,2181.5625,174.525,54.5391
370,2012-01-09,2012-01-21,2022-02-10,15357,8,SO46770,1,2443.35,2443.35,0,1518.7864,2443.35,195.468,61.0838
377,2012-01-09,2012-01-21,2022-02-11,13068,4,SO46771,1,2181.5625,2181.5625,0,1320.6838,2181.5625,174.525,54.5391
375,2012-01-09,2012-01-21,2022-02-12,13161,1,SO46772,1,2181.5625,2181.5625,0,1320.6838,2181.5625,174.525,54.5391
371,2012-01-09,2012-01-21,2022-02-13,13173,1,SO46773,1,2181.5625,2181.5625,0,1320.6838,2181.5625,174.525,54.5391
375,2012-01-09,2012-01-21,2022-02-14,13225,4,SO46774,1,2181.5625,2181.5625,0,1320.6838,2181.5625,174.525,54.5391
352,2012-01-09,2012-01-21,2022-02-15,26249,1,SO46775,1,2071.4196,2071.4196,0,1117.8559,2071.4196,165.7136,51.7855
360,2012-01-09,2012-01-21,2022-02-16,12356,9,SO46776,1,2049.0982,2049.0982,0,1105.81,2049.0982,163.9279,51.2275
354,2012-01-08,2012-01-20,2022-02-17,26174,1,SO46757,1,2071.4196,2071.4196,0,1117.8559,2071.4196,165.7136,51.7855
387,2012-01-08,2012-01-20,2022-02-18,18130,8,SO46758,1,1000.4375,1000.4375,0,605.6492,1000.4375,80.035,25.0109
373,2012-01-08,2012-01-20,2022-02-19,16033,10,SO46759,1,2181.5625,2181.5625,0,1320.6838,2181.5625,174.525,54.5391
387,2012-01-08,2012-01-20,2022-02-20,13986,4,SO46760,1,1000.4375,1000.4375,0,605.6492,1000.4375,80.035,25.0109
325,2012-01-08,2012-01-20,2022-02-21,19924,8,SO46761,1,782.99,782.99,0,486.7066,782.99,62.6392,19.5748
368,2012-01-08,2012-01-20,2022-02-22,13063,1,SO46762,1,2443.35,2443.35,0,1518.7864,2443.35,195.468,61.0838
375,2012-01-08,2012-01-20,2022-02-23,13202,4,SO46763,1,2181.5625,2181.5625,0,1320.6838,2181.5625,174.525,54.5391
360,2012-01-08,2012-01-20,2022-02-24,26238,4,SO46764,1,2049.0982,2049.0982,0,1105.81,2049.0982,163.9279,51.2275
333,2012-01-08,2012-01-20,2022-02-25,15191,4,SO46765,1,782.99,782.99,0,486.7066,782.99,62.6392,19.5748
369,2012-01-08,2012-01-20,2022-02-26,21216,9,SO46766,1,2443.35,2443.35,0,1518.7864,2443.35,195.468,61.0838
362,2012-01-08,2012-01-20,2022-02-27,12573,9,SO46767,1,2049.0982,2049.0982,0,1105.81,2049.0982,163.9279,51.2275
339,2012-01-08,2012-01-20,2022-02-28,26020,9,SO46768,1,782.99,782.99,0,486.7066,782.99,62.6392,19.5748
377,2012-01-07,2012-01-19,2022-03-01,16054,10,SO46750,1,2181.5625,2181.5625,0,1320.6838,2181.5625,174.525,54.5391
377,2012-01-07,2012-01-19,2022-03-02,12934,4,SO46751,1,2181.5625,2181.5625,0,1320.6838,2181.5625,174.525,54.5391
343,2012-01-07,2012-01-19,2022-03-03,19931,8,SO46752,1,782.99,782.99,0,486.7066,782.99,62.6392,19.5748
379,2012-01-07,2012-01-19,2022-03-04,21215,9,SO46753,1,2181.5625,2181.5625,0,1320.6838,2181.5625,174.525,54.5391
321,2012-01-07,2012-01-19,2022-03-05,25958,9,SO46754,1,782.99,782.99,0,486.7066,782.99,62.6392,19.5748
343,2012-01-07,2012-01-19,2022-03-06,26023,9,SO46755,1,782.99,782.99,0,486.7066,782.99,62.6392,19.5748
383,2012-01-07,2012-01-19,2022-03-07,13993,4,SO46756,1,1000.4375,1000.4375,0,605.6492,1000.4375,80.035,25.0109
369,2012-01-06,2012-01-18,2022-03-08,13056,1,SO46745,1,2443.35,2443.35,0,1518.7864,2443.35,195.468,61.0838
368,2012-01-06,2012-01-18,2022-03-09,13057,4,SO46746,1,2443.35,2443.35,0,1518.7864,2443.35,195.468,61.0838
360,2012-01-06,2012-01-18,2022-03-10,26127,1,SO46747,1,2049.0982,2049.0982,0,1105.81,2049.0982,163.9279,51.2275
360,2012-01-06,2012-01-18,2022-03-11,26252,4,SO46748,1,2049.0982,2049.0982,0,1105.81,2049.0982,163.9279,51.2275
354,2012-01-06,2012-01-18,2022-03-12,12350,9,SO46749,1,2071.4196,2071.4196,0,1117.8559,2071.4196,165.7136,51.7855
373,2012-01-05,2012-01-17,2022-03-13,15699,10,SO46739,1,2181.5625,2181.5625,0,1320.6838,2181.5625,174.525,54.5391
379,2012-01-05,2012-01-17,2022-03-14,12980,1,SO46740,1,2181.5625,2181.5625,0,1320.6838,2181.5625,174.525,54.5391
370,2012-01-05,2012-01-17,2022-03-15,28766,6,SO46741,1,2443.35,2443.35,0,1518.7864,2443.35,195.468,61.0838
358,2012-01-05,2012-01-17,2022-03-16,20206,6,SO46742,1,2049.0982,2049.0982,0,1105.81,2049.0982,163.9279,51.2275
373,2012-01-05,2012-01-17,2022-03-17,21183,9,SO46743,1,2181.5625,2181.5625,0,1320.6838,2181.5625,174.525,54.5391
370,2012-01-05,2012-01-17,2022-03-18,21199,9,SO46744,1,2443.35,2443.35,0,1518.7864,2443.35,195.468,61.0838
379,2012-01-04,2012-01-16,2022-03-19,15100,8,SO46730,1,2181.5625,2181.5625,0,1320.6838,2181.5625,174.525,54.5391
371,2012-01-04,2012-01-16,2022-03-20,15101,8,SO46731,1,2181.5625,2181.5625,0,1320.6838,2181.5625,174.525,54.5391
385,2012-01-04,2012-01-16,2022-03-21,13992,4,SO46732,1,1000.4375,1000.4375,0,605.6492,1000.4375,80.035,25.0109
375,2012-01-04,2012-01-16,2022-03-22,24781,6,SO46733,1,2181.5625,2181.5625,0,1320.6838,2181.5625,174.525,54.5391
375,2012-01-04,2012-01-16,2022-03-23,13060,4,SO46734,1,2181.5625,2181.5625,0,1320.6838,2181.5625,174.525,54.5391
371,2012-01-04,2012-01-16,2022-03-24,13226,1,SO46735,1,2181.5625,2181.5625,0,1320.6838,2181.5625,174.525,54.5391
360,2012-01-04,2012-01-16,2022-03-25,12341,9,SO46736,1,2049.0982,2049.0982,0,1105.81,2049.0982,163.9279,51.2275
354,2012-01-04,2012-01-16,2022-03-26,12346,9,SO46737,1,2071.4196,2071.4196,0,1117.8559,2071.4196,165.7136,51.7855
362,2012-01-04,2012-01-16,2022-03-27,12576,9,SO46738,1,2049.0982,2049.0982,0,1105.81,2049.0982,163.9279,51.2275
362,2012-01-03,2012-01-15,2022-03-28,11604,10,SO46719,1,2049.0982,2049.0982,0,1105.81,2049.0982,163.9279,51.2275
371,2012-01-03,2012-01-15,2022-03-29,13667,7,SO46720,1,2181.5625,2181.5625,0,1320.6838,2181.5625,174.525,54.5391
370,2012-01-03,2012-01-15,2022-03-30,16046,10,SO46721,1,2443.35,2443.35,0,1518.7864,2443.35,195.468,61.0838
385,2012-01-03,2012-01-15,2022-03-31,17095,7,SO46722,1,1000.4375,1000.4375,0,605.6492,1000.4375,80.035,25.0109
368,2012-01-03,2012-01-15,2022-04-01,12918,4,SO46723,1,2443.35,2443.35,0,1518.7864,2443.35,195.468,61.0838
368,2012-01-03,2012-01-15,2022-04-02,28663,6,SO46724,1,2443.35,2443.35,0,1518.7864,2443.35,195.468,61.0838
369,2012-01-03,2012-01-15,2022-04-03,21191,9,SO46725,1,2443.35,2443.35,0,1518.7864,2443.35,195.468,61.0838
373,2012-01-03,2012-01-15,2022-04-04,20999,9,SO46726,1,2181.5625,2181.5625,0,1320.6838,2181.5625,174.525,54.5391
370,2012-01-03,2012-01-15,2022-04-05,21002,9,SO46727,1,2443.35,2443.35,0,1518.7864,2443.35,195.468,61.0838
358,2012-01-03,2012-01-15,2022-04-06,12354,9,SO46728,1,2049.0982,2049.0982,0,1105.81,2049.0982,163.9279,51.2275
321,2012-01-03,2012-01-15,2022-04-07,26019,9,SO46729,1,782.99,782.99,0,486.7066,782.99,62.6392,19.5748
387,2012-01-02,2012-01-14,2022-04-08,19172,10,SO46709,1,1000.4375,1000.4375,0,605.6492,1000.4375,80.035,25.0109
356,2012-01-02,2012-01-14,2022-04-09,11484,8,SO46710,1,2071.4196,2071.4196,0,1117.8559,2071.4196,165.7136,51.7855
369,2012-01-02,2012-01-14,2022-04-10,13592,7,SO46711,1,2443.35,2443.35,0,1518.7864,2443.35,195.468,61.0838
373,2012-01-02,2012-01-14,2022-04-11,13779,7,SO46712,1,2181.5625,2181.5625,0,1320.6838,2181.5625,174.525,54.5391
371,2012-01-02,2012-01-14,2022-04-12,24778,6,SO46713,1,2181.5625,2181.5625,0,1320.6838,2181.5625,174.525,54.5391
368,2012-01-02,2012-01-14,2022-04-13,13093,1,SO46714,1,2443.35,2443.35,0,1518.7864,2443.35,195.468,61.0838
375,2012-01-02,2012-01-14,2022-04-14,24976,6,SO46715,1,2181.5625,2181.5625,0,1320.6838,2181.5625,174.525,54.5391
375,2012-01-02,2012-01-14,2022-04-15,25046,6,SO46716,1,2181.5625,2181.5625,0,1320.6838,2181.5625,174.525,54.5391
368,2012-01-02,2012-01-14,2022-04-16,25048,6,SO46717,1,2443.35,2443.35,0,1518.7864,2443.35,195.468,61.0838
360,2012-01-02,2012-01-14,2022-04-17,12570,9,SO46718,1,2049.0982,2049.0982,0,1105.81,2049.0982,163.9279,51.2275
381,2012-01-01,2012-01-13,2022-04-18,16942,7,SO46700,1,1000.4375,1000.4375,0,605.6492,1000.4375,80.035,25.0109
375,2012-01-01,2012-01-13,2022-04-19,15114,8,SO46701,1,2181.5625,2181.5625,0,1320.6838,2181.5625,174.525,54.5391
369,2012-01-01,2012-01-13,2022-04-20,15116,8,SO46702,1,2443.35,2443.35,0,1518.7864,2443.35,195.468,61.0838
337,2012-01-01,2012-01-13,2022-04-21,20576,10,SO46703,1,782.99,782.99,0,486.7066,782.99,62.6392,19.5748
370,2012-01-01,2012-01-13,2022-04-22,13059,4,SO46704,1,2443.35,2443.35,0,1518.7864,2443.35,195.468,61.0838
370,2012-01-01,2012-01-13,2022-04-23,13085,1,SO46705,1,2443.35,2443.35,0,1518.7864,2443.35,195.468,61.0838
352,2012-01-01,2012-01-13,2022-04-24,20186,6,SO46706,1,2071.4196,2071.4196,0,1117.8559,2071.4196,165.7136,51.7855
337,2012-01-01,2012-01-13,2022-04-25,15199,4,SO46707,1,782.99,782.99,0,486.7066,782.99,62.6392,19.5748
377,2012-01-01,2012-01-13,2022-04-26,21200,9,SO46708,1,2181.5625,2181.5625,0,1320.6838,2181.5625,174.525,54.5391
379,2011-12-31,2012-01-12,2022-04-27,15457,8,SO46687,1,2181.5625,2181.5625,0,1320.6838,2181.5625,174.525,54.5391
369,2011-12-31,2012-01-12,2022-04-28,12929,1,SO46688,1,2443.35,2443.35,0,1518.7864,2443.35,195.468,61.0838
369,2011-12-31,2012-01-12,2022-04-29,13032,4,SO46689,1,2443.35,2443.35,0,1518.7864,2443.35,195.468,61.0838
368,2011-12-31,2012-01-12,2022-04-30,13039,4,SO46690,1,2443.35,2443.35,0,1518.7864,2443.35,195.468,61.0838
368,2011-12-31,2012-01-12,2022-05-01,13142,4,SO46691,1,2443.35,2443.35,0,1518.7864,2443.35,195.468,61.0838
369,2011-12-31,2012-01-12,2022-05-02,13208,4,SO46692,1,2443.35,2443.35,0,1518.7864,2443.35,195.468,61.0838
373,2011-12-31,2012-01-12,2022-05-03,13210,4,SO46693,1,2181.5625,2181.5625,0,1320.6838,2181.5625,174.525,54.5391
373,2011-12-31,2012-01-12,2022-05-04,13220,4,SO46694,1,2181.5625,2181.5625,0,1320.6838,2181.5625,174.525,54.5391
358,2011-12-31,2012-01-12,2022-05-05,20208,6,SO46695,1,2049.0982,2049.0982,0,1105.81,2049.0982,163.9279,51.2275
370,2011-12-31,2012-01-12,2022-05-06,21166,9,SO46696,1,2443.35,2443.35,0,1518.7864,2443.35,195.468,61.0838
371,2011-12-31,2012-01-12,2022-05-07,21173,9,SO46697,1,2181.5625,2181.5625,0,1320.6838,2181.5625,174.525,54.5391
377,2011-12-31,2012-01-12,2022-05-08,21206,9,SO46698,1,2181.5625,2181.5625,0,1320.6838,2181.5625,174.525,54.5391
329,2011-12-31,2012-01-12,2022-05-09,25961,9,SO46699,1,782.99,782.99,0,486.7066,782.99,62.6392,19.5748
381,2011-12-30,2012-01-11,2022-05-10,18125,8,SO46684,1,1000.4375,1000.4375,0,605.6492,1000.4375,80.035,25.0109
377,2011-12-30,2012-01-11,2022-05-11,12947,4,SO46685,1,2181.5625,2181.5625,0,1320.6838,2181.5625,174.525,54.5391
325,2011-12-30,2012-01-11,2022-05-12,20577,10,SO46686,1,782.99,782.99,0,486.7066,782.99,62.6392,19.5748
385,2011-12-29,2012-01-10,2022-05-13,18047,8,SO46676,1,1000.4375,1000.4375,0,605.6492,1000.4375,80.035,25.0109
371,2011-12-29,2012-01-10,2022-05-14,15460,8,SO46677,1,2181.5625,2181.5625,0,1320.6838,2181.5625,174.525,54.5391
331,2011-12-29,2012-01-10,2022-05-15,19930,8,SO46678,1,782.99,782.99,0,486.7066,782.99,62.6392,19.5748
373,2011-12-29,2012-01-10,2022-05-16,13062,1,SO46679,1,2181.5625,2181.5625,0,1320.6838,2181.5625,174.525,54.5391
371,2011-12-29,2012-01-10,2022-05-17,21193,9,SO46680,1,2181.5625,2181.5625,0,1320.6838,2181.5625,174.525,54.5391
362,2011-12-29,2012-01-10,2022-05-18,12349,9,SO46681,1,2049.0982,2049.0982,0,1105.81,2049.0982,163.9279,51.2275
358,2011-12-29,2012-01-10,2022-05-19,12355,9,SO46682,1,2049.0982,2049.0982,0,1105.81,2049.0982,163.9279,51.2275
354,2011-12-29,2012-01-10,2022-05-20,12571,9,SO46683,1,2071.4196,2071.4196,0,1117.8559,2071.4196,165.7136,51.7855
311,2011-12-28,2012-01-09,2022-05-21,15080,8,SO46598,1,3578.27,3578.27,0,2171.2942,3578.27,286.2616,89.4568
310,2011-12-28,2012-01-09,2022-05-22,12206,4,SO46599,1,3578.27,3578.27,0,2171.2942,3578.27,286.2616,89.4568
334,2011-12-28,2012-01-09,2022-05-23,19027,7,SO46600,1,699.0982,699.0982,0,413.1463,699.0982,55.9279,17.4775
345,2011-12-28,2012-01-09,2022-05-24,26098,4,SO46601,1,3399.99,3399.99,0,1912.1544,3399.99,271.9992,84.9998
312,2011-12-28,2012-01-09,2022-05-25,20823,9,SO46602,1,3578.27,3578.27,0,2171.2942,3578.27,286.2616,89.4568
345,2011-12-28,2012-01-09,2022-05-26,12240,9,SO46603,1,3399.99,3399.99,0,1912.1544,3399.99,271.9992,84.9998
312,2011-12-27,2012-01-08,2022-05-27,24501,6,SO46590,1,3578.27,3578.27,0,2171.2942,3578.27,286.2616,89.4568
310,2011-12-27,2012-01-08,2022-05-28,12773,1,SO46591,1,3578.27,3578.27,0,2171.2942,3578.27,286.2616,89.4568
313,2011-12-27,2012-01-08,2022-05-29,24664,6,SO46592,1,3578.27,3578.27,0,2171.2942,3578.27,286.2616,89.4568
314,2011-12-27,2012-01-08,2022-05-30,12912,1,SO46593,1,3578.27,3578.27,0,2171.2942,3578.27,286.2616,89.4568
314,2011-12-27,2012-01-08,2022-05-31,20818,9,SO46594,1,3578.27,3578.27,0,2171.2942,3578.27,286.2616,89.4568
312,2011-12-27,2012-01-08,2022-06-01,15691,10,SO46595,1,3578.27,3578.27,0,2171.2942,3578.27,286.2616,89.4568
349,2011-12-27,2012-01-08,2022-06-02,12037,9,SO46596,1,3374.99,3374.99,0,1898.0944,3374.99,269.9992,84.3748
348,2011-12-27,2012-01-08,2022-06-03,12039,9,SO46597,1,3374.99,3374.99,0,1898.0944,3374.99,269.9992,84.3748
314,2011-12-26,2012-01-07,2022-06-04,15050,8,SO46585,1,3578.27,3578.27,0,2171.2942,3578.27,286.2616,89.4568
313,2011-12-26,2012-01-07,2022-06-05,12364,1,SO46586,1,3578.27,3578.27,0,2171.2942,3578.27,286.2616,89.4568
314,2011-12-26,2012-01-07,2022-06-06,12448,1,SO46587,1,3578.27,3578.27,0,2171.2942,3578.27,286.2616,89.4568
351,2011-12-26,2012-01-07,2022-06-07,20035,6,SO46588,1,3374.99,3374.99,0,1898.0944,3374.99,269.9992,84.3748
326,2011-12-26,2012-01-07,2022-06-08,25946,9,SO46589,1,699.0982,699.0982,0,413.1463,699.0982,55.9279,17.4775
310,2011-12-25,2012-01-06,2022-06-09,24757,6,SO46576,1,3578.27,3578.27,0,2171.2942,3578.27,286.2616,89.4568
311,2011-12-25,2012-01-06,2022-06-10,12913,1,SO46577,1,3578.27,3578.27,0,2171.2942,3578.27,286.2616,89.4568
314,2011-12-25,2012-01-06,2022-06-11,12178,1,SO46578,1,3578.27,3578.27,0,2171.2942,3578.27,286.2616,89.4568
311,2011-12-25,2012-01-06,2022-06-12,12186,4,SO46579,1,3578.27,3578.27,0,2171.2942,3578.27,286.2616,89.4568
310,2011-12-25,2012-01-06,2022-06-13,12187,4,SO46580,1,3578.27,3578.27,0,2171.2942,3578.27,286.2616,89.4568
314,2011-12-25,2012-01-06,2022-06-14,12188,4,SO46581,1,3578.27,3578.27,0,2171.2942,3578.27,286.2616,89.4568
314,2011-12-25,2012-01-06,2022-06-15,12207,1,SO46582,1,3578.27,3578.27,0,2171.2942,3578.27,286.2616,89.4568
310,2011-12-25,2012-01-06,2022-06-16,20622,9,SO46583,1,3578.27,3578.27,0,2171.2942,3578.27,286.2616,89.4568
348,2011-12-25,2012-01-06,2022-06-17,12252,9,SO46584,1,3374.99,3374.99,0,1898.0944,3374.99,269.9992,84.3748
312,2011-12-24,2012-01-05,2022-06-18,12450,4,SO46569,1,3578.27,3578.27,0,2171.2942,3578.27,286.2616,89.4568
313,2011-12-24,2012-01-05,2022-06-19,13536,7,SO46570,1,3578.27,3578.27,0,2171.2942,3578.27,286.2616,89.4568
313,2011-12-24,2012-01-05,2022-06-20,15668,10,SO46571,1,3578.27,3578.27,0,2171.2942,3578.27,286.2616,89.4568
314,2011-12-24,2012-01-05,2022-06-21,13552,7,SO46572,1,3578.27,3578.27,0,2171.2942,3578.27,286.2616,89.4568
314,2011-12-24,2012-01-05,2022-06-22,13555,7,SO46573,1,3578.27,3578.27,0,2171.2942,3578.27,286.2616,89.4568
348,2011-12-24,2012-01-05,2022-06-23,12243,9,SO46574,1,3374.99,3374.99,0,1898.0944,3374.99,269.9992,84.3748
351,2011-12-24,2012-01-05,2022-06-24,12338,9,SO46575,1,3374.99,3374.99,0,1898.0944,3374.99,269.9992,84.3748
347,2011-12-23,2012-01-04,2022-06-25,11494,10,SO46564,1,3399.99,3399.99,0,1912.1544,3399.99,271.9992,84.9998
311,2011-12-23,2012-01-04,2022-06-26,12769,1,SO46565,1,3578.27,3578.27,0,2171.2942,3578.27,286.2616,89.4568
311,2011-12-23,2012-01-04,2022-06-27,12789,4,SO46566,1,3578.27,3578.27,0,2171.2942,3578.27,286.2616,89.4568
313,2011-12-23,2012-01-04,2022-06-28,12707,1,SO46567,1,3578.27,3578.27,0,2171.2942,3578.27,286.2616,89.4568
312,2011-12-23,2012-01-04,2022-06-29,12761,1,SO46568,1,3578.27,3578.27,0,2171.2942,3578.27,286.2616,89.4568
310,2011-12-22,2012-01-03,2022-06-30,12904,4,SO46557,1,3578.27,3578.27,0,2171.2942,3578.27,286.2616,89.4568
314,2011-12-22,2012-01-03,2022-07-01,12184,1,SO46558,1,3578.27,3578.27,0,2171.2942,3578.27,286.2616,89.4568
310,2011-12-22,2012-01-03,2022-07-02,12762,4,SO46559,1,3578.27,3578.27,0,2171.2942,3578.27,286.2616,89.4568
344,2011-12-22,2012-01-03,2022-07-03,26096,4,SO46560,1,3399.99,3399.99,0,1912.1544,3399.99,271.9992,84.9998
312,2011-12-22,2012-01-03,2022-07-04,20625,9,SO46561,1,3578.27,3578.27,0,2171.2942,3578.27,286.2616,89.4568
311,2011-12-22,2012-01-03,2022-07-05,14978,8,SO46562,1,3578.27,3578.27,0,2171.2942,3578.27,286.2616,89.4568
320,2011-12-22,2012-01-03,2022-07-06,25945,9,SO46563,1,699.0982,699.0982,0,413.1463,699.0982,55.9279,17.4775
347,2011-12-21,2012-01-02,2022-07-07,11431,8,SO46542,1,3399.99,3399.99,0,1912.1544,3399.99,271.9992,84.9998
345,2011-12-21,2012-01-02,2022-07-08,11549,10,SO46543,1,3399.99,3399.99,0,1912.1544,3399.99,271.9992,84.9998
311,2011-12-21,2012-01-02,2022-07-09,12766,1,SO46544,1,3578.27,3578.27,0,2171.2942,3578.27,286.2616,89.4568
310,2011-12-21,2012-01-02,2022-07-10,24646,6,SO46545,1,3578.27,3578.27,0,2171.2942,3578.27,286.2616,89.4568
310,2011-12-21,2012-01-02,2022-07-11,12780,1,SO46546,1,3578.27,3578.27,0,2171.2942,3578.27,286.2616,89.4568
313,2011-12-21,2012-01-02,2022-07-12,12917,1,SO46547,1,3578.27,3578.27,0,2171.2942,3578.27,286.2616,89.4568
310,2011-12-21,2012-01-02,2022-07-13,12418,1,SO46548,1,3578.27,3578.27,0,2171.2942,3578.27,286.2616,89.4568
313,2011-12-21,2012-01-02,2022-07-14,12452,1,SO46549,1,3578.27,3578.27,0,2171.2942,3578.27,286.2616,89.4568
350,2011-12-21,2012-01-02,2022-07-15,26097,4,SO46550,1,3374.99,3374.99,0,1898.0944,3374.99,269.9992,84.3748
330,2011-12-21,2012-01-02,2022-07-16,14914,4,SO46551,1,699.0982,699.0982,0,413.1463,699.0982,55.9279,17.4775
328,2011-12-21,2012-01-02,2022-07-17,15017,4,SO46552,1,699.0982,699.0982,0,413.1463,699.0982,55.9279,17.4775
312,2011-12-21,2012-01-02,2022-07-18,20985,9,SO46553,1,3578.27,3578.27,0,2171.2942,3578.27,286.2616,89.4568
313,2011-12-21,2012-01-02,2022-07-19,20990,9,SO46554,1,3578.27,3578.27,0,2171.2942,3578.27,286.2616,89.4568
351,2011-12-21,2012-01-02,2022-07-20,12010,9,SO46555,1,3374.99,3374.99,0,1898.0944,3374.99,269.9992,84.3748
326,2011-12-21,2012-01-02,2022-07-21,25948,9,SO46556,1,699.0982,699.0982,0,413.1463,699.0982,55.9279,17.4775
344,2011-12-20,2012-01-01,2022-07-22,11427,8,SO46537,1,3399.99,3399.99,0,1912.1544,3399.99,271.9992,84.9998
310,2011-12-20,2012-01-01,2022-07-23,12774,4,SO46538,1,3578.27,3578.27,0,2171.2942,3578.27,286.2616,89.4568
314,2011-12-20,2012-01-01,2022-07-24,12200,4,SO46539,1,3578.27,3578.27,0,2171.2942,3578.27,286.2616,89.4568
314,2011-12-20,2012-01-01,2022-07-25,20822,9,SO46540,1,3578.27,3578.27,0,2171.2942,3578.27,286.2616,89.4568
310,2011-12-20,2012-01-01,2022-07-26,20617,9,SO46541,1,3578.27,3578.27,0,2171.2942,3578.27,286.2616,89.4568
311,2011-12-19,2011-12-31,2022-07-27,15063,8,SO46528,1,3578.27,3578.27,0,2171.2942,3578.27,286.2616,89.4568
314,2011-12-19,2011-12-31,2022-07-28,12784,1,SO46529,1,3578.27,3578.27,0,2171.2942,3578.27,286.2616,89.4568
313,2011-12-19,2011-12-31,2022-07-29,24671,6,SO46530,1,3578.27,3578.27,0,2171.2942,3578.27,286.2616,89.4568
310,2011-12-19,2011-12-31,2022-07-30,12423,1,SO46531,1,3578.27,3578.27,0,2171.2942,3578.27,286.2616,89.4568
338,2011-12-19,2011-12-31,2022-07-31,19041,7,SO46532,1,699.0982,699.0982,0,413.1463,699.0982,55.9279,17.4775
348,2011-12-19,2011-12-31,2022-08-01,26106,4,SO46533,1,3374.99,3374.99,0,1898.0944,3374.99,269.9992,84.3748
312,2011-12-19,2011-12-31,2022-08-02,20620,9,SO46534,1,3578.27,3578.27,0,2171.2942,3578.27,286.2616,89.4568
310,2011-12-19,2011-12-31,2022-08-03,20815,9,SO46535,1,3578.27,3578.27,0,2171.2942,3578.27,286.2616,89.4568
311,2011-12-19,2011-12-31,2022-08-04,13556,7,SO46536,1,3578.27,3578.27,0,2171.2942,3578.27,286.2616,89.4568
310,2011-12-18,2011-12-30,2022-08-05,12770,4,SO46521,1,3578.27,3578.27,0,2171.2942,3578.27,286.2616,89.4568
312,2011-12-18,2011-12-30,2022-08-06,12882,4,SO46522,1,3578.27,3578.27,0,2171.2942,3578.27,286.2616,89.4568
313,2011-12-18,2011-12-30,2022-08-07,12756,4,SO46523,1,3578.27,3578.27,0,2171.2942,3578.27,286.2616,89.4568
351,2011-12-18,2011-12-30,2022-08-08,26111,4,SO46524,1,3374.99,3374.99,0,1898.0944,3374.99,269.9992,84.3748
314,2011-12-18,2011-12-30,2022-08-09,20816,9,SO46525,1,3578.27,3578.27,0,2171.2942,3578.27,286.2616,89.4568
347,2011-12-18,2011-12-30,2022-08-10,12253,9,SO46526,1,3399.99,3399.99,0,1912.1544,3399.99,271.9992,84.9998
334,2011-12-18,2011-12-30,2022-08-11,25940,9,SO46527,1,699.0982,699.0982,0,413.1463,699.0982,55.9279,17.4775
349,2011-12-17,2011-12-29,2022-08-12,28504,7,SO46508,1,3374.99,3374.99,0,1898.0944,3374.99,269.9992,84.3748
310,2011-12-17,2011-12-29,2022-08-13,12886,4,SO46509,1,3578.27,3578.27,0,2171.2942,3578.27,286.2616,89.4568
311,2011-12-17,2011-12-29,2022-08-14,24386,6,SO46510,1,3578.27,3578.27,0,2171.2942,3578.27,286.2616,89.4568
313,2011-12-17,2011-12-29,2022-08-15,24392,6,SO46511,1,3578.27,3578.27,0,2171.2942,3578.27,286.2616,89.4568
311,2011-12-17,2011-12-29,2022-08-16,12209,4,SO46512,1,3578.27,3578.27,0,2171.2942,3578.27,286.2616,89.4568
313,2011-12-17,2011-12-29,2022-08-17,24418,6,SO46513,1,3578.27,3578.27,0,2171.2942,3578.27,286.2616,89.4568
342,2011-12-17,2011-12-29,2022-08-18,19028,7,SO46514,1,699.0982,699.0982,0,413.1463,699.0982,55.9279,17.4775
340,2011-12-17,2011-12-29,2022-08-19,19904,8,SO46515,1,699.0982,699.0982,0,413.1463,699.0982,55.9279,17.4775
351,2011-12-17,2011-12-29,2022-08-20,26116,1,SO46516,1,3374.99,3374.99,0,1898.0944,3374.99,269.9992,84.3748
313,2011-12-17,2011-12-29,2022-08-21,20624,9,SO46517,1,3578.27,3578.27,0,2171.2942,3578.27,286.2616,89.4568
314,2011-12-17,2011-12-29,2022-08-22,20814,9,SO46518,1,3578.27,3578.27,0,2171.2942,3578.27,286.2616,89.4568
310,2011-12-17,2011-12-29,2022-08-23,15660,10,SO46519,1,3578.27,3578.27,0,2171.2942,3578.27,286.2616,89.4568
312,2011-12-17,2011-12-29,2022-08-24,24491,6,SO46520,1,3578.27,3578.27,0,2171.2942,3578.27,286.2616,89.4568
310,2011-12-16,2011-12-28,2022-08-25,13558,7,SO46497,1,3578.27,3578.27,0,2171.2942,3578.27,286.2616,89.4568
313,2011-12-16,2011-12-28,2022-08-26,12881,4,SO46498,1,3578.27,3578.27,0,2171.2942,3578.27,286.2616,89.4568
310,2011-12-16,2011-12-28,2022-08-27,12179,1,SO46499,1,3578.27,3578.27,0,2171.2942,3578.27,286.2616,89.4568
314,2011-12-16,2011-12-28,2022-08-28,12208,1,SO46500,1,3578.27,3578.27,0,2171.2942,3578.27,286.2616,89.4568
328,2011-12-16,2011-12-28,2022-08-29,19518,8,SO46501,1,699.0982,699.0982,0,413.1463,699.0982,55.9279,17.4775
328,2011-12-16,2011-12-28,2022-08-30,19051,7,SO46502,1,699.0982,699.0982,0,413.1463,699.0982,55.9279,17.4775
310,2011-12-16,2011-12-28,2022-08-31,12764,1,SO46503,1,3578.27,3578.27,0,2171.2942,3578.27,286.2616,89.4568
342,2011-12-16,2011-12-28,2022-09-01,15005,4,SO46504,1,699.0982,699.0982,0,413.1463,699.0982,55.9279,17.4775
347,2011-12-16,2011-12-28,2022-09-02,12241,9,SO46505,1,3399.99,3399.99,0,1912.1544,3399.99,271.9992,84.9998
349,2011-12-16,2011-12-28,2022-09-03,12242,9,SO46506,1,3374.99,3374.99,0,1898.0944,3374.99,269.9992,84.3748
320,2011-12-16,2011-12-28,2022-09-04,25941,9,SO46507,1,699.0982,699.0982,0,413.1463,699.0982,55.9279,17.4775
314,2011-12-15,2011-12-27,2022-09-05,24759,6,SO46491,1,3578.27,3578.27,0,2171.2942,3578.27,286.2616,89.4568
312,2011-12-15,2011-12-27,2022-09-06,12198,1,SO46492,1,3578.27,3578.27,0,2171.2942,3578.27,286.2616,89.4568
328,2011-12-15,2011-12-27,2022-09-07,15023,1,SO46493,1,699.0982,699.0982,0,413.1463,699.0982,55.9279,17.4775
313,2011-12-15,2011-12-27,2022-09-08,20983,9,SO46494,1,3578.27,3578.27,0,2171.2942,3578.27,286.2616,89.4568
311,2011-12-15,2011-12-27,2022-09-09,20989,9,SO46495,1,3578.27,3578.27,0,2171.2942,3578.27,286.2616,89.4568
312,2011-12-15,2011-12-27,2022-09-10,20627,9,SO46496,1,3578.27,3578.27,0,2171.2942,3578.27,286.2616,89.4568
313,2011-12-14,2011-12-26,2022-09-11,24666,6,SO46489,1,3578.27,3578.27,0,2171.2942,3578.27,286.2616,89.4568
313,2011-12-14,2011-12-26,2022-09-12,12189,4,SO46490,1,3578.27,3578.27,0,2171.2942,3578.27,286.2616,89.4568
312,2011-12-13,2011-12-25,2022-09-13,12883,4,SO46483,1,3578.27,3578.27,0,2171.2942,3578.27,286.2616,89.4568
312,2011-12-13,2011-12-25,2022-09-14,12437,1,SO46484,1,3578.27,3578.27,0,2171.2942,3578.27,286.2616,89.4568
313,2011-12-13,2011-12-25,2022-09-15,12755,4,SO46485,1,3578.27,3578.27,0,2171.2942,3578.27,286.2616,89.4568
332,2011-12-13,2011-12-25,2022-09-16,19901,8,SO46486,1,699.0982,699.0982,0,413.1463,699.0982,55.9279,17.4775
338,2011-12-13,2011-12-25,2022-09-17,14913,4,SO46487,1,699.0982,699.0982,0,413.1463,699.0982,55.9279,17.4775
312,2011-12-13,2011-12-25,2022-09-18,20628,9,SO46488,1,3578.27,3578.27,0,2171.2942,3578.27,286.2616,89.4568
310,2011-12-12,2011-12-24,2022-09-19,12768,4,SO46479,1,3578.27,3578.27,0,2171.2942,3578.27,286.2616,89.4568
347,2011-12-12,2011-12-24,2022-09-20,26114,4,SO46480,1,3399.99,3399.99,0,1912.1544,3399.99,271.9992,84.9998
313,2011-12-12,2011-12-24,2022-09-21,20623,9,SO46481,1,3578.27,3578.27,0,2171.2942,3578.27,286.2616,89.4568
346,2011-12-12,2011-12-24,2022-09-22,12245,9,SO46482,1,3399.99,3399.99,0,1912.1544,3399.99,271.9992,84.9998
322,2011-12-11,2011-12-23,2022-09-23,20575,10,SO46475,1,699.0982,699.0982,0,413.1463,699.0982,55.9279,17.4775
350,2011-12-11,2011-12-23,2022-09-24,26110,1,SO46476,1,3374.99,3374.99,0,1898.0944,3374.99,269.9992,84.3748
346,2011-12-11,2011-12-23,2022-09-25,12009,9,SO46477,1,3399.99,3399.99,0,1912.1544,3399.99,271.9992,84.9998
326,2011-12-11,2011-12-23,2022-09-26,25939,9,SO46478,1,699.0982,699.0982,0,413.1463,699.0982,55.9279,17.4775
348,2011-12-10,2011-12-22,2022-09-27,11423,8,SO46463,1,3374.99,3374.99,0,1898.0944,3374.99,269.9992,84.3748
310,2011-12-10,2011-12-22,2022-09-28,12885,4,SO46464,1,3578.27,3578.27,0,2171.2942,3578.27,286.2616,89.4568
311,2011-12-10,2011-12-22,2022-09-29,12898,4,SO46465,1,3578.27,3578.27,0,2171.2942,3578.27,286.2616,89.4568
311,2011-12-10,2011-12-22,2022-09-30,12915,1,SO46466,1,3578.27,3578.27,0,2171.2942,3578.27,286.2616,89.4568
314,2011-12-10,2011-12-22,2022-10-01,12180,1,SO46467,1,3578.27,3578.27,0,2171.2942,3578.27,286.2616,89.4568
311,2011-12-10,2011-12-22,2022-10-02,24431,6,SO46468,1,3578.27,3578.27,0,2171.2942,3578.27,286.2616,89.4568
332,2011-12-10,2011-12-22,2022-10-03,19033,7,SO46469,1,699.0982,699.0982,0,413.1463,699.0982,55.9279,17.4775
322,2011-12-10,2011-12-22,2022-10-04,14915,1,SO46470,1,699.0982,699.0982,0,413.1463,699.0982,55.9279,17.4775
310,2011-12-10,2011-12-22,2022-10-05,14979,8,SO46471,1,3578.27,3578.27,0,2171.2942,3578.27,286.2616,89.4568
344,2011-12-10,2011-12-22,2022-10-06,12248,9,SO46472,1,3399.99,3399.99,0,1912.1544,3399.99,271.9992,84.9998
311,2011-12-10,2011-12-22,2022-10-07,14969,8,SO46473,1,3578.27,3578.27,0,2171.2942,3578.27,286.2616,89.4568
342,2011-12-10,2011-12-22,2022-10-08,25944,9,SO46474,1,699.0982,699.0982,0,413.1463,699.0982,55.9279,17.4775
310,2011-12-09,2011-12-21,2022-10-09,12771,4,SO46458,1,3578.27,3578.27,0,2171.2942,3578.27,286.2616,89.4568
313,2011-12-09,2011-12-21,2022-10-10,12190,4,SO46459,1,3578.27,3578.27,0,2171.2942,3578.27,286.2616,89.4568
312,2011-12-09,2011-12-21,2022-10-11,12438,4,SO46460,1,3578.27,3578.27,0,2171.2942,3578.27,286.2616,89.4568
311,2011-12-09,2011-12-21,2022-10-12,20821,9,SO46461,1,3578.27,3578.27,0,2171.2942,3578.27,286.2616,89.4568
345,2011-12-09,2011-12-21,2022-10-13,12013,9,SO46462,1,3399.99,3399.99,0,1912.1544,3399.99,271.9992,84.9998
314,2011-12-08,2011-12-20,2022-10-14,12446,4,SO46450,1,3578.27,3578.27,0,2171.2942,3578.27,286.2616,89.4568
310,2011-12-08,2011-12-20,2022-10-15,12709,4,SO46451,1,3578.27,3578.27,0,2171.2942,3578.27,286.2616,89.4568
349,2011-12-08,2011-12-20,2022-10-16,26112,1,SO46452,1,3374.99,3374.99,0,1898.0944,3374.99,269.9992,84.3748
313,2011-12-08,2011-12-20,2022-10-17,20626,9,SO46453,1,3578.27,3578.27,0,2171.2942,3578.27,286.2616,89.4568
310,2011-12-08,2011-12-20,2022-10-18,20812,9,SO46454,1,3578.27,3578.27,0,2171.2942,3578.27,286.2616,89.4568
314,2011-12-08,2011-12-20,2022-10-19,15669,10,SO46455,1,3578.27,3578.27,0,2171.2942,3578.27,286.2616,89.4568
346,2011-12-08,2011-12-20,2022-10-20,12014,9,SO46456,1,3399.99,3399.99,0,1912.1544,3399.99,271.9992,84.9998
324,2011-12-08,2011-12-20,2022-10-21,25947,9,SO46457,1,699.0982,699.0982,0,413.1463,699.0982,55.9279,17.4775
312,2011-12-07,2011-12-19,2022-10-22,12772,1,SO46445,1,3578.27,3578.27,0,2171.2942,3578.27,286.2616,89.4568
312,2011-12-07,2011-12-19,2022-10-23,12777,1,SO46446,1,3578.27,3578.27,0,2171.2942,3578.27,286.2616,89.4568
312,2011-12-07,2011-12-19,2022-10-24,20984,9,SO46447,1,3578.27,3578.27,0,2171.2942,3578.27,286.2616,89.4568
344,2011-12-07,2011-12-19,2022-10-25,12250,9,SO46448,1,3399.99,3399.99,0,1912.1544,3399.99,271.9992,84.9998
345,2011-12-07,2011-12-19,2022-10-26,12007,9,SO46449,1,3399.99,3399.99,0,1912.1544,3399.99,271.9992,84.9998
313,2011-12-06,2011-12-18,2022-10-27,15054,8,SO46437,1,3578.27,3578.27,0,2171.2942,3578.27,286.2616,89.4568
313,2011-12-06,2011-12-18,2022-10-28,12174,4,SO46438,1,3578.27,3578.27,0,2171.2942,3578.27,286.2616,89.4568
313,2011-12-06,2011-12-18,2022-10-29,20817,9,SO46439,1,3578.27,3578.27,0,2171.2942,3578.27,286.2616,89.4568
312,2011-12-06,2011-12-18,2022-10-30,20621,9,SO46440,1,3578.27,3578.27,0,2171.2942,3578.27,286.2616,89.4568
312,2011-12-06,2011-12-18,2022-10-31,15661,10,SO46441,1,3578.27,3578.27,0,2171.2942,3578.27,286.2616,89.4568
314,2011-12-06,2011-12-18,2022-11-01,14997,8,SO46442,1,3578.27,3578.27,0,2171.2942,3578.27,286.2616,89.4568
314,2011-12-06,2011-12-18,2022-11-02,15662,10,SO46443,1,3578.27,3578.27,0,2171.2942,3578.27,286.2616,89.4568
351,2011-12-06,2011-12-18,2022-11-03,12246,9,SO46444,1,3374.99,3374.99,0,1898.0944,3374.99,269.9992,84.3748
345,2011-12-05,2011-12-17,2022-11-04,11428,8,SO46429,1,3399.99,3399.99,0,1912.1544,3399.99,271.9992,84.9998
314,2011-12-05,2011-12-17,2022-11-05,13564,7,SO46430,1,3578.27,3578.27,0,2171.2942,3578.27,286.2616,89.4568
310,2011-12-05,2011-12-17,2022-11-06,12901,1,SO46431,1,3578.27,3578.27,0,2171.2942,3578.27,286.2616,89.4568
342,2011-12-05,2011-12-17,2022-11-07,15016,4,SO46432,1,699.0982,699.0982,0,413.1463,699.0982,55.9279,17.4775
312,2011-12-05,2011-12-17,2022-11-08,20991,9,SO46433,1,3578.27,3578.27,0,2171.2942,3578.27,286.2616,89.4568
313,2011-12-05,2011-12-17,2022-11-09,20996,9,SO46434,1,3578.27,3578.27,0,2171.2942,3578.27,286.2616,89.4568
348,2011-12-05,2011-12-17,2022-11-10,12251,9,SO46435,1,3374.99,3374.99,0,1898.0944,3374.99,269.9992,84.3748
347,2011-12-05,2011-12-17,2022-11-11,12337,9,SO46436,1,3399.99,3399.99,0,1912.1544,3399.99,271.9992,84.9998
311,2011-12-04,2011-12-16,2022-11-12,12884,4,SO46422,1,3578.27,3578.27,0,2171.2942,3578.27,286.2616,89.4568
313,2011-12-04,2011-12-16,2022-11-13,12362,4,SO46423,1,3578.27,3578.27,0,2171.2942,3578.27,286.2616,89.4568
312,2011-12-04,2011-12-16,2022-11-14,12435,4,SO46424,1,3578.27,3578.27,0,2171.2942,3578.27,286.2616,89.4568
313,2011-12-04,2011-12-16,2022-11-15,24496,6,SO46425,1,3578.27,3578.27,0,2171.2942,3578.27,286.2616,89.4568
344,2011-12-04,2011-12-16,2022-11-16,26107,4,SO46426,1,3399.99,3399.99,0,1912.1544,3399.99,271.9992,84.9998
350,2011-12-04,2011-12-16,2022-11-17,20182,6,SO46427,1,3374.99,3374.99,0,1898.0944,3374.99,269.9992,84.3748
311,2011-12-04,2011-12-16,2022-11-18,20629,9,SO46428,1,3578.27,3578.27,0,2171.2942,3578.27,286.2616,89.4568
313,2011-12-03,2011-12-15,2022-11-19,12181,4,SO46416,1,3578.27,3578.27,0,2171.2942,3578.27,286.2616,89.4568
314,2011-12-03,2011-12-15,2022-11-20,12441,4,SO46417,1,3578.27,3578.27,0,2171.2942,3578.27,286.2616,89.4568
312,2011-12-03,2011-12-15,2022-11-21,20988,9,SO46418,1,3578.27,3578.27,0,2171.2942,3578.27,286.2616,89.4568
344,2011-12-03,2011-12-15,2022-11-22,12021,9,SO46419,1,3399.99,3399.99,0,1912.1544,3399.99,271.9992,84.9998
313,2011-12-03,2011-12-15,2022-11-23,13511,7,SO46420,1,3578.27,3578.27,0,2171.2942,3578.27,286.2616,89.4568
336,2011-12-03,2011-12-15,2022-11-24,25949,9,SO46421,1,699.0982,699.0982,0,413.1463,699.0982,55.9279,17.4775
313,2011-12-02,2011-12-14,2022-11-25,15073,8,SO46409,1,3578.27,3578.27,0,2171.2942,3578.27,286.2616,89.4568
348,2011-12-02,2011-12-14,2022-11-26,11548,10,SO46410,1,3374.99,3374.99,0,1898.0944,3374.99,269.9992,84.3748
314,2011-12-02,2011-12-14,2022-11-27,24661,6,SO46411,1,3578.27,3578.27,0,2171.2942,3578.27,286.2616,89.4568
311,2011-12-02,2011-12-14,2022-11-28,24493,6,SO46412,1,3578.27,3578.27,0,2171.2942,3578.27,286.2616,89.4568
346,2011-12-02,2011-12-14,2022-11-29,20075,6,SO46413,1,3399.99,3399.99,0,1912.1544,3399.99,271.9992,84.9998
338,2011-12-02,2011-12-14,2022-11-30,15006,4,SO46414,1,699.0982,699.0982,0,413.1463,699.0982,55.9279,17.4775
310,2011-12-02,2011-12-14,2022-12-01,20819,9,SO46415,1,3578.27,3578.27,0,2171.2942,3578.27,286.2616,89.4568
312,2011-12-01,2011-12-13,2022-12-02,12779,1,SO46406,1,3578.27,3578.27,0,2171.2942,3578.27,286.2616,89.4568
342,2011-12-01,2011-12-13,2022-12-03,27026,6,SO46407,1,699.0982,699.0982,0,413.1463,699.0982,55.9279,17.4775
351,2011-12-01,2011-12-13,2022-12-04,12011,9,SO46408,1,3374.99,3374.99,0,1898.0944,3374.99,269.9992,84.3748
314,2011-11-30,2011-12-12,2022-12-05,15055,8,SO46394,1,3578.27,3578.27,0,2171.2942,3578.27,286.2616,89.4568
346,2011-11-30,2011-12-12,2022-12-06,11496,10,SO46395,1,3399.99,3399.99,0,1912.1544,3399.99,271.9992,84.9998
311,2011-11-30,2011-12-12,2022-12-07,12442,4,SO46396,1,3578.27,3578.27,0,2171.2942,3578.27,286.2616,89.4568
328,2011-11-30,2011-12-12,2022-12-08,27014,6,SO46397,1,699.0982,699.0982,0,413.1463,699.0982,55.9279,17.4775
311,2011-11-30,2011-12-12,2022-12-09,20992,9,SO46398,1,3578.27,3578.27,0,2171.2942,3578.27,286.2616,89.4568
314,2011-11-30,2011-12-12,2022-12-10,20820,9,SO46399,1,3578.27,3578.27,0,2171.2942,3578.27,286.2616,89.4568
314,2011-11-30,2011-12-12,2022-12-11,20987,9,SO46400,1,3578.27,3578.27,0,2171.2942,3578.27,286.2616,89.4568
310,2011-11-30,2011-12-12,2022-12-12,20993,9,SO46401,1,3578.27,3578.27,0,2171.2942,3578.27,286.2616,89.4568
313,2011-11-30,2011-12-12,2022-12-13,20616,9,SO46402,1,3578.27,3578.27,0,2171.2942,3578.27,286.2616,89.4568
314,2011-11-30,2011-12-12,2022-12-14,14990,8,SO46403,1,3578.27,3578.27,0,2171.2942,3578.27,286.2616,89.4568
312,2011-11-30,2011-12-12,2022-12-15,15692,10,SO46404,1,3578.27,3578.27,0,2171.2942,3578.27,286.2616,89.4568
310,2011-11-30,2011-12-12,2022-12-16,20994,9,SO46405,1,3578.27,3578.27,0,2171.2942,3578.27,286.2616,89.4568
313,2011-11-29,2011-12-11,2022-12-17,12440,4,SO46390,1,3578.27,3578.27,0,2171.2942,3578.27,286.2616,89.4568
312,2011-11-29,2011-12-11,2022-12-18,20995,9,SO46391,1,3578.27,3578.27,0,2171.2942,3578.27,286.2616,89.4568
313,2011-11-29,2011-12-11,2022-12-19,13537,7,SO46392,1,3578.27,3578.27,0,2171.2942,3578.27,286.2616,89.4568
314,2011-11-29,2011-12-11,2022-12-20,15695,10,SO46393,1,3578.27,3578.27,0,2171.2942,3578.27,286.2616,89.4568
311,2011-11-28,2011-12-10,2022-12-21,12103,4,SO46319,1,3578.27,3578.27,0,2171.2942,3578.27,286.2616,89.4568
351,2011-11-28,2011-12-10,2022-12-22,26084,4,SO46320,1,3374.99,3374.99,0,1898.0944,3374.99,269.9992,84.3748
330,2011-11-28,2011-12-10,2022-12-23,14894,1,SO46321,1,699.0982,699.0982,0,413.1463,699.0982,55.9279,17.4775
314,2011-11-27,2011-12-09,2022-12-24,12153,4,SO46312,1,3578.27,3578.27,0,2171.2942,3578.27,286.2616,89.4568
313,2011-11-27,2011-12-09,2022-12-25,12078,1,SO46313,1,3578.27,3578.27,0,2171.2942,3578.27,286.2616,89.4568
312,2011-11-27,2011-12-09,2022-12-26,12112,4,SO46314,1,3578.27,3578.27,0,2171.2942,3578.27,286.2616,89.4568
311,2011-11-27,2011-12-09,2022-12-27,12142,1,SO46315,1,3578.27,3578.27,0,2171.2942,3578.27,286.2616,89.4568
351,2011-11-27,2011-12-09,2022-12-28,26083,4,SO46316,1,3374.99,3374.99,0,1898.0944,3374.99,269.9992,84.3748
334,2011-11-27,2011-12-09,2022-12-29,14884,4,SO46317,1,699.0982,699.0982,0,413.1463,699.0982,55.9279,17.4775
312,2011-11-27,2011-12-09,2022-12-30,20444,9,SO46318,1,3578.27,3578.27,0,2171.2942,3578.27,286.2616,89.4568
314,2011-11-26,2011-12-08,2022-12-31,12841,7,SO46311,1,3578.27,3578.27,0,2171.2942,3578.27,286.2616,89.4568
311,2011-11-25,2011-12-07,2023-01-01,12164,4,SO46306,1,3578.27,3578.27,0,2171.2942,3578.27,286.2616,89.4568
314,2011-11-25,2011-12-07,2023-01-02,20427,9,SO46307,1,3578.27,3578.27,0,2171.2942,3578.27,286.2616,89.4568
310,2011-11-25,2011-12-07,2023-01-03,20609,9,SO46308,1,3578.27,3578.27,0,2171.2942,3578.27,286.2616,89.4568
350,2011-11-25,2011-12-07,2023-01-04,11994,9,SO46309,1,3374.99,3374.99,0,1898.0944,3374.99,269.9992,84.3748
336,2011-11-25,2011-12-07,2023-01-05,25938,9,SO46310,1,699.0982,699.0982,0,413.1463,699.0982,55.9279,17.4775
313,2011-11-24,2011-12-06,2023-01-06,12817,7,SO46301,1,3578.27,3578.27,0,2171.2942,3578.27,286.2616,89.4568
310,2011-11-24,2011-12-06,2023-01-07,12083,1,SO46302,1,3578.27,3578.27,0,2171.2942,3578.27,286.2616,89.4568
340,2011-11-24,2011-12-06,2023-01-08,25922,9,SO46303,1,699.0982,699.0982,0,413.1463,699.0982,55.9279,17.4775
350,2011-11-24,2011-12-06,2023-01-09,12002,9,SO46304,1,3374.99,3374.99,0,1898.0944,3374.99,269.9992,84.3748
311,2011-11-24,2011-12-06,2023-01-10,14952,8,SO46305,1,3578.27,3578.27,0,2171.2942,3578.27,286.2616,89.4568
330,2011-11-23,2011-12-05,2023-01-11,20567,10,SO46295,1,699.0982,699.0982,0,413.1463,699.0982,55.9279,17.4775
314,2011-11-23,2011-12-05,2023-01-12,12170,4,SO46296,1,3578.27,3578.27,0,2171.2942,3578.27,286.2616,89.4568
313,2011-11-23,2011-12-05,2023-01-13,12033,1,SO46297,1,3578.27,3578.27,0,2171.2942,3578.27,286.2616,89.4568
314,2011-11-23,2011-12-05,2023-01-14,12071,4,SO46298,1,3578.27,3578.27,0,2171.2942,3578.27,286.2616,89.4568
314,2011-11-23,2011-12-05,2023-01-15,20264,9,SO46299,1,3578.27,3578.27,0,2171.2942,3578.27,286.2616,89.4568
314,2011-11-23,2011-12-05,2023-01-16,20452,9,SO46300,1,3578.27,3578.27,0,2171.2942,3578.27,286.2616,89.4568
338,2011-11-22,2011-12-04,2023-01-17,18175,7,SO46286,1,699.0982,699.0982,0,413.1463,699.0982,55.9279,17.4775
312,2011-11-22,2011-12-04,2023-01-18,12026,4,SO46287,1,3578.27,3578.27,0,2171.2942,3578.27,286.2616,89.4568
311,2011-11-22,2011-12-04,2023-01-19,12059,1,SO46288,1,3578.27,3578.27,0,2171.2942,3578.27,286.2616,89.4568
313,2011-11-22,2011-12-04,2023-01-20,12075,1,SO46289,1,3578.27,3578.27,0,2171.2942,3578.27,286.2616,89.4568
351,2011-11-22,2011-12-04,2023-01-21,26066,4,SO46290,1,3374.99,3374.99,0,1898.0944,3374.99,269.9992,84.3748
313,2011-11-22,2011-12-04,2023-01-22,20258,9,SO46291,1,3578.27,3578.27,0,2171.2942,3578.27,286.2616,89.4568
313,2011-11-22,2011-12-04,2023-01-23,20418,9,SO46292,1,3578.27,3578.27,0,2171.2942,3578.27,286.2616,89.4568
311,2011-11-22,2011-12-04,2023-01-24,14951,8,SO46293,1,3578.27,3578.27,0,2171.2942,3578.27,286.2616,89.4568
345,2011-11-22,2011-12-04,2023-01-25,11986,9,SO46294,1,3399.99,3399.99,0,1912.1544,3399.99,271.9992,84.9998
322,2011-11-21,2011-12-03,2023-01-26,19482,8,SO46277,1,699.0982,699.0982,0,413.1463,699.0982,55.9279,17.4775
326,2011-11-21,2011-12-03,2023-01-27,19496,8,SO46278,1,699.0982,699.0982,0,413.1463,699.0982,55.9279,17.4775
312,2011-11-21,2011-12-03,2023-01-28,12155,1,SO46279,1,3578.27,3578.27,0,2171.2942,3578.27,286.2616,89.4568
311,2011-11-21,2011-12-03,2023-01-29,12121,1,SO46280,1,3578.27,3578.27,0,2171.2942,3578.27,286.2616,89.4568
347,2011-11-21,2011-12-03,2023-01-30,26057,4,SO46281,1,3399.99,3399.99,0,1912.1544,3399.99,271.9992,84.9998
345,2011-11-21,2011-12-03,2023-01-31,26058,4,SO46282,1,3399.99,3399.99,0,1912.1544,3399.99,271.9992,84.9998
351,2011-11-21,2011-12-03,2023-02-01,26093,4,SO46283,1,3374.99,3374.99,0,1898.0944,3374.99,269.9992,84.3748
328,2011-11-21,2011-12-03,2023-02-02,14888,1,SO46284,1,699.0982,699.0982,0,413.1463,699.0982,55.9279,17.4775
346,2011-11-21,2011-12-03,2023-02-03,12005,9,SO46285,1,3399.99,3399.99,0,1912.1544,3399.99,271.9992,84.9998
312,2011-11-20,2011-12-02,2023-02-04,24309,6,SO46270,1,3578.27,3578.27,0,2171.2942,3578.27,286.2616,89.4568
313,2011-11-20,2011-12-02,2023-02-05,12172,4,SO46271,1,3578.27,3578.27,0,2171.2942,3578.27,286.2616,89.4568
311,2011-11-20,2011-12-02,2023-02-06,12116,1,SO46272,1,3578.27,3578.27,0,2171.2942,3578.27,286.2616,89.4568
351,2011-11-20,2011-12-02,2023-02-07,26060,4,SO46273,1,3374.99,3374.99,0,1898.0944,3374.99,269.9992,84.3748
350,2011-11-20,2011-12-02,2023-02-08,26070,4,SO46274,1,3374.99,3374.99,0,1898.0944,3374.99,269.9992,84.3748
313,2011-11-20,2011-12-02,2023-02-09,20450,9,SO46275,1,3578.27,3578.27,0,2171.2942,3578.27,286.2616,89.4568
311,2011-11-20,2011-12-02,2023-02-10,20612,9,SO46276,1,3578.27,3578.27,0,2171.2942,3578.27,286.2616,89.4568
350,2011-11-19,2011-12-01,2023-02-11,28491,7,SO46264,1,3374.99,3374.99,0,1898.0944,3374.99,269.9992,84.3748
312,2011-11-19,2011-12-01,2023-02-12,11934,1,SO46265,1,3578.27,3578.27,0,2171.2942,3578.27,286.2616,89.4568
314,2011-11-19,2011-12-01,2023-02-13,20425,9,SO46266,1,3578.27,3578.27,0,2171.2942,3578.27,286.2616,89.4568
314,2011-11-19,2011-12-01,2023-02-14,20448,9,SO46267,1,3578.27,3578.27,0,2171.2942,3578.27,286.2616,89.4568
311,2011-11-19,2011-12-01,2023-02-15,20615,9,SO46268,1,3578.27,3578.27,0,2171.2942,3578.27,286.2616,89.4568
312,2011-11-19,2011-12-01,2023-02-16,15638,10,SO46269,1,3578.27,3578.27,0,2171.2942,3578.27,286.2616,89.4568
313,2011-11-18,2011-11-30,2023-02-17,12160,1,SO46258,1,3578.27,3578.27,0,2171.2942,3578.27,286.2616,89.4568
313,2011-11-18,2011-11-30,2023-02-18,12025,1,SO46259,1,3578.27,3578.27,0,2171.2942,3578.27,286.2616,89.4568
310,2011-11-18,2011-11-30,2023-02-19,12108,1,SO46260,1,3578.27,3578.27,0,2171.2942,3578.27,286.2616,89.4568
348,2011-11-18,2011-11-30,2023-02-20,26075,1,SO46261,1,3374.99,3374.99,0,1898.0944,3374.99,269.9992,84.3748
313,2011-11-18,2011-11-30,2023-02-21,20445,9,SO46262,1,3578.27,3578.27,0,2171.2942,3578.27,286.2616,89.4568
310,2011-11-18,2011-11-30,2023-02-22,12834,7,SO46263,1,3578.27,3578.27,0,2171.2942,3578.27,286.2616,89.4568
313,2011-11-17,2011-11-29,2023-02-23,14939,8,SO46252,1,3578.27,3578.27,0,2171.2942,3578.27,286.2616,89.4568
311,2011-11-17,2011-11-29,2023-02-24,12082,4,SO46253,1,3578.27,3578.27,0,2171.2942,3578.27,286.2616,89.4568
310,2011-11-17,2011-11-29,2023-02-25,12096,4,SO46254,1,3578.27,3578.27,0,2171.2942,3578.27,286.2616,89.4568
312,2011-11-17,2011-11-29,2023-02-26,20451,9,SO46255,1,3578.27,3578.27,0,2171.2942,3578.27,286.2616,89.4568
314,2011-11-17,2011-11-29,2023-02-27,15652,10,SO46256,1,3578.27,3578.27,0,2171.2942,3578.27,286.2616,89.4568
346,2011-11-17,2011-11-29,2023-02-28,11992,9,SO46257,1,3399.99,3399.99,0,1912.1544,3399.99,271.9992,84.9998
314,2011-11-16,2011-11-28,2023-03-01,12143,1,SO46246,1,3578.27,3578.27,0,2171.2942,3578.27,286.2616,89.4568
334,2011-11-16,2011-11-28,2023-03-02,14882,4,SO46247,1,699.0982,699.0982,0,413.1463,699.0982,55.9279,17.4775
324,2011-11-16,2011-11-28,2023-03-03,14896,4,SO46248,1,699.0982,699.0982,0,413.1463,699.0982,55.9279,17.4775
347,2011-11-16,2011-11-28,2023-03-04,12000,9,SO46249,1,3399.99,3399.99,0,1912.1544,3399.99,271.9992,84.9998
313,2011-11-16,2011-11-28,2023-03-05,14940,8,SO46250,1,3578.27,3578.27,0,2171.2942,3578.27,286.2616,89.4568
350,2011-11-16,2011-11-28,2023-03-06,11998,9,SO46251,1,3374.99,3374.99,0,1898.0944,3374.99,269.9992,84.3748
311,2011-11-15,2011-11-27,2023-03-07,14838,8,SO46238,1,3578.27,3578.27,0,2171.2942,3578.27,286.2616,89.4568
312,2011-11-15,2011-11-27,2023-03-08,14927,8,SO46239,1,3578.27,3578.27,0,2171.2942,3578.27,286.2616,89.4568
314,2011-11-15,2011-11-27,2023-03-09,23868,6,SO46240,1,3578.27,3578.27,0,2171.2942,3578.27,286.2616,89.4568
345,2011-11-15,2011-11-27,2023-03-10,20034,6,SO46241,1,3399.99,3399.99,0,1912.1544,3399.99,271.9992,84.9998
314,2011-11-15,2011-11-27,2023-03-11,20423,9,SO46242,1,3578.27,3578.27,0,2171.2942,3578.27,286.2616,89.4568
311,2011-11-15,2011-11-27,2023-03-12,20613,9,SO46243,1,3578.27,3578.27,0,2171.2942,3578.27,286.2616,89.4568
310,2011-11-15,2011-11-27,2023-03-13,13504,7,SO46244,1,3578.27,3578.27,0,2171.2942,3578.27,286.2616,89.4568
314,2011-11-15,2011-11-27,2023-03-14,14967,8,SO46245,1,3578.27,3578.27,0,2171.2942,3578.27,286.2616,89.4568
344,2011-11-14,2011-11-26,2023-03-15,11395,8,SO46229,1,3399.99,3399.99,0,1912.1544,3399.99,271.9992,84.9998
344,2011-11-14,2011-11-26,2023-03-16,11493,10,SO46230,1,3399.99,3399.99,0,1912.1544,3399.99,271.9992,84.9998
310,2011-11-14,2011-11-26,2023-03-17,12016,4,SO46231,1,3578.27,3578.27,0,2171.2942,3578.27,286.2616,89.4568
311,2011-11-14,2011-11-26,2023-03-18,12058,4,SO46232,1,3578.27,3578.27,0,2171.2942,3578.27,286.2616,89.4568
314,2011-11-14,2011-11-26,2023-03-19,23867,6,SO46233,1,3578.27,3578.27,0,2171.2942,3578.27,286.2616,89.4568
312,2011-11-14,2011-11-26,2023-03-20,12110,4,SO46234,1,3578.27,3578.27,0,2171.2942,3578.27,286.2616,89.4568
312,2011-11-14,2011-11-26,2023-03-21,12151,4,SO46235,1,3578.27,3578.27,0,2171.2942,3578.27,286.2616,89.4568
350,2011-11-14,2011-11-26,2023-03-22,12001,9,SO46236,1,3374.99,3374.99,0,1898.0944,3374.99,269.9992,84.3748
312,2011-11-14,2011-11-26,2023-03-23,12843,7,SO46237,1,3578.27,3578.27,0,2171.2942,3578.27,286.2616,89.4568
313,2011-11-13,2011-11-25,2023-03-24,12820,7,SO46218,1,3578.27,3578.27,0,2171.2942,3578.27,286.2616,89.4568
313,2011-11-13,2011-11-25,2023-03-25,24332,6,SO46219,1,3578.27,3578.27,0,2171.2942,3578.27,286.2616,89.4568
313,2011-11-13,2011-11-25,2023-03-26,24344,6,SO46220,1,3578.27,3578.27,0,2171.2942,3578.27,286.2616,89.4568
314,2011-11-13,2011-11-25,2023-03-27,23866,6,SO46221,1,3578.27,3578.27,0,2171.2942,3578.27,286.2616,89.4568
336,2011-11-13,2011-11-25,2023-03-28,14891,4,SO46222,1,699.0982,699.0982,0,413.1463,699.0982,55.9279,17.4775
326,2011-11-13,2011-11-25,2023-03-29,14892,4,SO46223,1,699.0982,699.0982,0,413.1463,699.0982,55.9279,17.4775
328,2011-11-13,2011-11-25,2023-03-30,14902,4,SO46224,1,699.0982,699.0982,0,413.1463,699.0982,55.9279,17.4775
313,2011-11-13,2011-11-25,2023-03-31,20261,9,SO46225,1,3578.27,3578.27,0,2171.2942,3578.27,286.2616,89.4568
313,2011-11-13,2011-11-25,2023-04-01,13263,7,SO46226,1,3578.27,3578.27,0,2171.2942,3578.27,286.2616,89.4568
351,2011-11-13,2011-11-25,2023-04-02,11990,9,SO46227,1,3374.99,3374.99,0,1898.0944,3374.99,269.9992,84.3748
349,2011-11-13,2011-11-25,2023-04-03,11993,9,SO46228,1,3374.99,3374.99,0,1898.0944,3374.99,269.9992,84.3748
328,2011-11-12,2011-11-24,2023-04-04,18163,7,SO46211,1,699.0982,699.0982,0,413.1463,699.0982,55.9279,17.4775
312,2011-11-12,2011-11-24,2023-04-05,12173,4,SO46212,1,3578.27,3578.27,0,2171.2942,3578.27,286.2616,89.4568
314,2011-11-12,2011-11-24,2023-04-06,12050,4,SO46213,1,3578.27,3578.27,0,2171.2942,3578.27,286.2616,89.4568
311,2011-11-12,2011-11-24,2023-04-07,12072,4,SO46214,1,3578.27,3578.27,0,2171.2942,3578.27,286.2616,89.4568
310,2011-11-12,2011-11-24,2023-04-08,20429,9,SO46215,1,3578.27,3578.27,0,2171.2942,3578.27,286.2616,89.4568
314,2011-11-12,2011-11-24,2023-04-09,20456,9,SO46216,1,3578.27,3578.27,0,2171.2942,3578.27,286.2616,89.4568
314,2011-11-12,2011-11-24,2023-04-10,20614,9,SO46217,1,3578.27,3578.27,0,2171.2942,3578.27,286.2616,89.4568
313,2011-11-11,2011-11-23,2023-04-11,12162,4,SO46205,1,3578.27,3578.27,0,2171.2942,3578.27,286.2616,89.4568
348,2011-11-11,2011-11-23,2023-04-12,20023,6,SO46206,1,3374.99,3374.99,0,1898.0944,3374.99,269.9992,84.3748
348,2011-11-11,2011-11-23,2023-04-13,26091,4,SO46207,1,3374.99,3374.99,0,1898.0944,3374.99,269.9992,84.3748
311,2011-11-11,2011-11-23,2023-04-14,20284,9,SO46208,1,3578.27,3578.27,0,2171.2942,3578.27,286.2616,89.4568
312,2011-11-11,2011-11-23,2023-04-15,12849,7,SO46209,1,3578.27,3578.27,0,2171.2942,3578.27,286.2616,89.4568
313,2011-11-11,2011-11-23,2023-04-16,12866,7,SO46210,1,3578.27,3578.27,0,2171.2942,3578.27,286.2616,89.4568
314,2011-11-10,2011-11-22,2023-04-17,12830,7,SO46192,1,3578.27,3578.27,0,2171.2942,3578.27,286.2616,89.4568
342,2011-11-10,2011-11-22,2023-04-18,18634,7,SO46193,1,699.0982,699.0982,0,413.1463,699.0982,55.9279,17.4775
313,2011-11-10,2011-11-22,2023-04-19,11939,4,SO46194,1,3578.27,3578.27,0,2171.2942,3578.27,286.2616,89.4568
314,2011-11-10,2011-11-22,2023-04-20,12027,1,SO46195,1,3578.27,3578.27,0,2171.2942,3578.27,286.2616,89.4568
310,2011-11-10,2011-11-22,2023-04-21,12109,1,SO46196,1,3578.27,3578.27,0,2171.2942,3578.27,286.2616,89.4568
347,2011-11-10,2011-11-22,2023-04-22,26061,4,SO46197,1,3399.99,3399.99,0,1912.1544,3399.99,271.9992,84.9998
344,2011-11-10,2011-11-22,2023-04-23,26089,4,SO46198,1,3399.99,3399.99,0,1912.1544,3399.99,271.9992,84.9998
314,2011-11-10,2011-11-22,2023-04-24,20256,9,SO46199,1,3578.27,3578.27,0,2171.2942,3578.27,286.2616,89.4568
310,2011-11-10,2011-11-22,2023-04-25,20260,9,SO46200,1,3578.27,3578.27,0,2171.2942,3578.27,286.2616,89.4568
314,2011-11-10,2011-11-22,2023-04-26,20610,9,SO46201,1,3578.27,3578.27,0,2171.2942,3578.27,286.2616,89.4568
320,2011-11-10,2011-11-22,2023-04-27,25935,9,SO46202,1,699.0982,699.0982,0,413.1463,699.0982,55.9279,17.4775
346,2011-11-10,2011-11-22,2023-04-28,11999,9,SO46203,1,3399.99,3399.99,0,1912.1544,3399.99,271.9992,84.9998
348,2011-11-10,2011-11-22,2023-04-29,11988,9,SO46204,1,3374.99,3374.99,0,1898.0944,3374.99,269.9992,84.3748
351,2011-11-09,2011-11-21,2023-04-30,28492,7,SO46183,1,3374.99,3374.99,0,1898.0944,3374.99,269.9992,84.3748
311,2011-11-09,2011-11-21,2023-05-01,14834,8,SO46184,1,3578.27,3578.27,0,2171.2942,3578.27,286.2616,89.4568
314,2011-11-09,2011-11-21,2023-05-02,15632,10,SO46185,1,3578.27,3578.27,0,2171.2942,3578.27,286.2616,89.4568
310,2011-11-09,2011-11-21,2023-05-03,12041,1,SO46186,1,3578.27,3578.27,0,2171.2942,3578.27,286.2616,89.4568
313,2011-11-09,2011-11-21,2023-05-04,24235,6,SO46187,1,3578.27,3578.27,0,2171.2942,3578.27,286.2616,89.4568
310,2011-11-09,2011-11-21,2023-05-05,20430,9,SO46188,1,3578.27,3578.27,0,2171.2942,3578.27,286.2616,89.4568
312,2011-11-09,2011-11-21,2023-05-06,20606,9,SO46189,1,3578.27,3578.27,0,2171.2942,3578.27,286.2616,89.4568
312,2011-11-09,2011-11-21,2023-05-07,15653,10,SO46190,1,3578.27,3578.27,0,2171.2942,3578.27,286.2616,89.4568
310,2011-11-09,2011-11-21,2023-05-08,14956,8,SO46191,1,3578.27,3578.27,0,2171.2942,3578.27,286.2616,89.4568
313,2011-11-08,2011-11-20,2023-05-09,11983,4,SO46179,1,3578.27,3578.27,0,2171.2942,3578.27,286.2616,89.4568
310,2011-11-08,2011-11-20,2023-05-10,12084,1,SO46180,1,3578.27,3578.27,0,2171.2942,3578.27,286.2616,89.4568
348,2011-11-08,2011-11-20,2023-05-11,12004,9,SO46181,1,3374.99,3374.99,0,1898.0944,3374.99,269.9992,84.3748
346,2011-11-08,2011-11-20,2023-05-12,11995,9,SO46182,1,3399.99,3399.99,0,1912.1544,3399.99,271.9992,84.9998
349,2011-11-07,2011-11-19,2023-05-13,11491,10,SO46176,1,3374.99,3374.99,0,1898.0944,3374.99,269.9992,84.3748
312,2011-11-07,2011-11-19,2023-05-14,12102,4,SO46177,1,3578.27,3578.27,0,2171.2942,3578.27,286.2616,89.4568
334,2011-11-07,2011-11-19,2023-05-15,25937,9,SO46178,1,699.0982,699.0982,0,413.1463,699.0982,55.9279,17.4775
312,2011-11-06,2011-11-18,2023-05-16,12156,4,SO46170,1,3578.27,3578.27,0,2171.2942,3578.27,286.2616,89.4568
310,2011-11-06,2011-11-18,2023-05-17,24342,6,SO46171,1,3578.27,3578.27,0,2171.2942,3578.27,286.2616,89.4568
310,2011-11-06,2011-11-18,2023-05-18,12030,1,SO46172,1,3578.27,3578.27,0,2171.2942,3578.27,286.2616,89.4568
311,2011-11-06,2011-11-18,2023-05-19,20283,9,SO46173,1,3578.27,3578.27,0,2171.2942,3578.27,286.2616,89.4568
311,2011-11-06,2011-11-18,2023-05-20,20608,9,SO46174,1,3578.27,3578.27,0,2171.2942,3578.27,286.2616,89.4568
349,2011-11-06,2011-11-18,2023-05-21,12003,9,SO46175,1,3374.99,3374.99,0,1898.0944,3374.99,269.9992,84.3748
351,2011-11-05,2011-11-17,2023-05-22,11412,8,SO46160,1,3374.99,3374.99,0,1898.0944,3374.99,269.9992,84.3748
311,2011-11-05,2011-11-17,2023-05-23,12819,7,SO46161,1,3578.27,3578.27,0,2171.2942,3578.27,286.2616,89.4568
313,2011-11-05,2011-11-17,2023-05-24,12163,4,SO46162,1,3578.27,3578.27,0,2171.2942,3578.27,286.2616,89.4568
312,2011-11-05,2011-11-17,2023-05-25,12042,1,SO46163,1,3578.27,3578.27,0,2171.2942,3578.27,286.2616,89.4568
312,2011-11-05,2011-11-17,2023-05-26,12079,4,SO46164,1,3578.27,3578.27,0,2171.2942,3578.27,286.2616,89.4568
310,2011-11-05,2011-11-17,2023-05-27,12141,1,SO46165,1,3578.27,3578.27,0,2171.2942,3578.27,286.2616,89.4568
313,2011-11-05,2011-11-17,2023-05-28,15657,10,SO46166,1,3578.27,3578.27,0,2171.2942,3578.27,286.2616,89.4568
347,2011-11-05,2011-11-17,2023-05-29,11997,9,SO46167,1,3399.99,3399.99,0,1912.1544,3399.99,271.9992,84.9998
334,2011-11-05,2011-11-17,2023-05-30,25936,9,SO46168,1,699.0982,699.0982,0,413.1463,699.0982,55.9279,17.4775
313,2011-11-05,2011-11-17,2023-05-31,12094,4,SO46169,1,3578.27,3578.27,0,2171.2942,3578.27,286.2616,89.4568
310,2011-11-04,2011-11-16,2023-06-01,12076,4,SO46155,1,3578.27,3578.27,0,2171.2942,3578.27,286.2616,89.4568
314,2011-11-04,2011-11-16,2023-06-02,12118,4,SO46156,1,3578.27,3578.27,0,2171.2942,3578.27,286.2616,89.4568
345,2011-11-04,2011-11-16,2023-06-03,26056,4,SO46157,1,3399.99,3399.99,0,1912.1544,3399.99,271.9992,84.9998
320,2011-11-04,2011-11-16,2023-06-04,25926,9,SO46158,1,699.0982,699.0982,0,413.1463,699.0982,55.9279,17.4775
351,2011-11-04,2011-11-16,2023-06-05,11996,9,SO46159,1,3374.99,3374.99,0,1898.0944,3374.99,269.9992,84.3748
345,2011-11-03,2011-11-15,2023-06-06,11421,8,SO46146,1,3399.99,3399.99,0,1912.1544,3399.99,271.9992,84.9998
320,2011-11-03,2011-11-15,2023-06-07,19476,8,SO46147,1,699.0982,699.0982,0,413.1463,699.0982,55.9279,17.4775
310,2011-11-03,2011-11-15,2023-06-08,12052,4,SO46148,1,3578.27,3578.27,0,2171.2942,3578.27,286.2616,89.4568
311,2011-11-03,2011-11-15,2023-06-09,12120,1,SO46149,1,3578.27,3578.27,0,2171.2942,3578.27,286.2616,89.4568
336,2011-11-03,2011-11-15,2023-06-10,20569,10,SO46150,1,699.0982,699.0982,0,413.1463,699.0982,55.9279,17.4775
351,2011-11-03,2011-11-15,2023-06-11,26082,4,SO46151,1,3374.99,3374.99,0,1898.0944,3374.99,269.9992,84.3748
314,2011-11-03,2011-11-15,2023-06-12,20424,9,SO46152,1,3578.27,3578.27,0,2171.2942,3578.27,286.2616,89.4568
324,2011-11-03,2011-11-15,2023-06-13,25928,9,SO46153,1,699.0982,699.0982,0,413.1463,699.0982,55.9279,17.4775
349,2011-11-03,2011-11-15,2023-06-14,11989,9,SO46154,1,3374.99,3374.99,0,1898.0944,3374.99,269.9992,84.3748
320,2011-11-02,2011-11-14,2023-06-15,19501,8,SO46141,1,699.0982,699.0982,0,413.1463,699.0982,55.9279,17.4775
311,2011-11-02,2011-11-14,2023-06-16,24310,6,SO46142,1,3578.27,3578.27,0,2171.2942,3578.27,286.2616,89.4568
347,2011-11-02,2011-11-14,2023-06-17,26090,4,SO46143,1,3399.99,3399.99,0,1912.1544,3399.99,271.9992,84.9998
350,2011-11-02,2011-11-14,2023-06-18,26094,4,SO46144,1,3374.99,3374.99,0,1898.0944,3374.99,269.9992,84.3748
340,2011-11-02,2011-11-14,2023-06-19,14881,1,SO46145,1,699.0982,699.0982,0,413.1463,699.0982,55.9279,17.4775
311,2011-11-01,2011-11-13,2023-06-20,12171,4,SO46130,1,3578.27,3578.27,0,2171.2942,3578.27,286.2616,89.4568
312,2011-11-01,2011-11-13,2023-06-21,11954,4,SO46131,1,3578.27,3578.27,0,2171.2942,3578.27,286.2616,89.4568
314,2011-11-01,2011-11-13,2023-06-22,23865,6,SO46132,1,3578.27,3578.27,0,2171.2942,3578.27,286.2616,89.4568
312,2011-11-01,2011-11-13,2023-06-23,12105,4,SO46133,1,3578.27,3578.27,0,2171.2942,3578.27,286.2616,89.4568
312,2011-11-01,2011-11-13,2023-06-24,20259,9,SO46134,1,3578.27,3578.27,0,2171.2942,3578.27,286.2616,89.4568
313,2011-11-01,2011-11-13,2023-06-25,20416,9,SO46135,1,3578.27,3578.27,0,2171.2942,3578.27,286.2616,89.4568
312,2011-11-01,2011-11-13,2023-06-26,20426,9,SO46136,1,3578.27,3578.27,0,2171.2942,3578.27,286.2616,89.4568
313,2011-11-01,2011-11-13,2023-06-27,20600,9,SO46137,1,3578.27,3578.27,0,2171.2942,3578.27,286.2616,89.4568
311,2011-11-01,2011-11-13,2023-06-28,13405,7,SO46138,1,3578.27,3578.27,0,2171.2942,3578.27,286.2616,89.4568
347,2011-11-01,2011-11-13,2023-06-29,11977,9,SO46139,1,3399.99,3399.99,0,1912.1544,3399.99,271.9992,84.9998
350,2011-11-01,2011-11-13,2023-06-30,11991,9,SO46140,1,3374.99,3374.99,0,1898.0944,3374.99,269.9992,84.3748
310,2011-10-31,2011-11-12,2023-07-01,11956,4,SO46125,1,3578.27,3578.27,0,2171.2942,3578.27,286.2616,89.4568
334,2011-10-31,2011-11-12,2023-07-02,14883,4,SO46126,1,699.0982,699.0982,0,413.1463,699.0982,55.9279,17.4775
334,2011-10-31,2011-11-12,2023-07-03,14895,4,SO46127,1,699.0982,699.0982,0,413.1463,699.0982,55.9279,17.4775
314,2011-10-31,2011-11-12,2023-07-04,14945,8,SO46128,1,3578.27,3578.27,0,2171.2942,3578.27,286.2616,89.4568
313,2011-10-31,2011-11-12,2023-07-05,20420,9,SO46129,1,3578.27,3578.27,0,2171.2942,3578.27,286.2616,89.4568
313,2011-10-30,2011-11-11,2023-07-06,12023,4,SO46120,1,3578.27,3578.27,0,2171.2942,3578.27,286.2616,89.4568
312,2011-10-30,2011-11-11,2023-07-07,12069,4,SO46121,1,3578.27,3578.27,0,2171.2942,3578.27,286.2616,89.4568
313,2011-10-30,2011-11-11,2023-07-08,24284,6,SO46122,1,3578.27,3578.27,0,2171.2942,3578.27,286.2616,89.4568
312,2011-10-30,2011-11-11,2023-07-09,12152,4,SO46123,1,3578.27,3578.27,0,2171.2942,3578.27,286.2616,89.4568
311,2011-10-30,2011-11-11,2023-07-10,20447,9,SO46124,1,3578.27,3578.27,0,2171.2942,3578.27,286.2616,89.4568
310,2011-10-29,2011-11-10,2023-07-11,12018,4,SO46108,1,3578.27,3578.27,0,2171.2942,3578.27,286.2616,89.4568
312,2011-10-29,2011-11-10,2023-07-12,12167,1,SO46109,1,3578.27,3578.27,0,2171.2942,3578.27,286.2616,89.4568
311,2011-10-29,2011-11-10,2023-07-13,12169,4,SO46110,1,3578.27,3578.27,0,2171.2942,3578.27,286.2616,89.4568
311,2011-10-29,2011-11-10,2023-07-14,11937,1,SO46111,1,3578.27,3578.27,0,2171.2942,3578.27,286.2616,89.4568
312,2011-10-29,2011-11-10,2023-07-15,11945,4,SO46112,1,3578.27,3578.27,0,2171.2942,3578.27,286.2616,89.4568
310,2011-10-29,2011-11-10,2023-07-16,11955,4,SO46113,1,3578.27,3578.27,0,2171.2942,3578.27,286.2616,89.4568
313,2011-10-29,2011-11-10,2023-07-17,12053,4,SO46114,1,3578.27,3578.27,0,2171.2942,3578.27,286.2616,89.4568
312,2011-10-29,2011-11-10,2023-07-18,12104,4,SO46115,1,3578.27,3578.27,0,2171.2942,3578.27,286.2616,89.4568
332,2011-10-29,2011-11-10,2023-07-19,14912,4,SO46116,1,699.0982,699.0982,0,413.1463,699.0982,55.9279,17.4775
310,2011-10-29,2011-11-10,2023-07-20,20446,9,SO46117,1,3578.27,3578.27,0,2171.2942,3578.27,286.2616,89.4568
314,2011-10-29,2011-11-10,2023-07-21,20611,9,SO46118,1,3578.27,3578.27,0,2171.2942,3578.27,286.2616,89.4568
326,2011-10-29,2011-11-10,2023-07-22,25927,9,SO46119,1,699.0982,699.0982,0,413.1463,699.0982,55.9279,17.4775
348,2011-10-28,2011-11-09,2023-07-23,11488,10,SO46010,1,3374.99,3374.99,0,1898.0944,3374.99,269.9992,84.3748
351,2011-10-28,2011-11-09,2023-07-24,11489,10,SO46011,1,3374.99,3374.99,0,1898.0944,3374.99,269.9992,84.3748
330,2011-10-28,2011-11-09,2023-07-25,19453,8,SO46012,1,699.0982,699.0982,0,413.1463,699.0982,55.9279,17.4775
311,2011-10-28,2011-11-09,2023-07-26,11705,4,SO46013,1,3578.27,3578.27,0,2171.2942,3578.27,286.2616,89.4568
313,2011-10-28,2011-11-09,2023-07-27,23396,6,SO46014,1,3578.27,3578.27,0,2171.2942,3578.27,286.2616,89.4568
313,2011-10-28,2011-11-09,2023-07-28,23511,6,SO46015,1,3578.27,3578.27,0,2171.2942,3578.27,286.2616,89.4568
312,2011-10-28,2011-11-09,2023-07-29,11885,4,SO46016,1,3578.27,3578.27,0,2171.2942,3578.27,286.2616,89.4568
314,2011-10-28,2011-11-09,2023-07-30,11886,4,SO46017,1,3578.27,3578.27,0,2171.2942,3578.27,286.2616,89.4568
312,2011-10-28,2011-11-09,2023-07-31,11663,1,SO46018,1,3578.27,3578.27,0,2171.2942,3578.27,286.2616,89.4568
340,2011-10-28,2011-11-09,2023-08-01,14752,4,SO46019,1,699.0982,699.0982,0,413.1463,699.0982,55.9279,17.4775
313,2011-10-28,2011-11-09,2023-08-02,20228,9,SO46020,1,3578.27,3578.27,0,2171.2942,3578.27,286.2616,89.4568
314,2011-10-28,2011-11-09,2023-08-03,19971,9,SO46021,1,3578.27,3578.27,0,2171.2942,3578.27,286.2616,89.4568
346,2011-10-28,2011-11-09,2023-08-04,11968,9,SO46022,1,3399.99,3399.99,0,1912.1544,3399.99,271.9992,84.9998
311,2011-10-27,2011-11-08,2023-08-05,23583,6,SO45999,1,3578.27,3578.27,0,2171.2942,3578.27,286.2616,89.4568
310,2011-10-27,2011-11-08,2023-08-06,11778,1,SO46000,1,3578.27,3578.27,0,2171.2942,3578.27,286.2616,89.4568
310,2011-10-27,2011-11-08,2023-08-07,23806,6,SO46001,1,3578.27,3578.27,0,2171.2942,3578.27,286.2616,89.4568
310,2011-10-27,2011-11-08,2023-08-08,11826,4,SO46002,1,3578.27,3578.27,0,2171.2942,3578.27,286.2616,89.4568
312,2011-10-27,2011-11-08,2023-08-09,11831,4,SO46003,1,3578.27,3578.27,0,2171.2942,3578.27,286.2616,89.4568
311,2011-10-27,2011-11-08,2023-08-10,11664,4,SO46004,1,3578.27,3578.27,0,2171.2942,3578.27,286.2616,89.4568
312,2011-10-27,2011-11-08,2023-08-11,12749,7,SO46005,1,3578.27,3578.27,0,2171.2942,3578.27,286.2616,89.4568
313,2011-10-27,2011-11-08,2023-08-12,20236,9,SO46006,1,3578.27,3578.27,0,2171.2942,3578.27,286.2616,89.4568
312,2011-10-27,2011-11-08,2023-08-13,20220,9,SO46007,1,3578.27,3578.27,0,2171.2942,3578.27,286.2616,89.4568
348,2011-10-27,2011-11-08,2023-08-14,11912,9,SO46008,1,3374.99,3374.99,0,1898.0944,3374.99,269.9992,84.3748
344,2011-10-27,2011-11-08,2023-08-15,11917,9,SO46009,1,3399.99,3399.99,0,1912.1544,3399.99,271.9992,84.9998
334,2011-10-26,2011-11-07,2023-08-16,19451,8,SO45992,1,699.0982,699.0982,0,413.1463,699.0982,55.9279,17.4775
313,2011-10-26,2011-11-07,2023-08-17,11924,4,SO45993,1,3578.27,3578.27,0,2171.2942,3578.27,286.2616,89.4568
311,2011-10-26,2011-11-07,2023-08-18,11774,4,SO45994,1,3578.27,3578.27,0,2171.2942,3578.27,286.2616,89.4568
310,2011-10-26,2011-11-07,2023-08-19,23846,6,SO45995,1,3578.27,3578.27,0,2171.2942,3578.27,286.2616,89.4568
312,2011-10-26,2011-11-07,2023-08-20,11839,4,SO45996,1,3578.27,3578.27,0,2171.2942,3578.27,286.2616,89.4568
324,2011-10-26,2011-11-07,2023-08-21,14756,4,SO45997,1,699.0982,699.0982,0,413.1463,699.0982,55.9279,17.4775
342,2011-10-26,2011-11-07,2023-08-22,25918,9,SO45998,1,699.0982,699.0982,0,413.1463,699.0982,55.9279,17.4775
314,2011-10-25,2011-11-06,2023-08-23,14830,8,SO45983,1,3578.27,3578.27,0,2171.2942,3578.27,286.2616,89.4568
313,2011-10-25,2011-11-06,2023-08-24,11690,1,SO45984,1,3578.27,3578.27,0,2171.2942,3578.27,286.2616,89.4568
314,2011-10-25,2011-11-06,2023-08-25,11708,4,SO45985,1,3578.27,3578.27,0,2171.2942,3578.27,286.2616,89.4568
314,2011-10-25,2011-11-06,2023-08-26,11743,4,SO45986,1,3578.27,3578.27,0,2171.2942,3578.27,286.2616,89.4568
310,2011-10-25,2011-11-06,2023-08-27,11854,4,SO45987,1,3578.27,3578.27,0,2171.2942,3578.27,286.2616,89.4568
314,2011-10-25,2011-11-06,2023-08-28,11675,1,SO45988,1,3578.27,3578.27,0,2171.2942,3578.27,286.2616,89.4568
311,2011-10-25,2011-11-06,2023-08-29,12631,7,SO45989,1,3578.27,3578.27,0,2171.2942,3578.27,286.2616,89.4568
314,2011-10-25,2011-11-06,2023-08-30,12711,7,SO45990,1,3578.27,3578.27,0,2171.2942,3578.27,286.2616,89.4568
351,2011-10-25,2011-11-06,2023-08-31,11976,9,SO45991,1,3374.99,3374.99,0,1898.0944,3374.99,269.9992,84.3748
311,2011-10-24,2011-11-05,2023-09-01,15630,10,SO45979,1,3578.27,3578.27,0,2171.2942,3578.27,286.2616,89.4568
312,2011-10-24,2011-11-05,2023-09-02,15631,10,SO45980,1,3578.27,3578.27,0,2171.2942,3578.27,286.2616,89.4568
310,2011-10-24,2011-11-05,2023-09-03,12805,7,SO45981,1,3578.27,3578.27,0,2171.2942,3578.27,286.2616,89.4568
310,2011-10-24,2011-11-05,2023-09-04,19977,9,SO45982,1,3578.27,3578.27,0,2171.2942,3578.27,286.2616,89.4568
345,2011-10-23,2011-11-04,2023-09-05,11335,8,SO45971,1,3399.99,3399.99,0,1912.1544,3399.99,271.9992,84.9998
324,2011-10-23,2011-11-04,2023-09-06,19472,8,SO45972,1,699.0982,699.0982,0,413.1463,699.0982,55.9279,17.4775
313,2011-10-23,2011-11-04,2023-09-07,11773,4,SO45973,1,3578.27,3578.27,0,2171.2942,3578.27,286.2616,89.4568
347,2011-10-23,2011-11-04,2023-09-08,26018,1,SO45974,1,3399.99,3399.99,0,1912.1544,3399.99,271.9992,84.9998
324,2011-10-23,2011-11-04,2023-09-09,14755,4,SO45975,1,699.0982,699.0982,0,413.1463,699.0982,55.9279,17.4775
314,2011-10-23,2011-11-04,2023-09-10,20239,9,SO45976,1,3578.27,3578.27,0,2171.2942,3578.27,286.2616,89.4568
313,2011-10-23,2011-11-04,2023-09-11,20216,9,SO45977,1,3578.27,3578.27,0,2171.2942,3578.27,286.2616,89.4568
350,2011-10-23,2011-11-04,2023-09-12,11967,9,SO45978,1,3374.99,3374.99,0,1898.0944,3374.99,269.9992,84.3748
326,2011-10-22,2011-11-03,2023-09-13,19454,8,SO45967,1,699.0982,699.0982,0,413.1463,699.0982,55.9279,17.4775
311,2011-10-22,2011-11-03,2023-09-14,11834,4,SO45968,1,3578.27,3578.27,0,2171.2942,3578.27,286.2616,89.4568
310,2011-10-22,2011-11-03,2023-09-15,20156,9,SO45969,1,3578.27,3578.27,0,2171.2942,3578.27,286.2616,89.4568
348,2011-10-22,2011-11-03,2023-09-16,11963,9,SO45970,1,3374.99,3374.99,0,1898.0944,3374.99,269.9992,84.3748
312,2011-10-21,2011-11-02,2023-09-17,11809,4,SO45957,1,3578.27,3578.27,0,2171.2942,3578.27,286.2616,89.4568
311,2011-10-21,2011-11-02,2023-09-18,11818,4,SO45958,1,3578.27,3578.27,0,2171.2942,3578.27,286.2616,89.4568
311,2011-10-21,2011-11-02,2023-09-19,11872,4,SO45959,1,3578.27,3578.27,0,2171.2942,3578.27,286.2616,89.4568
314,2011-10-21,2011-11-02,2023-09-20,11671,4,SO45960,1,3578.27,3578.27,0,2171.2942,3578.27,286.2616,89.4568
312,2011-10-21,2011-11-02,2023-09-21,12717,7,SO45961,1,3578.27,3578.27,0,2171.2942,3578.27,286.2616,89.4568
310,2011-10-21,2011-11-02,2023-09-22,20227,9,SO45962,1,3578.27,3578.27,0,2171.2942,3578.27,286.2616,89.4568
310,2011-10-21,2011-11-02,2023-09-23,20238,9,SO45963,1,3578.27,3578.27,0,2171.2942,3578.27,286.2616,89.4568
310,2011-10-21,2011-11-02,2023-09-24,20215,9,SO45964,1,3578.27,3578.27,0,2171.2942,3578.27,286.2616,89.4568
320,2011-10-21,2011-11-02,2023-09-25,25921,9,SO45965,1,699.0982,699.0982,0,413.1463,699.0982,55.9279,17.4775
345,2011-10-21,2011-11-02,2023-09-26,11946,9,SO45966,1,3399.99,3399.99,0,1912.1544,3399.99,271.9992,84.9998
314,2011-10-20,2011-11-01,2023-09-27,23859,6,SO45953,1,3578.27,3578.27,0,2171.2942,3578.27,286.2616,89.4568
314,2011-10-20,2011-11-01,2023-09-28,11810,1,SO45954,1,3578.27,3578.27,0,2171.2942,3578.27,286.2616,89.4568
344,2011-10-20,2011-11-01,2023-09-29,26055,1,SO45955,1,3399.99,3399.99,0,1912.1544,3399.99,271.9992,84.9998
312,2011-10-20,2011-11-01,2023-09-30,19979,9,SO45956,1,3578.27,3578.27,0,2171.2942,3578.27,286.2616,89.4568
342,2011-10-19,2011-10-31,2023-10-01,14879,4,SO45948,1,699.0982,699.0982,0,413.1463,699.0982,55.9279,17.4775
310,2011-10-19,2011-10-31,2023-10-02,19970,9,SO45949,1,3578.27,3578.27,0,2171.2942,3578.27,286.2616,89.4568
312,2011-10-19,2011-10-31,2023-10-03,19974,9,SO45950,1,3578.27,3578.27,0,2171.2942,3578.27,286.2616,89.4568
348,2011-10-19,2011-10-31,2023-10-04,11944,9,SO45951,1,3374.99,3374.99,0,1898.0944,3374.99,269.9992,84.3748
347,2011-10-19,2011-10-31,2023-10-05,11969,9,SO45952,1,3399.99,3399.99,0,1912.1544,3399.99,271.9992,84.9998
312,2011-10-18,2011-10-30,2023-10-06,14824,8,SO45937,1,3578.27,3578.27,0,2171.2942,3578.27,286.2616,89.4568
311,2011-10-18,2011-10-30,2023-10-07,11654,4,SO45938,1,3578.27,3578.27,0,2171.2942,3578.27,286.2616,89.4568
334,2011-10-18,2011-10-30,2023-10-08,14757,4,SO45939,1,699.0982,699.0982,0,413.1463,699.0982,55.9279,17.4775
313,2011-10-18,2011-10-30,2023-10-09,20244,9,SO45940,1,3578.27,3578.27,0,2171.2942,3578.27,286.2616,89.4568
310,2011-10-18,2011-10-30,2023-10-10,19978,9,SO45941,1,3578.27,3578.27,0,2171.2942,3578.27,286.2616,89.4568
312,2011-10-18,2011-10-30,2023-10-11,20219,9,SO45942,1,3578.27,3578.27,0,2171.2942,3578.27,286.2616,89.4568
310,2011-10-18,2011-10-30,2023-10-12,20221,9,SO45943,1,3578.27,3578.27,0,2171.2942,3578.27,286.2616,89.4568
312,2011-10-18,2011-10-30,2023-10-13,20225,9,SO45944,1,3578.27,3578.27,0,2171.2942,3578.27,286.2616,89.4568
324,2011-10-18,2011-10-30,2023-10-14,25920,9,SO45945,1,699.0982,699.0982,0,413.1463,699.0982,55.9279,17.4775
350,2011-10-18,2011-10-30,2023-10-15,11914,9,SO45946,1,3374.99,3374.99,0,1898.0944,3374.99,269.9992,84.3748
351,2011-10-18,2011-10-30,2023-10-16,11943,9,SO45947,1,3374.99,3374.99,0,1898.0944,3374.99,269.9992,84.3748
313,2011-10-17,2011-10-29,2023-10-17,11779,1,SO45933,1,3578.27,3578.27,0,2171.2942,3578.27,286.2616,89.4568
313,2011-10-17,2011-10-29,2023-10-18,11666,4,SO45934,1,3578.27,3578.27,0,2171.2942,3578.27,286.2616,89.4568
326,2011-10-17,2011-10-29,2023-10-19,19439,8,SO45935,1,699.0982,699.0982,0,413.1463,699.0982,55.9279,17.4775
349,2011-10-17,2011-10-29,2023-10-20,26016,4,SO45936,1,3374.99,3374.99,0,1898.0944,3374.99,269.9992,84.3748
311,2011-10-16,2011-10-28,2023-10-21,23486,6,SO45926,1,3578.27,3578.27,0,2171.2942,3578.27,286.2616,89.4568
312,2011-10-16,2011-10-28,2023-10-22,11796,4,SO45927,1,3578.27,3578.27,0,2171.2942,3578.27,286.2616,89.4568
313,2011-10-16,2011-10-28,2023-10-23,11813,1,SO45928,1,3578.27,3578.27,0,2171.2942,3578.27,286.2616,89.4568
310,2011-10-16,2011-10-28,2023-10-24,11825,4,SO45929,1,3578.27,3578.27,0,2171.2942,3578.27,286.2616,89.4568
328,2011-10-16,2011-10-28,2023-10-25,18148,7,SO45930,1,699.0982,699.0982,0,413.1463,699.0982,55.9279,17.4775
310,2011-10-16,2011-10-28,2023-10-26,20249,9,SO45931,1,3578.27,3578.27,0,2171.2942,3578.27,286.2616,89.4568
310,2011-10-16,2011-10-28,2023-10-27,20211,9,SO45932,1,3578.27,3578.27,0,2171.2942,3578.27,286.2616,89.4568
346,2011-10-15,2011-10-27,2023-10-28,11332,8,SO45917,1,3399.99,3399.99,0,1912.1544,3399.99,271.9992,84.9998
313,2011-10-15,2011-10-27,2023-10-29,11741,4,SO45918,1,3578.27,3578.27,0,2171.2942,3578.27,286.2616,89.4568
312,2011-10-15,2011-10-27,2023-10-30,11780,1,SO45919,1,3578.27,3578.27,0,2171.2942,3578.27,286.2616,89.4568
311,2011-10-15,2011-10-27,2023-10-31,23730,6,SO45920,1,3578.27,3578.27,0,2171.2942,3578.27,286.2616,89.4568
312,2011-10-15,2011-10-27,2023-11-01,11798,1,SO45921,1,3578.27,3578.27,0,2171.2942,3578.27,286.2616,89.4568
314,2011-10-15,2011-10-27,2023-11-02,23731,6,SO45922,1,3578.27,3578.27,0,2171.2942,3578.27,286.2616,89.4568
313,2011-10-15,2011-10-27,2023-11-03,11811,4,SO45923,1,3578.27,3578.27,0,2171.2942,3578.27,286.2616,89.4568
310,2011-10-15,2011-10-27,2023-11-04,14803,8,SO45924,1,3578.27,3578.27,0,2171.2942,3578.27,286.2616,89.4568
347,2011-10-15,2011-10-27,2023-11-05,11942,9,SO45925,1,3399.99,3399.99,0,1912.1544,3399.99,271.9992,84.9998
311,2011-10-14,2011-10-26,2023-11-06,11777,4,SO45910,1,3578.27,3578.27,0,2171.2942,3578.27,286.2616,89.4568
314,2011-10-14,2011-10-26,2023-11-07,11797,4,SO45911,1,3578.27,3578.27,0,2171.2942,3578.27,286.2616,89.4568
312,2011-10-14,2011-10-26,2023-11-08,23819,6,SO45912,1,3578.27,3578.27,0,2171.2942,3578.27,286.2616,89.4568
344,2011-10-14,2011-10-26,2023-11-09,26014,4,SO45913,1,3399.99,3399.99,0,1912.1544,3399.99,271.9992,84.9998
349,2011-10-14,2011-10-26,2023-11-10,11929,9,SO45914,1,3374.99,3374.99,0,1898.0944,3374.99,269.9992,84.3748
347,2011-10-14,2011-10-26,2023-11-11,11930,9,SO45915,1,3399.99,3399.99,0,1912.1544,3399.99,271.9992,84.9998
346,2011-10-14,2011-10-26,2023-11-12,11964,9,SO45916,1,3399.99,3399.99,0,1912.1544,3399.99,271.9992,84.9998
313,2011-10-13,2011-10-25,2023-11-13,11933,1,SO45897,1,3578.27,3578.27,0,2171.2942,3578.27,286.2616,89.4568
310,2011-10-13,2011-10-25,2023-11-14,23830,6,SO45898,1,3578.27,3578.27,0,2171.2942,3578.27,286.2616,89.4568
310,2011-10-13,2011-10-25,2023-11-15,11817,4,SO45899,1,3578.27,3578.27,0,2171.2942,3578.27,286.2616,89.4568
312,2011-10-13,2011-10-25,2023-11-16,11837,4,SO45900,1,3578.27,3578.27,0,2171.2942,3578.27,286.2616,89.4568
312,2011-10-13,2011-10-25,2023-11-17,11665,4,SO45901,1,3578.27,3578.27,0,2171.2942,3578.27,286.2616,89.4568
314,2011-10-13,2011-10-25,2023-11-18,15614,10,SO45902,1,3578.27,3578.27,0,2171.2942,3578.27,286.2616,89.4568
310,2011-10-13,2011-10-25,2023-11-19,15619,10,SO45903,1,3578.27,3578.27,0,2171.2942,3578.27,286.2616,89.4568
311,2011-10-13,2011-10-25,2023-11-20,20241,9,SO45904,1,3578.27,3578.27,0,2171.2942,3578.27,286.2616,89.4568
311,2011-10-13,2011-10-25,2023-11-21,20152,9,SO45905,1,3578.27,3578.27,0,2171.2942,3578.27,286.2616,89.4568
312,2011-10-13,2011-10-25,2023-11-22,20159,9,SO45906,1,3578.27,3578.27,0,2171.2942,3578.27,286.2616,89.4568
310,2011-10-13,2011-10-25,2023-11-23,20214,9,SO45907,1,3578.27,3578.27,0,2171.2942,3578.27,286.2616,89.4568
347,2011-10-13,2011-10-25,2023-11-24,11918,9,SO45908,1,3399.99,3399.99,0,1912.1544,3399.99,271.9992,84.9998
349,2011-10-13,2011-10-25,2023-11-25,11947,9,SO45909,1,3374.99,3374.99,0,1898.0944,3374.99,269.9992,84.3748
332,2011-10-12,2011-10-24,2023-11-26,19450,8,SO45894,1,699.0982,699.0982,0,413.1463,699.0982,55.9279,17.4775
311,2011-10-12,2011-10-24,2023-11-27,11727,4,SO45895,1,3578.27,3578.27,0,2171.2942,3578.27,286.2616,89.4568
311,2011-10-12,2011-10-24,2023-11-28,12632,7,SO45896,1,3578.27,3578.27,0,2171.2942,3578.27,286.2616,89.4568
349,2011-10-11,2011-10-23,2023-11-29,11338,8,SO45890,1,3374.99,3374.99,0,1898.0944,3374.99,269.9992,84.3748
346,2011-10-11,2011-10-23,2023-11-30,11380,8,SO45891,1,3399.99,3399.99,0,1912.1544,3399.99,271.9992,84.9998
312,2011-10-11,2011-10-23,2023-12-01,20226,9,SO45892,1,3578.27,3578.27,0,2171.2942,3578.27,286.2616,89.4568
313,2011-10-11,2011-10-23,2023-12-02,23842,6,SO45893,1,3578.27,3578.27,0,2171.2942,3578.27,286.2616,89.4568
310,2011-10-10,2011-10-22,2023-12-03,12750,7,SO45878,1,3578.27,3578.27,0,2171.2942,3578.27,286.2616,89.4568
338,2011-10-10,2011-10-22,2023-12-04,19443,8,SO45879,1,699.0982,699.0982,0,413.1463,699.0982,55.9279,17.4775
313,2011-10-10,2011-10-22,2023-12-05,11707,4,SO45880,1,3578.27,3578.27,0,2171.2942,3578.27,286.2616,89.4568
310,2011-10-10,2011-10-22,2023-12-06,23397,6,SO45881,1,3578.27,3578.27,0,2171.2942,3578.27,286.2616,89.4568
312,2011-10-10,2011-10-22,2023-12-07,11745,1,SO45882,1,3578.27,3578.27,0,2171.2942,3578.27,286.2616,89.4568
313,2011-10-10,2011-10-22,2023-12-08,11799,1,SO45883,1,3578.27,3578.27,0,2171.2942,3578.27,286.2616,89.4568
313,2011-10-10,2011-10-22,2023-12-09,11678,1,SO45884,1,3578.27,3578.27,0,2171.2942,3578.27,286.2616,89.4568
313,2011-10-10,2011-10-22,2023-12-10,12655,7,SO45885,1,3578.27,3578.27,0,2171.2942,3578.27,286.2616,89.4568
348,2011-10-10,2011-10-22,2023-12-11,26042,4,SO45886,1,3374.99,3374.99,0,1898.0944,3374.99,269.9992,84.3748
330,2011-10-10,2011-10-22,2023-12-12,14880,4,SO45887,1,699.0982,699.0982,0,413.1463,699.0982,55.9279,17.4775
310,2011-10-10,2011-10-22,2023-12-13,20217,9,SO45888,1,3578.27,3578.27,0,2171.2942,3578.27,286.2616,89.4568
350,2011-10-10,2011-10-22,2023-12-14,11920,9,SO45889,1,3374.99,3374.99,0,1898.0944,3374.99,269.9992,84.3748
347,2011-10-09,2011-10-21,2023-12-15,11249,8,SO45872,1,3399.99,3399.99,0,1912.1544,3399.99,271.9992,84.9998
314,2011-10-09,2011-10-21,2023-12-16,11925,1,SO45873,1,3578.27,3578.27,0,2171.2942,3578.27,286.2616,89.4568
351,2011-10-09,2011-10-21,2023-12-17,20007,6,SO45874,1,3374.99,3374.99,0,1898.0944,3374.99,269.9992,84.3748
310,2011-10-09,2011-10-21,2023-12-18,20242,9,SO45875,1,3578.27,3578.27,0,2171.2942,3578.27,286.2616,89.4568
314,2011-10-09,2011-10-21,2023-12-19,19975,9,SO45876,1,3578.27,3578.27,0,2171.2942,3578.27,286.2616,89.4568
351,2011-10-09,2011-10-21,2023-12-20,11910,9,SO45877,1,3374.99,3374.99,0,1898.0944,3374.99,269.9992,84.3748
312,2011-10-08,2011-10-20,2023-12-21,11772,1,SO45867,1,3578.27,3578.27,0,2171.2942,3578.27,286.2616,89.4568
310,2011-10-08,2011-10-20,2023-12-22,14819,8,SO45868,1,3578.27,3578.27,0,2171.2942,3578.27,286.2616,89.4568
310,2011-10-08,2011-10-20,2023-12-23,14822,8,SO45869,1,3578.27,3578.27,0,2171.2942,3578.27,286.2616,89.4568
349,2011-10-08,2011-10-20,2023-12-24,26012,4,SO45870,1,3374.99,3374.99,0,1898.0944,3374.99,269.9992,84.3748
326,2011-10-08,2011-10-20,2023-12-25,25919,9,SO45871,1,699.0982,699.0982,0,413.1463,699.0982,55.9279,17.4775
312,2011-10-07,2011-10-19,2023-12-26,14827,8,SO45862,1,3578.27,3578.27,0,2171.2942,3578.27,286.2616,89.4568
314,2011-10-07,2011-10-19,2023-12-27,11873,4,SO45863,1,3578.27,3578.27,0,2171.2942,3578.27,286.2616,89.4568
311,2011-10-07,2011-10-19,2023-12-28,19968,9,SO45864,1,3578.27,3578.27,0,2171.2942,3578.27,286.2616,89.4568
312,2011-10-07,2011-10-19,2023-12-29,20157,9,SO45865,1,3578.27,3578.27,0,2171.2942,3578.27,286.2616,89.4568
310,2011-10-07,2011-10-19,2023-12-30,15621,10,SO45866,1,3578.27,3578.27,0,2171.2942,3578.27,286.2616,89.4568
314,2011-10-06,2011-10-18,2023-12-31,12754,7,SO45859,1,3578.27,3578.27,0,2171.2942,3578.27,286.2616,89.4568
312,2011-10-06,2011-10-18,2024-01-01,23829,6,SO45860,1,3578.27,3578.27,0,2171.2942,3578.27,286.2616,89.4568
311,2011-10-06,2011-10-18,2024-01-02,12650,7,SO45861,1,3578.27,3578.27,0,2171.2942,3578.27,286.2616,89.4568
310,2011-10-05,2011-10-17,2024-01-03,11776,4,SO45850,1,3578.27,3578.27,0,2171.2942,3578.27,286.2616,89.4568
312,2011-10-05,2011-10-17,2024-01-04,11683,4,SO45851,1,3578.27,3578.27,0,2171.2942,3578.27,286.2616,89.4568
340,2011-10-05,2011-10-17,2024-01-05,18143,7,SO45852,1,699.0982,699.0982,0,413.1463,699.0982,55.9279,17.4775
313,2011-10-05,2011-10-17,2024-01-06,15453,10,SO45853,1,3578.27,3578.27,0,2171.2942,3578.27,286.2616,89.4568
312,2011-10-05,2011-10-17,2024-01-07,15620,10,SO45854,1,3578.27,3578.27,0,2171.2942,3578.27,286.2616,89.4568
338,2011-10-05,2011-10-17,2024-01-08,14754,1,SO45855,1,699.0982,699.0982,0,413.1463,699.0982,55.9279,17.4775
311,2011-10-05,2011-10-17,2024-01-09,20247,9,SO45856,1,3578.27,3578.27,0,2171.2942,3578.27,286.2616,89.4568
351,2011-10-05,2011-10-17,2024-01-10,11919,9,SO45857,1,3374.99,3374.99,0,1898.0944,3374.99,269.9992,84.3748
350,2011-10-05,2011-10-17,2024-01-11,11952,9,SO45858,1,3374.99,3374.99,0,1898.0944,3374.99,269.9992,84.3748
311,2011-10-04,2011-10-16,2024-01-12,23566,6,SO45845,1,3578.27,3578.27,0,2171.2942,3578.27,286.2616,89.4568
314,2011-10-04,2011-10-16,2024-01-13,23592,6,SO45846,1,3578.27,3578.27,0,2171.2942,3578.27,286.2616,89.4568
345,2011-10-04,2011-10-16,2024-01-14,26015,4,SO45847,1,3399.99,3399.99,0,1912.1544,3399.99,271.9992,84.9998
340,2011-10-04,2011-10-16,2024-01-15,14852,4,SO45848,1,699.0982,699.0982,0,413.1463,699.0982,55.9279,17.4775
312,2011-10-04,2011-10-16,2024-01-16,20154,9,SO45849,1,3578.27,3578.27,0,2171.2942,3578.27,286.2616,89.4568
349,2011-10-03,2011-10-15,2024-01-17,11246,8,SO45840,1,3374.99,3374.99,0,1898.0944,3374.99,269.9992,84.3748
311,2011-10-03,2011-10-15,2024-01-18,12804,7,SO45841,1,3578.27,3578.27,0,2171.2942,3578.27,286.2616,89.4568
314,2011-10-03,2011-10-15,2024-01-19,11742,4,SO45842,1,3578.27,3578.27,0,2171.2942,3578.27,286.2616,89.4568
312,2011-10-03,2011-10-15,2024-01-20,11775,4,SO45843,1,3578.27,3578.27,0,2171.2942,3578.27,286.2616,89.4568
312,2011-10-03,2011-10-15,2024-01-21,11812,1,SO45844,1,3578.27,3578.27,0,2171.2942,3578.27,286.2616,89.4568
313,2011-10-02,2011-10-14,2024-01-22,11815,1,SO45833,1,3578.27,3578.27,0,2171.2942,3578.27,286.2616,89.4568
312,2011-10-02,2011-10-14,2024-01-23,11816,4,SO45834,1,3578.27,3578.27,0,2171.2942,3578.27,286.2616,89.4568
313,2011-10-02,2011-10-14,2024-01-24,11688,1,SO45835,1,3578.27,3578.27,0,2171.2942,3578.27,286.2616,89.4568
311,2011-10-02,2011-10-14,2024-01-25,14823,8,SO45836,1,3578.27,3578.27,0,2171.2942,3578.27,286.2616,89.4568
348,2011-10-02,2011-10-14,2024-01-26,26050,1,SO45837,1,3374.99,3374.99,0,1898.0944,3374.99,269.9992,84.3748
311,2011-10-02,2011-10-14,2024-01-27,20213,9,SO45838,1,3578.27,3578.27,0,2171.2942,3578.27,286.2616,89.4568
349,2011-10-02,2011-10-14,2024-01-28,11915,9,SO45839,1,3374.99,3374.99,0,1898.0944,3374.99,269.9992,84.3748
312,2011-10-01,2011-10-13,2024-01-29,11696,1,SO45824,1,3578.27,3578.27,0,2171.2942,3578.27,286.2616,89.4568
314,2011-10-01,2011-10-13,2024-01-30,23725,6,SO45825,1,3578.27,3578.27,0,2171.2942,3578.27,286.2616,89.4568
310,2011-10-01,2011-10-13,2024-01-31,23858,6,SO45826,1,3578.27,3578.27,0,2171.2942,3578.27,286.2616,89.4568
312,2011-10-01,2011-10-13,2024-02-01,15440,10,SO45827,1,3578.27,3578.27,0,2171.2942,3578.27,286.2616,89.4568
330,2011-10-01,2011-10-13,2024-02-02,14753,1,SO45828,1,699.0982,699.0982,0,413.1463,699.0982,55.9279,17.4775
310,2011-10-01,2011-10-13,2024-02-03,20245,9,SO45829,1,3578.27,3578.27,0,2171.2942,3578.27,286.2616,89.4568
314,2011-10-01,2011-10-13,2024-02-04,20151,9,SO45830,1,3578.27,3578.27,0,2171.2942,3578.27,286.2616,89.4568
313,2011-10-01,2011-10-13,2024-02-05,20158,9,SO45831,1,3578.27,3578.27,0,2171.2942,3578.27,286.2616,89.4568
351,2011-10-01,2011-10-13,2024-02-06,11916,9,SO45832,1,3374.99,3374.99,0,1898.0944,3374.99,269.9992,84.3748
346,2011-09-30,2011-10-12,2024-02-07,26041,1,SO45821,1,3399.99,3399.99,0,1912.1544,3399.99,271.9992,84.9998
312,2011-09-30,2011-10-12,2024-02-08,20246,9,SO45822,1,3578.27,3578.27,0,2171.2942,3578.27,286.2616,89.4568
311,2011-09-30,2011-10-12,2024-02-09,20253,9,SO45823,1,3578.27,3578.27,0,2171.2942,3578.27,286.2616,89.4568
313,2011-09-29,2011-10-11,2024-02-10,11830,4,SO45816,1,3578.27,3578.27,0,2171.2942,3578.27,286.2616,89.4568
311,2011-09-29,2011-10-11,2024-02-11,14801,8,SO45817,1,3578.27,3578.27,0,2171.2942,3578.27,286.2616,89.4568
328,2011-09-29,2011-10-11,2024-02-12,14868,4,SO45818,1,699.0982,699.0982,0,413.1463,699.0982,55.9279,17.4775
312,2011-09-29,2011-10-11,2024-02-13,20160,9,SO45819,1,3578.27,3578.27,0,2171.2942,3578.27,286.2616,89.4568
340,2011-09-29,2011-10-11,2024-02-14,25832,9,SO45820,1,699.0982,699.0982,0,413.1463,699.0982,55.9279,17.4775
314,2011-09-28,2011-10-10,2024-02-15,14207,8,SO45775,1,3578.27,3578.27,0,2171.2942,3578.27,286.2616,89.4568
313,2011-09-28,2011-10-10,2024-02-16,23281,6,SO45776,1,3578.27,3578.27,0,2171.2942,3578.27,286.2616,89.4568
346,2011-09-28,2011-10-10,2024-02-17,11907,9,SO45777,1,3399.99,3399.99,0,1912.1544,3399.99,271.9992,84.9998
351,2011-09-28,2011-10-10,2024-02-18,26002,1,SO45778,1,3374.99,3374.99,0,1898.0944,3374.99,269.9992,84.3748
314,2011-09-27,2011-10-09,2024-02-19,11271,4,SO45771,1,3578.27,3578.27,0,2171.2942,3578.27,286.2616,89.4568
313,2011-09-27,2011-10-09,2024-02-20,19785,9,SO45772,1,3578.27,3578.27,0,2171.2942,3578.27,286.2616,89.4568
311,2011-09-27,2011-10-09,2024-02-21,19949,9,SO45773,1,3578.27,3578.27,0,2171.2942,3578.27,286.2616,89.4568
312,2011-09-27,2011-10-09,2024-02-22,11261,4,SO45774,1,3578.27,3578.27,0,2171.2942,3578.27,286.2616,89.4568
350,2011-09-26,2011-10-08,2024-02-23,11245,8,SO45765,1,3374.99,3374.99,0,1898.0944,3374.99,269.9992,84.3748
312,2011-09-26,2011-10-08,2024-02-24,11297,4,SO45766,1,3578.27,3578.27,0,2171.2942,3578.27,286.2616,89.4568
310,2011-09-26,2011-10-08,2024-02-25,11299,4,SO45767,1,3578.27,3578.27,0,2171.2942,3578.27,286.2616,89.4568
310,2011-09-26,2011-10-08,2024-02-26,11324,4,SO45768,1,3578.27,3578.27,0,2171.2942,3578.27,286.2616,89.4568
314,2011-09-26,2011-10-08,2024-02-27,11327,4,SO45769,1,3578.27,3578.27,0,2171.2942,3578.27,286.2616,89.4568
311,2011-09-26,2011-10-08,2024-02-28,19956,9,SO45770,1,3578.27,3578.27,0,2171.2942,3578.27,286.2616,89.4568
312,2011-09-25,2011-10-07,2024-02-29,12561,7,SO45757,1,3578.27,3578.27,0,2171.2942,3578.27,286.2616,89.4568
312,2011-09-25,2011-10-07,2024-03-01,15106,10,SO45758,1,3578.27,3578.27,0,2171.2942,3578.27,286.2616,89.4568
313,2011-09-25,2011-10-07,2024-03-02,11295,4,SO45759,1,3578.27,3578.27,0,2171.2942,3578.27,286.2616,89.4568
311,2011-09-25,2011-10-07,2024-03-03,11329,4,SO45760,1,3578.27,3578.27,0,2171.2942,3578.27,286.2616,89.4568
314,2011-09-25,2011-10-07,2024-03-04,11629,4,SO45761,1,3578.27,3578.27,0,2171.2942,3578.27,286.2616,89.4568
312,2011-09-25,2011-10-07,2024-03-05,12621,7,SO45762,1,3578.27,3578.27,0,2171.2942,3578.27,286.2616,89.4568
314,2011-09-25,2011-10-07,2024-03-06,19959,9,SO45763,1,3578.27,3578.27,0,2171.2942,3578.27,286.2616,89.4568
310,2011-09-25,2011-10-07,2024-03-07,19652,9,SO45764,1,3578.27,3578.27,0,2171.2942,3578.27,286.2616,89.4568
311,2011-09-24,2011-10-06,2024-03-08,11529,1,SO45754,1,3578.27,3578.27,0,2171.2942,3578.27,286.2616,89.4568
314,2011-09-24,2011-10-06,2024-03-09,11536,4,SO45755,1,3578.27,3578.27,0,2171.2942,3578.27,286.2616,89.4568
313,2011-09-24,2011-10-06,2024-03-10,11625,4,SO45756,1,3578.27,3578.27,0,2171.2942,3578.27,286.2616,89.4568
312,2011-09-23,2011-10-05,2024-03-11,15089,10,SO45745,1,3578.27,3578.27,0,2171.2942,3578.27,286.2616,89.4568
312,2011-09-23,2011-10-05,2024-03-12,23376,6,SO45746,1,3578.27,3578.27,0,2171.2942,3578.27,286.2616,89.4568
314,2011-09-23,2011-10-05,2024-03-13,11539,4,SO45747,1,3578.27,3578.27,0,2171.2942,3578.27,286.2616,89.4568
332,2011-09-23,2011-10-05,2024-03-14,18046,7,SO45748,1,699.0982,699.0982,0,413.1463,699.0982,55.9279,17.4775
311,2011-09-23,2011-10-05,2024-03-15,14797,8,SO45749,1,3578.27,3578.27,0,2171.2942,3578.27,286.2616,89.4568
345,2011-09-23,2011-10-05,2024-03-16,26001,1,SO45750,1,3399.99,3399.99,0,1912.1544,3399.99,271.9992,84.9998
340,2011-09-23,2011-10-05,2024-03-17,14739,4,SO45751,1,699.0982,699.0982,0,413.1463,699.0982,55.9279,17.4775
314,2011-09-23,2011-10-05,2024-03-18,19772,9,SO45752,1,3578.27,3578.27,0,2171.2942,3578.27,286.2616,89.4568
311,2011-09-23,2011-10-05,2024-03-19,19966,9,SO45753,1,3578.27,3578.27,0,2171.2942,3578.27,286.2616,89.4568
314,2011-09-22,2011-10-04,2024-03-20,19786,9,SO45740,1,3578.27,3578.27,0,2171.2942,3578.27,286.2616,89.4568
314,2011-09-22,2011-10-04,2024-03-21,19788,9,SO45741,1,3578.27,3578.27,0,2171.2942,3578.27,286.2616,89.4568
312,2011-09-22,2011-10-04,2024-03-22,19620,9,SO45742,1,3578.27,3578.27,0,2171.2942,3578.27,286.2616,89.4568
313,2011-09-22,2011-10-04,2024-03-23,19631,9,SO45743,1,3578.27,3578.27,0,2171.2942,3578.27,286.2616,89.4568
351,2011-09-22,2011-10-04,2024-03-24,11894,9,SO45744,1,3374.99,3374.99,0,1898.0944,3374.99,269.9992,84.3748
313,2011-09-21,2011-10-03,2024-03-25,14426,8,SO45728,1,3578.27,3578.27,0,2171.2942,3578.27,286.2616,89.4568
313,2011-09-21,2011-10-03,2024-03-26,15087,10,SO45729,1,3578.27,3578.27,0,2171.2942,3578.27,286.2616,89.4568
350,2011-09-21,2011-10-03,2024-03-27,28471,7,SO45730,1,3374.99,3374.99,0,1898.0944,3374.99,269.9992,84.3748
310,2011-09-21,2011-10-03,2024-03-28,11286,4,SO45731,1,3578.27,3578.27,0,2171.2942,3578.27,286.2616,89.4568
311,2011-09-21,2011-10-03,2024-03-29,11537,4,SO45732,1,3578.27,3578.27,0,2171.2942,3578.27,286.2616,89.4568
311,2011-09-21,2011-10-03,2024-03-30,11624,4,SO45733,1,3578.27,3578.27,0,2171.2942,3578.27,286.2616,89.4568
314,2011-09-21,2011-10-03,2024-03-31,11630,1,SO45734,1,3578.27,3578.27,0,2171.2942,3578.27,286.2616,89.4568
314,2011-09-21,2011-10-03,2024-04-01,19792,9,SO45735,1,3578.27,3578.27,0,2171.2942,3578.27,286.2616,89.4568
310,2011-09-21,2011-10-03,2024-04-02,19960,9,SO45736,1,3578.27,3578.27,0,2171.2942,3578.27,286.2616,89.4568
311,2011-09-21,2011-10-03,2024-04-03,19965,9,SO45737,1,3578.27,3578.27,0,2171.2942,3578.27,286.2616,89.4568
346,2011-09-21,2011-10-03,2024-04-04,11900,9,SO45738,1,3399.99,3399.99,0,1912.1544,3399.99,271.9992,84.9998
348,2011-09-21,2011-10-03,2024-04-05,11903,9,SO45739,1,3374.99,3374.99,0,1898.0944,3374.99,269.9992,84.3748
311,2011-09-20,2011-10-02,2024-04-06,11290,4,SO45723,1,3578.27,3578.27,0,2171.2942,3578.27,286.2616,89.4568
312,2011-09-20,2011-10-02,2024-04-07,12620,7,SO45724,1,3578.27,3578.27,0,2171.2942,3578.27,286.2616,89.4568
312,2011-09-20,2011-10-02,2024-04-08,14789,8,SO45725,1,3578.27,3578.27,0,2171.2942,3578.27,286.2616,89.4568
313,2011-09-20,2011-10-02,2024-04-09,12614,7,SO45726,1,3578.27,3578.27,0,2171.2942,3578.27,286.2616,89.4568
350,2011-09-20,2011-10-02,2024-04-10,11909,9,SO45727,1,3374.99,3374.99,0,1898.0944,3374.99,269.9992,84.3748
310,2011-09-19,2011-10-01,2024-04-11,11325,1,SO45717,1,3578.27,3578.27,0,2171.2942,3578.27,286.2616,89.4568
311,2011-09-19,2011-10-01,2024-04-12,11272,4,SO45718,1,3578.27,3578.27,0,2171.2942,3578.27,286.2616,89.4568
350,2011-09-19,2011-10-01,2024-04-13,20000,6,SO45719,1,3374.99,3374.99,0,1898.0944,3374.99,269.9992,84.3748
313,2011-09-19,2011-10-01,2024-04-14,19653,9,SO45720,1,3578.27,3578.27,0,2171.2942,3578.27,286.2616,89.4568
345,2011-09-19,2011-10-01,2024-04-15,11766,9,SO45721,1,3399.99,3399.99,0,1912.1544,3399.99,271.9992,84.9998
351,2011-09-19,2011-10-01,2024-04-16,11908,9,SO45722,1,3374.99,3374.99,0,1898.0944,3374.99,269.9992,84.3748
314,2011-09-18,2011-09-30,2024-04-17,15088,10,SO45713,1,3578.27,3578.27,0,2171.2942,3578.27,286.2616,89.4568
312,2011-09-18,2011-09-30,2024-04-18,11534,4,SO45714,1,3578.27,3578.27,0,2171.2942,3578.27,286.2616,89.4568
310,2011-09-18,2011-09-30,2024-04-19,19770,9,SO45715,1,3578.27,3578.27,0,2171.2942,3578.27,286.2616,89.4568
310,2011-09-18,2011-09-30,2024-04-20,19783,9,SO45716,1,3578.27,3578.27,0,2171.2942,3578.27,286.2616,89.4568
312,2011-09-17,2011-09-29,2024-04-21,14772,8,SO45704,1,3578.27,3578.27,0,2171.2942,3578.27,286.2616,89.4568
311,2011-09-17,2011-09-29,2024-04-22,23378,6,SO45705,1,3578.27,3578.27,0,2171.2942,3578.27,286.2616,89.4568
313,2011-09-17,2011-09-29,2024-04-23,11267,4,SO45706,1,3578.27,3578.27,0,2171.2942,3578.27,286.2616,89.4568
345,2011-09-17,2011-09-29,2024-04-24,11904,9,SO45707,1,3399.99,3399.99,0,1912.1544,3399.99,271.9992,84.9998
313,2011-09-17,2011-09-29,2024-04-25,19765,9,SO45708,1,3578.27,3578.27,0,2171.2942,3578.27,286.2616,89.4568
313,2011-09-17,2011-09-29,2024-04-26,19793,9,SO45709,1,3578.27,3578.27,0,2171.2942,3578.27,286.2616,89.4568
310,2011-09-17,2011-09-29,2024-04-27,19963,9,SO45710,1,3578.27,3578.27,0,2171.2942,3578.27,286.2616,89.4568
313,2011-09-17,2011-09-29,2024-04-28,19621,9,SO45711,1,3578.27,3578.27,0,2171.2942,3578.27,286.2616,89.4568
346,2011-09-17,2011-09-29,2024-04-29,11767,9,SO45712,1,3399.99,3399.99,0,1912.1544,3399.99,271.9992,84.9998
310,2011-09-16,2011-09-28,2024-04-30,11278,1,SO45700,1,3578.27,3578.27,0,2171.2942,3578.27,286.2616,89.4568
311,2011-09-16,2011-09-28,2024-05-01,11538,4,SO45701,1,3578.27,3578.27,0,2171.2942,3578.27,286.2616,89.4568
320,2011-09-16,2011-09-28,2024-05-02,18131,7,SO45702,1,699.0982,699.0982,0,413.1463,699.0982,55.9279,17.4775
310,2011-09-16,2011-09-28,2024-05-03,19947,9,SO45703,1,3578.27,3578.27,0,2171.2942,3578.27,286.2616,89.4568
313,2011-09-15,2011-09-27,2024-05-04,14425,8,SO45692,1,3578.27,3578.27,0,2171.2942,3578.27,286.2616,89.4568
313,2011-09-15,2011-09-27,2024-05-05,15083,10,SO45693,1,3578.27,3578.27,0,2171.2942,3578.27,286.2616,89.4568
312,2011-09-15,2011-09-27,2024-05-06,15097,10,SO45694,1,3578.27,3578.27,0,2171.2942,3578.27,286.2616,89.4568
311,2011-09-15,2011-09-27,2024-05-07,11292,4,SO45695,1,3578.27,3578.27,0,2171.2942,3578.27,286.2616,89.4568
314,2011-09-15,2011-09-27,2024-05-08,11326,4,SO45696,1,3578.27,3578.27,0,2171.2942,3578.27,286.2616,89.4568
314,2011-09-15,2011-09-27,2024-05-09,11516,4,SO45697,1,3578.27,3578.27,0,2171.2942,3578.27,286.2616,89.4568
326,2011-09-15,2011-09-27,2024-05-10,14747,4,SO45698,1,699.0982,699.0982,0,413.1463,699.0982,55.9279,17.4775
336,2011-09-15,2011-09-27,2024-05-11,14750,4,SO45699,1,699.0982,699.0982,0,413.1463,699.0982,55.9279,17.4775
311,2011-09-14,2011-09-26,2024-05-12,14709,8,SO45683,1,3578.27,3578.27,0,2171.2942,3578.27,286.2616,89.4568
345,2011-09-14,2011-09-26,2024-05-13,11485,10,SO45684,1,3399.99,3399.99,0,1912.1544,3399.99,271.9992,84.9998
322,2011-09-14,2011-09-26,2024-05-14,18132,7,SO45685,1,699.0982,699.0982,0,413.1463,699.0982,55.9279,17.4775
346,2011-09-14,2011-09-26,2024-05-15,25998,1,SO45686,1,3399.99,3399.99,0,1912.1544,3399.99,271.9992,84.9998
344,2011-09-14,2011-09-26,2024-05-16,26005,1,SO45687,1,3399.99,3399.99,0,1912.1544,3399.99,271.9992,84.9998
320,2011-09-14,2011-09-26,2024-05-17,14741,4,SO45688,1,699.0982,699.0982,0,413.1463,699.0982,55.9279,17.4775
312,2011-09-14,2011-09-26,2024-05-18,19773,9,SO45689,1,3578.27,3578.27,0,2171.2942,3578.27,286.2616,89.4568
310,2011-09-14,2011-09-26,2024-05-19,19958,9,SO45690,1,3578.27,3578.27,0,2171.2942,3578.27,286.2616,89.4568
344,2011-09-14,2011-09-26,2024-05-20,11898,9,SO45691,1,3399.99,3399.99,0,1912.1544,3399.99,271.9992,84.9998
313,2011-09-13,2011-09-25,2024-05-21,11281,4,SO45678,1,3578.27,3578.27,0,2171.2942,3578.27,286.2616,89.4568
314,2011-09-13,2011-09-25,2024-05-22,11540,4,SO45679,1,3578.27,3578.27,0,2171.2942,3578.27,286.2616,89.4568
310,2011-09-13,2011-09-25,2024-05-23,23283,6,SO45680,1,3578.27,3578.27,0,2171.2942,3578.27,286.2616,89.4568
314,2011-09-13,2011-09-25,2024-05-24,19789,9,SO45681,1,3578.27,3578.27,0,2171.2942,3578.27,286.2616,89.4568
312,2011-09-13,2011-09-25,2024-05-25,19950,9,SO45682,1,3578.27,3578.27,0,2171.2942,3578.27,286.2616,89.4568
312,2011-09-12,2011-09-24,2024-05-26,11298,4,SO45668,1,3578.27,3578.27,0,2171.2942,3578.27,286.2616,89.4568
314,2011-09-12,2011-09-24,2024-05-27,11528,4,SO45669,1,3578.27,3578.27,0,2171.2942,3578.27,286.2616,89.4568
310,2011-09-12,2011-09-24,2024-05-28,11541,1,SO45670,1,3578.27,3578.27,0,2171.2942,3578.27,286.2616,89.4568
312,2011-09-12,2011-09-24,2024-05-29,11628,4,SO45671,1,3578.27,3578.27,0,2171.2942,3578.27,286.2616,89.4568
340,2011-09-12,2011-09-24,2024-05-30,19438,8,SO45672,1,699.0982,699.0982,0,413.1463,699.0982,55.9279,17.4775
312,2011-09-12,2011-09-24,2024-05-31,19790,9,SO45673,1,3578.27,3578.27,0,2171.2942,3578.27,286.2616,89.4568
314,2011-09-12,2011-09-24,2024-06-01,19948,9,SO45674,1,3578.27,3578.27,0,2171.2942,3578.27,286.2616,89.4568
340,2011-09-12,2011-09-24,2024-06-02,25829,9,SO45675,1,699.0982,699.0982,0,413.1463,699.0982,55.9279,17.4775
349,2011-09-12,2011-09-24,2024-06-03,11765,9,SO45676,1,3374.99,3374.99,0,1898.0944,3374.99,269.9992,84.3748
348,2011-09-12,2011-09-24,2024-06-04,11895,9,SO45677,1,3374.99,3374.99,0,1898.0944,3374.99,269.9992,84.3748
312,2011-09-11,2011-09-23,2024-06-05,14713,8,SO45664,1,3578.27,3578.27,0,2171.2942,3578.27,286.2616,89.4568
346,2011-09-11,2011-09-23,2024-06-06,26004,4,SO45665,1,3399.99,3399.99,0,1912.1544,3399.99,271.9992,84.9998
326,2011-09-11,2011-09-23,2024-06-07,14738,4,SO45666,1,699.0982,699.0982,0,413.1463,699.0982,55.9279,17.4775
314,2011-09-11,2011-09-23,2024-06-08,19957,9,SO45667,1,3578.27,3578.27,0,2171.2942,3578.27,286.2616,89.4568
348,2011-09-10,2011-09-22,2024-06-09,28478,7,SO45654,1,3374.99,3374.99,0,1898.0944,3374.99,269.9992,84.3748
312,2011-09-10,2011-09-22,2024-06-10,11323,4,SO45655,1,3578.27,3578.27,0,2171.2942,3578.27,286.2616,89.4568
313,2011-09-10,2011-09-22,2024-06-11,11617,4,SO45656,1,3578.27,3578.27,0,2171.2942,3578.27,286.2616,89.4568
311,2011-09-10,2011-09-22,2024-06-12,11266,1,SO45657,1,3578.27,3578.27,0,2171.2942,3578.27,286.2616,89.4568
312,2011-09-10,2011-09-22,2024-06-13,11270,4,SO45658,1,3578.27,3578.27,0,2171.2942,3578.27,286.2616,89.4568
349,2011-09-10,2011-09-22,2024-06-14,26003,4,SO45659,1,3374.99,3374.99,0,1898.0944,3374.99,269.9992,84.3748
312,2011-09-10,2011-09-22,2024-06-15,19797,9,SO45660,1,3578.27,3578.27,0,2171.2942,3578.27,286.2616,89.4568
342,2011-09-10,2011-09-22,2024-06-16,25827,9,SO45661,1,699.0982,699.0982,0,413.1463,699.0982,55.9279,17.4775
350,2011-09-10,2011-09-22,2024-06-17,11906,9,SO45662,1,3374.99,3374.99,0,1898.0944,3374.99,269.9992,84.3748
347,2011-09-10,2011-09-22,2024-06-18,11901,9,SO45663,1,3399.99,3399.99,0,1912.1544,3399.99,271.9992,84.9998
310,2011-09-09,2011-09-21,2024-06-19,11319,4,SO45649,1,3578.27,3578.27,0,2171.2942,3578.27,286.2616,89.4568
312,2011-09-09,2011-09-21,2024-06-20,28652,6,SO45650,1,3578.27,3578.27,0,2171.2942,3578.27,286.2616,89.4568
311,2011-09-09,2011-09-21,2024-06-21,19771,9,SO45651,1,3578.27,3578.27,0,2171.2942,3578.27,286.2616,89.4568
334,2011-09-09,2011-09-21,2024-06-22,25826,9,SO45652,1,699.0982,699.0982,0,413.1463,699.0982,55.9279,17.4775
347,2011-09-09,2011-09-21,2024-06-23,11764,9,SO45653,1,3399.99,3399.99,0,1912.1544,3399.99,271.9992,84.9998
310,2011-09-08,2011-09-20,2024-06-24,14541,8,SO45643,1,3578.27,3578.27,0,2171.2942,3578.27,286.2616,89.4568
350,2011-09-08,2011-09-20,2024-06-25,28458,7,SO45644,1,3374.99,3374.99,0,1898.0944,3374.99,269.9992,84.3748
351,2011-09-08,2011-09-20,2024-06-26,11482,10,SO45645,1,3374.99,3374.99,0,1898.0944,3374.99,269.9992,84.3748
312,2011-09-08,2011-09-20,2024-06-27,11289,4,SO45646,1,3578.27,3578.27,0,2171.2942,3578.27,286.2616,89.4568
347,2011-09-08,2011-09-20,2024-06-28,25997,4,SO45647,1,3399.99,3399.99,0,1912.1544,3399.99,271.9992,84.9998
312,2011-09-08,2011-09-20,2024-06-29,19791,9,SO45648,1,3578.27,3578.27,0,2171.2942,3578.27,286.2616,89.4568
311,2011-09-07,2011-09-19,2024-06-30,23306,6,SO45641,1,3578.27,3578.27,0,2171.2942,3578.27,286.2616,89.4568
313,2011-09-07,2011-09-19,2024-07-01,11623,4,SO45642,1,3578.27,3578.27,0,2171.2942,3578.27,286.2616,89.4568
313,2011-09-06,2011-09-18,2024-07-02,23351,6,SO45635,1,3578.27,3578.27,0,2171.2942,3578.27,286.2616,89.4568
311,2011-09-06,2011-09-18,2024-07-03,11302,1,SO45636,1,3578.27,3578.27,0,2171.2942,3578.27,286.2616,89.4568
314,2011-09-06,2011-09-18,2024-07-04,11525,1,SO45637,1,3578.27,3578.27,0,2171.2942,3578.27,286.2616,89.4568
324,2011-09-06,2011-09-18,2024-07-05,14746,4,SO45638,1,699.0982,699.0982,0,413.1463,699.0982,55.9279,17.4775
311,2011-09-06,2011-09-18,2024-07-06,19782,9,SO45639,1,3578.27,3578.27,0,2171.2942,3578.27,286.2616,89.4568
311,2011-09-06,2011-09-18,2024-07-07,19964,9,SO45640,1,3578.27,3578.27,0,2171.2942,3578.27,286.2616,89.4568
350,2011-09-05,2011-09-17,2024-07-08,11237,8,SO45631,1,3374.99,3374.99,0,1898.0944,3374.99,269.9992,84.3748
314,2011-09-05,2011-09-17,2024-07-09,14775,8,SO45632,1,3578.27,3578.27,0,2171.2942,3578.27,286.2616,89.4568
351,2011-09-05,2011-09-17,2024-07-10,26011,4,SO45633,1,3374.99,3374.99,0,1898.0944,3374.99,269.9992,84.3748
314,2011-09-05,2011-09-17,2024-07-11,19766,9,SO45634,1,3578.27,3578.27,0,2171.2942,3578.27,286.2616,89.4568
344,2011-09-04,2011-09-16,2024-07-12,28470,7,SO45622,1,3399.99,3399.99,0,1912.1544,3399.99,271.9992,84.9998
311,2011-09-04,2011-09-16,2024-07-13,14769,8,SO45623,1,3578.27,3578.27,0,2171.2942,3578.27,286.2616,89.4568
313,2011-09-04,2011-09-16,2024-07-14,11291,4,SO45624,1,3578.27,3578.27,0,2171.2942,3578.27,286.2616,89.4568
314,2011-09-04,2011-09-16,2024-07-15,11307,4,SO45625,1,3578.27,3578.27,0,2171.2942,3578.27,286.2616,89.4568
310,2011-09-04,2011-09-16,2024-07-16,11259,1,SO45626,1,3578.27,3578.27,0,2171.2942,3578.27,286.2616,89.4568
324,2011-09-04,2011-09-16,2024-07-17,18039,7,SO45627,1,699.0982,699.0982,0,413.1463,699.0982,55.9279,17.4775
314,2011-09-04,2011-09-16,2024-07-18,19795,9,SO45628,1,3578.27,3578.27,0,2171.2942,3578.27,286.2616,89.4568
347,2011-09-04,2011-09-16,2024-07-19,11892,9,SO45629,1,3399.99,3399.99,0,1912.1544,3399.99,271.9992,84.9998
351,2011-09-04,2011-09-16,2024-07-20,11899,9,SO45630,1,3374.99,3374.99,0,1898.0944,3374.99,269.9992,84.3748
314,2011-09-03,2011-09-15,2024-07-21,11522,1,SO45613,1,3578.27,3578.27,0,2171.2942,3578.27,286.2616,89.4568
312,2011-09-03,2011-09-15,2024-07-22,23385,6,SO45614,1,3578.27,3578.27,0,2171.2942,3578.27,286.2616,89.4568
342,2011-09-03,2011-09-15,2024-07-23,18137,7,SO45615,1,699.0982,699.0982,0,413.1463,699.0982,55.9279,17.4775
314,2011-09-03,2011-09-15,2024-07-24,14800,8,SO45616,1,3578.27,3578.27,0,2171.2942,3578.27,286.2616,89.4568
311,2011-09-03,2011-09-15,2024-07-25,15354,10,SO45617,1,3578.27,3578.27,0,2171.2942,3578.27,286.2616,89.4568
311,2011-09-03,2011-09-15,2024-07-26,12618,7,SO45618,1,3578.27,3578.27,0,2171.2942,3578.27,286.2616,89.4568
311,2011-09-03,2011-09-15,2024-07-27,19787,9,SO45619,1,3578.27,3578.27,0,2171.2942,3578.27,286.2616,89.4568
314,2011-09-03,2011-09-15,2024-07-28,19951,9,SO45620,1,3578.27,3578.27,0,2171.2942,3578.27,286.2616,89.4568
346,2011-09-03,2011-09-15,2024-07-29,11768,9,SO45621,1,3399.99,3399.99,0,1912.1544,3399.99,271.9992,84.9998
310,2011-09-02,2011-09-14,2024-07-30,11303,1,SO45610,1,3578.27,3578.27,0,2171.2942,3578.27,286.2616,89.4568
310,2011-09-02,2011-09-14,2024-07-31,11535,1,SO45611,1,3578.27,3578.27,0,2171.2942,3578.27,286.2616,89.4568
312,2011-09-02,2011-09-14,2024-08-01,14795,8,SO45612,1,3578.27,3578.27,0,2171.2942,3578.27,286.2616,89.4568
312,2011-09-01,2011-09-13,2024-08-02,12607,7,SO45602,1,3578.27,3578.27,0,2171.2942,3578.27,286.2616,89.4568
312,2011-09-01,2011-09-13,2024-08-03,11296,1,SO45603,1,3578.27,3578.27,0,2171.2942,3578.27,286.2616,89.4568
314,2011-09-01,2011-09-13,2024-08-04,11317,1,SO45604,1,3578.27,3578.27,0,2171.2942,3578.27,286.2616,89.4568
311,2011-09-01,2011-09-13,2024-08-05,11626,4,SO45605,1,3578.27,3578.27,0,2171.2942,3578.27,286.2616,89.4568
312,2011-09-01,2011-09-13,2024-08-06,19967,9,SO45606,1,3578.27,3578.27,0,2171.2942,3578.27,286.2616,89.4568
330,2011-09-01,2011-09-13,2024-08-07,25830,9,SO45607,1,699.0982,699.0982,0,413.1463,699.0982,55.9279,17.4775
349,2011-09-01,2011-09-13,2024-08-08,11896,9,SO45608,1,3374.99,3374.99,0,1898.0944,3374.99,269.9992,84.3748
311,2011-09-01,2011-09-13,2024-08-09,14774,8,SO45609,1,3578.27,3578.27,0,2171.2942,3578.27,286.2616,89.4568
310,2011-08-31,2011-09-12,2024-08-10,15118,10,SO45593,1,3578.27,3578.27,0,2171.2942,3578.27,286.2616,89.4568
312,2011-08-31,2011-09-12,2024-08-11,11282,1,SO45594,1,3578.27,3578.27,0,2171.2942,3578.27,286.2616,89.4568
314,2011-08-31,2011-09-12,2024-08-12,11515,4,SO45595,1,3578.27,3578.27,0,2171.2942,3578.27,286.2616,89.4568
332,2011-08-31,2011-09-12,2024-08-13,20564,10,SO45596,1,699.0982,699.0982,0,413.1463,699.0982,55.9279,17.4775
328,2011-08-31,2011-09-12,2024-08-14,14740,4,SO45597,1,699.0982,699.0982,0,413.1463,699.0982,55.9279,17.4775
340,2011-08-31,2011-09-12,2024-08-15,14744,1,SO45598,1,699.0982,699.0982,0,413.1463,699.0982,55.9279,17.4775
312,2011-08-31,2011-09-12,2024-08-16,19794,9,SO45599,1,3578.27,3578.27,0,2171.2942,3578.27,286.2616,89.4568
313,2011-08-31,2011-09-12,2024-08-17,19628,9,SO45600,1,3578.27,3578.27,0,2171.2942,3578.27,286.2616,89.4568
348,2011-08-31,2011-09-12,2024-08-18,11893,9,SO45601,1,3374.99,3374.99,0,1898.0944,3374.99,269.9992,84.3748
311,2011-08-30,2011-09-11,2024-08-19,12613,7,SO45586,1,3578.27,3578.27,0,2171.2942,3578.27,286.2616,89.4568
310,2011-08-30,2011-09-11,2024-08-20,11531,4,SO45587,1,3578.27,3578.27,0,2171.2942,3578.27,286.2616,89.4568
313,2011-08-30,2011-09-11,2024-08-21,11275,4,SO45588,1,3578.27,3578.27,0,2171.2942,3578.27,286.2616,89.4568
314,2011-08-30,2011-09-11,2024-08-22,19784,9,SO45589,1,3578.27,3578.27,0,2171.2942,3578.27,286.2616,89.4568
311,2011-08-30,2011-09-11,2024-08-23,19763,9,SO45590,1,3578.27,3578.27,0,2171.2942,3578.27,286.2616,89.4568
326,2011-08-30,2011-09-11,2024-08-24,25831,9,SO45591,1,699.0982,699.0982,0,413.1463,699.0982,55.9279,17.4775
345,2011-08-30,2011-09-11,2024-08-25,11897,9,SO45592,1,3399.99,3399.99,0,1912.1544,3399.99,271.9992,84.9998
310,2011-08-29,2011-09-10,2024-08-26,14428,8,SO45580,1,3578.27,3578.27,0,2171.2942,3578.27,286.2616,89.4568
313,2011-08-29,2011-09-10,2024-08-27,11263,1,SO45581,1,3578.27,3578.27,0,2171.2942,3578.27,286.2616,89.4568
312,2011-08-29,2011-09-10,2024-08-28,28656,6,SO45582,1,3578.27,3578.27,0,2171.2942,3578.27,286.2616,89.4568
311,2011-08-29,2011-09-10,2024-08-29,11274,1,SO45583,1,3578.27,3578.27,0,2171.2942,3578.27,286.2616,89.4568
336,2011-08-29,2011-09-10,2024-08-30,25828,9,SO45584,1,699.0982,699.0982,0,413.1463,699.0982,55.9279,17.4775
351,2011-08-29,2011-09-10,2024-08-31,11905,9,SO45585,1,3374.99,3374.99,0,1898.0944,3374.99,269.9992,84.3748
311,2011-08-28,2011-09-09,2024-09-01,12523,7,SO45511,1,3578.27,3578.27,0,2171.2942,3578.27,286.2616,89.4568
312,2011-08-28,2011-09-09,2024-09-02,11175,4,SO45512,1,3578.27,3578.27,0,2171.2942,3578.27,286.2616,89.4568
348,2011-08-28,2011-09-09,2024-09-03,25996,4,SO45513,1,3374.99,3374.99,0,1898.0944,3374.99,269.9992,84.3748
314,2011-08-28,2011-09-09,2024-09-04,28051,6,SO45514,1,3578.27,3578.27,0,2171.2942,3578.27,286.2616,89.4568
310,2011-08-28,2011-09-09,2024-09-05,19557,9,SO45515,1,3578.27,3578.27,0,2171.2942,3578.27,286.2616,89.4568
310,2011-08-27,2011-09-08,2024-09-06,12510,7,SO45508,1,3578.27,3578.27,0,2171.2942,3578.27,286.2616,89.4568
310,2011-08-27,2011-09-08,2024-09-07,14148,8,SO45509,1,3578.27,3578.27,0,2171.2942,3578.27,286.2616,89.4568
310,2011-08-27,2011-09-08,2024-09-08,22998,6,SO45510,1,3578.27,3578.27,0,2171.2942,3578.27,286.2616,89.4568
314,2011-08-26,2011-09-07,2024-09-09,29340,6,SO45496,1,3578.27,3578.27,0,2171.2942,3578.27,286.2616,89.4568
311,2011-08-26,2011-09-07,2024-09-10,28354,6,SO45497,1,3578.27,3578.27,0,2171.2942,3578.27,286.2616,89.4568
312,2011-08-26,2011-09-07,2024-09-11,28574,6,SO45498,1,3578.27,3578.27,0,2171.2942,3578.27,286.2616,89.4568
314,2011-08-26,2011-09-07,2024-09-12,28626,6,SO45499,1,3578.27,3578.27,0,2171.2942,3578.27,286.2616,89.4568
312,2011-08-26,2011-09-07,2024-09-13,11189,1,SO45500,1,3578.27,3578.27,0,2171.2942,3578.27,286.2616,89.4568
350,2011-08-26,2011-09-07,2024-09-14,25993,1,SO45501,1,3374.99,3374.99,0,1898.0944,3374.99,269.9992,84.3748
314,2011-08-26,2011-09-07,2024-09-15,28173,6,SO45502,1,3578.27,3578.27,0,2171.2942,3578.27,286.2616,89.4568
314,2011-08-26,2011-09-07,2024-09-16,22995,6,SO45503,1,3578.27,3578.27,0,2171.2942,3578.27,286.2616,89.4568
340,2011-08-26,2011-09-07,2024-09-17,14730,4,SO45504,1,699.0982,699.0982,0,413.1463,699.0982,55.9279,17.4775
313,2011-08-26,2011-09-07,2024-09-18,19593,9,SO45505,1,3578.27,3578.27,0,2171.2942,3578.27,286.2616,89.4568
311,2011-08-26,2011-09-07,2024-09-19,19615,9,SO45506,1,3578.27,3578.27,0,2171.2942,3578.27,286.2616,89.4568
314,2011-08-26,2011-09-07,2024-09-20,19616,9,SO45507,1,3578.27,3578.27,0,2171.2942,3578.27,286.2616,89.4568
311,2011-08-25,2011-09-06,2024-09-21,27672,6,SO45491,1,3578.27,3578.27,0,2171.2942,3578.27,286.2616,89.4568
330,2011-08-25,2011-09-06,2024-09-22,19429,8,SO45492,1,699.0982,699.0982,0,413.1463,699.0982,55.9279,17.4775
320,2011-08-25,2011-09-06,2024-09-23,14731,4,SO45493,1,699.0982,699.0982,0,413.1463,699.0982,55.9279,17.4775
310,2011-08-25,2011-09-06,2024-09-24,19609,9,SO45494,1,3578.27,3578.27,0,2171.2942,3578.27,286.2616,89.4568
342,2011-08-25,2011-09-06,2024-09-25,25821,9,SO45495,1,699.0982,699.0982,0,413.1463,699.0982,55.9279,17.4775
310,2011-08-24,2011-09-05,2024-09-26,12522,7,SO45482,1,3578.27,3578.27,0,2171.2942,3578.27,286.2616,89.4568
314,2011-08-24,2011-09-05,2024-09-27,14181,8,SO45483,1,3578.27,3578.27,0,2171.2942,3578.27,286.2616,89.4568
313,2011-08-24,2011-09-05,2024-09-28,23267,6,SO45484,1,3578.27,3578.27,0,2171.2942,3578.27,286.2616,89.4568
312,2011-08-24,2011-09-05,2024-09-29,11257,4,SO45485,1,3578.27,3578.27,0,2171.2942,3578.27,286.2616,89.4568
324,2011-08-24,2011-09-05,2024-09-30,14737,1,SO45486,1,699.0982,699.0982,0,413.1463,699.0982,55.9279,17.4775
313,2011-08-24,2011-09-05,2024-10-01,19556,9,SO45487,1,3578.27,3578.27,0,2171.2942,3578.27,286.2616,89.4568
311,2011-08-24,2011-09-05,2024-10-02,19577,9,SO45488,1,3578.27,3578.27,0,2171.2942,3578.27,286.2616,89.4568
310,2011-08-24,2011-09-05,2024-10-03,19602,9,SO45489,1,3578.27,3578.27,0,2171.2942,3578.27,286.2616,89.4568
313,2011-08-24,2011-09-05,2024-10-04,22976,6,SO45490,1,3578.27,3578.27,0,2171.2942,3578.27,286.2616,89.4568
313,2011-08-23,2011-09-04,2024-10-05,14160,8,SO45477,1,3578.27,3578.27,0,2171.2942,3578.27,286.2616,89.4568
313,2011-08-23,2011-09-04,2024-10-06,29354,1,SO45478,1,3578.27,3578.27,0,2171.2942,3578.27,286.2616,89.4568
313,2011-08-23,2011-09-04,2024-10-07,19099,9,SO45479,1,3578.27,3578.27,0,2171.2942,3578.27,286.2616,89.4568
313,2011-08-23,2011-09-04,2024-10-08,19564,9,SO45480,1,3578.27,3578.27,0,2171.2942,3578.27,286.2616,89.4568
313,2011-08-23,2011-09-04,2024-10-09,19563,9,SO45481,1,3578.27,3578.27,0,2171.2942,3578.27,286.2616,89.4568
345,2011-08-22,2011-09-03,2024-10-10,11422,10,SO45467,1,3399.99,3399.99,0,1912.1544,3399.99,271.9992,84.9998
311,2011-08-22,2011-09-03,2024-10-11,23164,6,SO45468,1,3578.27,3578.27,0,2171.2942,3578.27,286.2616,89.4568
350,2011-08-22,2011-09-03,2024-10-12,19989,6,SO45469,1,3374.99,3374.99,0,1898.0944,3374.99,269.9992,84.3748
312,2011-08-22,2011-09-03,2024-10-13,28177,6,SO45470,1,3578.27,3578.27,0,2171.2942,3578.27,286.2616,89.4568
313,2011-08-22,2011-09-03,2024-10-14,29280,1,SO45471,1,3578.27,3578.27,0,2171.2942,3578.27,286.2616,89.4568
313,2011-08-22,2011-09-03,2024-10-15,19095,9,SO45472,1,3578.27,3578.27,0,2171.2942,3578.27,286.2616,89.4568
310,2011-08-22,2011-09-03,2024-10-16,19592,9,SO45473,1,3578.27,3578.27,0,2171.2942,3578.27,286.2616,89.4568
310,2011-08-22,2011-09-03,2024-10-17,19595,9,SO45474,1,3578.27,3578.27,0,2171.2942,3578.27,286.2616,89.4568
313,2011-08-22,2011-09-03,2024-10-18,19601,9,SO45475,1,3578.27,3578.27,0,2171.2942,3578.27,286.2616,89.4568
314,2011-08-22,2011-09-03,2024-10-19,19614,9,SO45476,1,3578.27,3578.27,0,2171.2942,3578.27,286.2616,89.4568
311,2011-08-21,2011-09-02,2024-10-20,19611,9,SO45466,1,3578.27,3578.27,0,2171.2942,3578.27,286.2616,89.4568
311,2011-08-20,2011-09-01,2024-10-21,28646,6,SO45461,1,3578.27,3578.27,0,2171.2942,3578.27,286.2616,89.4568
310,2011-08-20,2011-09-01,2024-10-22,28647,6,SO45462,1,3578.27,3578.27,0,2171.2942,3578.27,286.2616,89.4568
312,2011-08-20,2011-09-01,2024-10-23,11171,4,SO45463,1,3578.27,3578.27,0,2171.2942,3578.27,286.2616,89.4568
314,2011-08-20,2011-09-01,2024-10-24,19586,9,SO45464,1,3578.27,3578.27,0,2171.2942,3578.27,286.2616,89.4568
342,2011-08-20,2011-09-01,2024-10-25,25819,9,SO45465,1,699.0982,699.0982,0,413.1463,699.0982,55.9279,17.4775
310,2011-08-19,2011-08-31,2024-10-26,14163,8,SO45455,1,3578.27,3578.27,0,2171.2942,3578.27,286.2616,89.4568
312,2011-08-19,2011-08-31,2024-10-27,23113,6,SO45456,1,3578.27,3578.27,0,2171.2942,3578.27,286.2616,89.4568
313,2011-08-19,2011-08-31,2024-10-28,27752,6,SO45457,1,3578.27,3578.27,0,2171.2942,3578.27,286.2616,89.4568
311,2011-08-19,2011-08-31,2024-10-29,19599,9,SO45458,1,3578.27,3578.27,0,2171.2942,3578.27,286.2616,89.4568
310,2011-08-19,2011-08-31,2024-10-30,19605,9,SO45459,1,3578.27,3578.27,0,2171.2942,3578.27,286.2616,89.4568
334,2011-08-19,2011-08-31,2024-10-31,25822,9,SO45460,1,699.0982,699.0982,0,413.1463,699.0982,55.9279,17.4775
311,2011-08-18,2011-08-30,2024-11-01,12549,7,SO45453,1,3578.27,3578.27,0,2171.2942,3578.27,286.2616,89.4568
312,2011-08-18,2011-08-30,2024-11-02,23074,6,SO45454,1,3578.27,3578.27,0,2171.2942,3578.27,286.2616,89.4568
310,2011-08-17,2011-08-29,2024-11-03,14189,8,SO45449,1,3578.27,3578.27,0,2171.2942,3578.27,286.2616,89.4568
312,2011-08-17,2011-08-29,2024-11-04,28624,6,SO45450,1,3578.27,3578.27,0,2171.2942,3578.27,286.2616,89.4568
311,2011-08-17,2011-08-29,2024-11-05,29279,4,SO45451,1,3578.27,3578.27,0,2171.2942,3578.27,286.2616,89.4568
314,2011-08-17,2011-08-29,2024-11-06,19559,9,SO45452,1,3578.27,3578.27,0,2171.2942,3578.27,286.2616,89.4568
345,2011-08-16,2011-08-28,2024-11-07,25990,1,SO45446,1,3399.99,3399.99,0,1912.1544,3399.99,271.9992,84.9998
313,2011-08-16,2011-08-28,2024-11-08,19558,9,SO45447,1,3578.27,3578.27,0,2171.2942,3578.27,286.2616,89.4568
324,2011-08-16,2011-08-28,2024-11-09,25718,9,SO45448,1,699.0982,699.0982,0,413.1463,699.0982,55.9279,17.4775
312,2011-08-15,2011-08-27,2024-11-10,14198,8,SO45440,1,3578.27,3578.27,0,2171.2942,3578.27,286.2616,89.4568
312,2011-08-15,2011-08-27,2024-11-11,11216,1,SO45441,1,3578.27,3578.27,0,2171.2942,3578.27,286.2616,89.4568
314,2011-08-15,2011-08-27,2024-11-12,29335,1,SO45442,1,3578.27,3578.27,0,2171.2942,3578.27,286.2616,89.4568
313,2011-08-15,2011-08-27,2024-11-13,29350,4,SO45443,1,3578.27,3578.27,0,2171.2942,3578.27,286.2616,89.4568
310,2011-08-15,2011-08-27,2024-11-14,19102,9,SO45444,1,3578.27,3578.27,0,2171.2942,3578.27,286.2616,89.4568
310,2011-08-15,2011-08-27,2024-11-15,19105,9,SO45445,1,3578.27,3578.27,0,2171.2942,3578.27,286.2616,89.4568
312,2011-08-14,2011-08-26,2024-11-16,14167,8,SO45432,1,3578.27,3578.27,0,2171.2942,3578.27,286.2616,89.4568
310,2011-08-14,2011-08-26,2024-11-17,12547,7,SO45433,1,3578.27,3578.27,0,2171.2942,3578.27,286.2616,89.4568
311,2011-08-14,2011-08-26,2024-11-18,11252,4,SO45434,1,3578.27,3578.27,0,2171.2942,3578.27,286.2616,89.4568
336,2011-08-14,2011-08-26,2024-11-19,20562,10,SO45435,1,699.0982,699.0982,0,413.1463,699.0982,55.9279,17.4775
312,2011-08-14,2011-08-26,2024-11-20,28130,6,SO45436,1,3578.27,3578.27,0,2171.2942,3578.27,286.2616,89.4568
312,2011-08-14,2011-08-26,2024-11-21,28169,6,SO45437,1,3578.27,3578.27,0,2171.2942,3578.27,286.2616,89.4568
310,2011-08-14,2011-08-26,2024-11-22,29334,1,SO45438,1,3578.27,3578.27,0,2171.2942,3578.27,286.2616,89.4568
326,2011-08-14,2011-08-26,2024-11-23,25823,9,SO45439,1,699.0982,699.0982,0,413.1463,699.0982,55.9279,17.4775
310,2011-08-13,2011-08-25,2024-11-24,15056,10,SO45425,1,3578.27,3578.27,0,2171.2942,3578.27,286.2616,89.4568
312,2011-08-13,2011-08-25,2024-11-25,14164,8,SO45426,1,3578.27,3578.27,0,2171.2942,3578.27,286.2616,89.4568
349,2011-08-13,2011-08-25,2024-11-26,29481,8,SO45427,1,3374.99,3374.99,0,1898.0944,3374.99,269.9992,84.3748
346,2011-08-13,2011-08-25,2024-11-27,11414,10,SO45428,1,3399.99,3399.99,0,1912.1544,3399.99,271.9992,84.9998
310,2011-08-13,2011-08-25,2024-11-28,28129,6,SO45429,1,3578.27,3578.27,0,2171.2942,3578.27,286.2616,89.4568
312,2011-08-13,2011-08-25,2024-11-29,28176,6,SO45430,1,3578.27,3578.27,0,2171.2942,3578.27,286.2616,89.4568
311,2011-08-13,2011-08-25,2024-11-30,28013,6,SO45431,1,3578.27,3578.27,0,2171.2942,3578.27,286.2616,89.4568
310,2011-08-12,2011-08-24,2024-12-01,28198,6,SO45422,1,3578.27,3578.27,0,2171.2942,3578.27,286.2616,89.4568
348,2011-08-12,2011-08-24,2024-12-02,19997,6,SO45423,1,3374.99,3374.99,0,1898.0944,3374.99,269.9992,84.3748
311,2011-08-12,2011-08-24,2024-12-03,28165,6,SO45424,1,3578.27,3578.27,0,2171.2942,3578.27,286.2616,89.4568
310,2011-08-11,2011-08-23,2024-12-04,14149,8,SO45410,1,3578.27,3578.27,0,2171.2942,3578.27,286.2616,89.4568
313,2011-08-11,2011-08-23,2024-12-05,28197,6,SO45411,1,3578.27,3578.27,0,2171.2942,3578.27,286.2616,89.4568
310,2011-08-11,2011-08-23,2024-12-06,23137,6,SO45412,1,3578.27,3578.27,0,2171.2942,3578.27,286.2616,89.4568
312,2011-08-11,2011-08-23,2024-12-07,11191,4,SO45413,1,3578.27,3578.27,0,2171.2942,3578.27,286.2616,89.4568
330,2011-08-11,2011-08-23,2024-12-08,18038,7,SO45414,1,699.0982,699.0982,0,413.1463,699.0982,55.9279,17.4775
312,2011-08-11,2011-08-23,2024-12-09,28092,6,SO45415,1,3578.27,3578.27,0,2171.2942,3578.27,286.2616,89.4568
310,2011-08-11,2011-08-23,2024-12-10,28161,6,SO45416,1,3578.27,3578.27,0,2171.2942,3578.27,286.2616,89.4568
310,2011-08-11,2011-08-23,2024-12-11,28620,6,SO45417,1,3578.27,3578.27,0,2171.2942,3578.27,286.2616,89.4568
311,2011-08-11,2011-08-23,2024-12-12,19264,9,SO45418,1,3578.27,3578.27,0,2171.2942,3578.27,286.2616,89.4568
314,2011-08-11,2011-08-23,2024-12-13,19555,9,SO45419,1,3578.27,3578.27,0,2171.2942,3578.27,286.2616,89.4568
313,2011-08-11,2011-08-23,2024-12-14,19561,9,SO45420,1,3578.27,3578.27,0,2171.2942,3578.27,286.2616,89.4568
313,2011-08-11,2011-08-23,2024-12-15,19576,9,SO45421,1,3578.27,3578.27,0,2171.2942,3578.27,286.2616,89.4568
313,2011-08-10,2011-08-22,2024-12-16,14162,8,SO45400,1,3578.27,3578.27,0,2171.2942,3578.27,286.2616,89.4568
310,2011-08-10,2011-08-22,2024-12-17,15058,10,SO45401,1,3578.27,3578.27,0,2171.2942,3578.27,286.2616,89.4568
344,2011-08-10,2011-08-22,2024-12-18,11413,10,SO45402,1,3399.99,3399.99,0,1912.1544,3399.99,271.9992,84.9998
314,2011-08-10,2011-08-22,2024-12-19,23114,6,SO45403,1,3578.27,3578.27,0,2171.2942,3578.27,286.2616,89.4568
310,2011-08-10,2011-08-22,2024-12-20,11217,1,SO45404,1,3578.27,3578.27,0,2171.2942,3578.27,286.2616,89.4568
312,2011-08-10,2011-08-22,2024-12-21,23209,6,SO45405,1,3578.27,3578.27,0,2171.2942,3578.27,286.2616,89.4568
351,2011-08-10,2011-08-22,2024-12-22,25987,4,SO45406,1,3374.99,3374.99,0,1898.0944,3374.99,269.9992,84.3748
314,2011-08-10,2011-08-22,2024-12-23,29285,4,SO45407,1,3578.27,3578.27,0,2171.2942,3578.27,286.2616,89.4568
314,2011-08-10,2011-08-22,2024-12-24,29326,4,SO45408,1,3578.27,3578.27,0,2171.2942,3578.27,286.2616,89.4568
312,2011-08-10,2011-08-22,2024-12-25,19612,9,SO45409,1,3578.27,3578.27,0,2171.2942,3578.27,286.2616,89.4568
313,2011-08-09,2011-08-21,2024-12-26,15051,10,SO45397,1,3578.27,3578.27,0,2171.2942,3578.27,286.2616,89.4568
312,2011-08-09,2011-08-21,2024-12-27,15059,10,SO45398,1,3578.27,3578.27,0,2171.2942,3578.27,286.2616,89.4568
311,2011-08-09,2011-08-21,2024-12-28,19598,9,SO45399,1,3578.27,3578.27,0,2171.2942,3578.27,286.2616,89.4568
312,2011-08-08,2011-08-20,2024-12-29,14171,8,SO45393,1,3578.27,3578.27,0,2171.2942,3578.27,286.2616,89.4568
348,2011-08-08,2011-08-20,2024-12-30,11468,10,SO45394,1,3374.99,3374.99,0,1898.0944,3374.99,269.9992,84.3748
313,2011-08-08,2011-08-20,2024-12-31,29352,4,SO45395,1,3578.27,3578.27,0,2171.2942,3578.27,286.2616,89.4568
312,2011-08-08,2011-08-20,2025-01-01,19594,9,SO45396,1,3578.27,3578.27,0,2171.2942,3578.27,286.2616,89.4568
310,2011-08-07,2011-08-19,2025-01-02,11224,1,SO45387,1,3578.27,3578.27,0,2171.2942,3578.27,286.2616,89.4568
350,2011-08-07,2011-08-19,2025-01-03,25986,1,SO45388,1,3374.99,3374.99,0,1898.0944,3374.99,269.9992,84.3748
310,2011-08-07,2011-08-19,2025-01-04,11090,4,SO45389,1,3578.27,3578.27,0,2171.2942,3578.27,286.2616,89.4568
310,2011-08-07,2011-08-19,2025-01-05,19560,9,SO45390,1,3578.27,3578.27,0,2171.2942,3578.27,286.2616,89.4568
313,2011-08-07,2011-08-19,2025-01-06,19588,9,SO45391,1,3578.27,3578.27,0,2171.2942,3578.27,286.2616,89.4568
344,2011-08-07,2011-08-19,2025-01-07,11762,9,SO45392,1,3399.99,3399.99,0,1912.1544,3399.99,271.9992,84.9998
313,2011-08-06,2011-08-18,2025-01-08,15077,10,SO45377,1,3578.27,3578.27,0,2171.2942,3578.27,286.2616,89.4568
310,2011-08-06,2011-08-18,2025-01-09,28178,6,SO45378,1,3578.27,3578.27,0,2171.2942,3578.27,286.2616,89.4568
313,2011-08-06,2011-08-18,2025-01-10,28363,6,SO45379,1,3578.27,3578.27,0,2171.2942,3578.27,286.2616,89.4568
324,2011-08-06,2011-08-18,2025-01-11,18010,7,SO45380,1,699.0982,699.0982,0,413.1463,699.0982,55.9279,17.4775
344,2011-08-06,2011-08-18,2025-01-12,19988,6,SO45381,1,3399.99,3399.99,0,1912.1544,3399.99,271.9992,84.9998
313,2011-08-06,2011-08-18,2025-01-13,11129,1,SO45382,1,3578.27,3578.27,0,2171.2942,3578.27,286.2616,89.4568
332,2011-08-06,2011-08-18,2025-01-14,14734,1,SO45383,1,699.0982,699.0982,0,413.1463,699.0982,55.9279,17.4775
338,2011-08-06,2011-08-18,2025-01-15,26789,6,SO45384,1,699.0982,699.0982,0,413.1463,699.0982,55.9279,17.4775
334,2011-08-06,2011-08-18,2025-01-16,14735,1,SO45385,1,699.0982,699.0982,0,413.1463,699.0982,55.9279,17.4775
312,2011-08-06,2011-08-18,2025-01-17,19607,9,SO45386,1,3578.27,3578.27,0,2171.2942,3578.27,286.2616,89.4568
310,2011-08-05,2011-08-17,2025-01-18,15062,10,SO45371,1,3578.27,3578.27,0,2171.2942,3578.27,286.2616,89.4568
348,2011-08-05,2011-08-17,2025-01-19,28449,7,SO45372,1,3374.99,3374.99,0,1898.0944,3374.99,269.9992,84.3748
349,2011-08-05,2011-08-17,2025-01-20,25994,1,SO45373,1,3374.99,3374.99,0,1898.0944,3374.99,269.9992,84.3748
312,2011-08-05,2011-08-17,2025-01-21,22996,6,SO45374,1,3578.27,3578.27,0,2171.2942,3578.27,286.2616,89.4568
313,2011-08-05,2011-08-17,2025-01-22,19596,9,SO45375,1,3578.27,3578.27,0,2171.2942,3578.27,286.2616,89.4568
344,2011-08-05,2011-08-17,2025-01-23,11761,9,SO45376,1,3399.99,3399.99,0,1912.1544,3399.99,271.9992,84.9998
311,2011-08-04,2011-08-16,2025-01-24,14161,8,SO45364,1,3578.27,3578.27,0,2171.2942,3578.27,286.2616,89.4568
313,2011-08-04,2011-08-16,2025-01-25,15078,10,SO45365,1,3578.27,3578.27,0,2171.2942,3578.27,286.2616,89.4568
330,2011-08-04,2011-08-16,2025-01-26,18011,7,SO45366,1,699.0982,699.0982,0,413.1463,699.0982,55.9279,17.4775
328,2011-08-04,2011-08-16,2025-01-27,20561,10,SO45367,1,699.0982,699.0982,0,413.1463,699.0982,55.9279,17.4775
328,2011-08-04,2011-08-16,2025-01-28,14732,1,SO45368,1,699.0982,699.0982,0,413.1463,699.0982,55.9279,17.4775
314,2011-08-04,2011-08-16,2025-01-29,19269,9,SO45369,1,3578.27,3578.27,0,2171.2942,3578.27,286.2616,89.4568
312,2011-08-04,2011-08-16,2025-01-30,19270,9,SO45370,1,3578.27,3578.27,0,2171.2942,3578.27,286.2616,89.4568
351,2011-08-03,2011-08-15,2025-01-31,28443,7,SO45357,1,3374.99,3374.99,0,1898.0944,3374.99,269.9992,84.3748
312,2011-08-03,2011-08-15,2025-02-01,23172,6,SO45358,1,3578.27,3578.27,0,2171.2942,3578.27,286.2616,89.4568
313,2011-08-03,2011-08-15,2025-02-02,11227,4,SO45359,1,3578.27,3578.27,0,2171.2942,3578.27,286.2616,89.4568
313,2011-08-03,2011-08-15,2025-02-03,28036,6,SO45360,1,3578.27,3578.27,0,2171.2942,3578.27,286.2616,89.4568
312,2011-08-03,2011-08-15,2025-02-04,23057,6,SO45361,1,3578.27,3578.27,0,2171.2942,3578.27,286.2616,89.4568
313,2011-08-03,2011-08-15,2025-02-05,19271,9,SO45362,1,3578.27,3578.27,0,2171.2942,3578.27,286.2616,89.4568
312,2011-08-03,2011-08-15,2025-02-06,19565,9,SO45363,1,3578.27,3578.27,0,2171.2942,3578.27,286.2616,89.4568
313,2011-08-02,2011-08-14,2025-02-07,12520,7,SO45351,1,3578.27,3578.27,0,2171.2942,3578.27,286.2616,89.4568
313,2011-08-02,2011-08-14,2025-02-08,15081,10,SO45352,1,3578.27,3578.27,0,2171.2942,3578.27,286.2616,89.4568
310,2011-08-02,2011-08-14,2025-02-09,28630,6,SO45353,1,3578.27,3578.27,0,2171.2942,3578.27,286.2616,89.4568
340,2011-08-02,2011-08-14,2025-02-10,19432,8,SO45354,1,699.0982,699.0982,0,413.1463,699.0982,55.9279,17.4775
312,2011-08-02,2011-08-14,2025-02-11,28778,6,SO45355,1,3578.27,3578.27,0,2171.2942,3578.27,286.2616,89.4568
313,2011-08-02,2011-08-14,2025-02-12,19096,9,SO45356,1,3578.27,3578.27,0,2171.2942,3578.27,286.2616,89.4568
313,2011-08-01,2011-08-13,2025-02-13,15048,10,SO45345,1,3578.27,3578.27,0,2171.2942,3578.27,286.2616,89.4568
312,2011-08-01,2011-08-13,2025-02-14,28648,6,SO45346,1,3578.27,3578.27,0,2171.2942,3578.27,286.2616,89.4568
342,2011-08-01,2011-08-13,2025-02-15,14733,4,SO45347,1,699.0982,699.0982,0,413.1463,699.0982,55.9279,17.4775
311,2011-08-01,2011-08-13,2025-02-16,19562,9,SO45348,1,3578.27,3578.27,0,2171.2942,3578.27,286.2616,89.4568
312,2011-08-01,2011-08-13,2025-02-17,19568,9,SO45349,1,3578.27,3578.27,0,2171.2942,3578.27,286.2616,89.4568
311,2011-08-01,2011-08-13,2025-02-18,19613,9,SO45350,1,3578.27,3578.27,0,2171.2942,3578.27,286.2616,89.4568
314,2011-07-31,2011-08-12,2025-02-19,29225,1,SO45259,1,3578.27,3578.27,0,2171.2942,3578.27,286.2616,89.4568
310,2011-07-31,2011-08-12,2025-02-20,29150,1,SO45260,1,3578.27,3578.27,0,2171.2942,3578.27,286.2616,89.4568
312,2011-07-31,2011-08-12,2025-02-21,29175,1,SO45261,1,3578.27,3578.27,0,2171.2942,3578.27,286.2616,89.4568
313,2011-07-31,2011-08-12,2025-02-22,29265,4,SO45262,1,3578.27,3578.27,0,2171.2942,3578.27,286.2616,89.4568
340,2011-07-31,2011-08-12,2025-02-23,14722,1,SO45263,1,699.0982,699.0982,0,413.1463,699.0982,55.9279,17.4775
349,2011-07-31,2011-08-12,2025-02-24,11454,9,SO45264,1,3374.99,3374.99,0,1898.0944,3374.99,269.9992,84.3748
350,2011-07-31,2011-08-12,2025-02-25,11461,9,SO45265,1,3374.99,3374.99,0,1898.0944,3374.99,269.9992,84.3748
310,2011-07-30,2011-08-11,2025-02-26,14928,10,SO45249,1,3578.27,3578.27,0,2171.2942,3578.27,286.2616,89.4568
310,2011-07-30,2011-08-11,2025-02-27,14147,8,SO45250,1,3578.27,3578.27,0,2171.2942,3578.27,286.2616,89.4568
334,2011-07-30,2011-08-11,2025-02-28,19422,8,SO45251,1,699.0982,699.0982,0,413.1463,699.0982,55.9279,17.4775
312,2011-07-30,2011-08-11,2025-03-01,22877,6,SO45252,1,3578.27,3578.27,0,2171.2942,3578.27,286.2616,89.4568
314,2011-07-30,2011-08-11,2025-03-02,29237,4,SO45253,1,3578.27,3578.27,0,2171.2942,3578.27,286.2616,89.4568
314,2011-07-30,2011-08-11,2025-03-03,29252,4,SO45254,1,3578.27,3578.27,0,2171.2942,3578.27,286.2616,89.4568
314,2011-07-30,2011-08-11,2025-03-04,29258,1,SO45255,1,3578.27,3578.27,0,2171.2942,3578.27,286.2616,89.4568
336,2011-07-30,2011-08-11,2025-03-05,14664,4,SO45256,1,699.0982,699.0982,0,413.1463,699.0982,55.9279,17.4775
314,2011-07-30,2011-08-11,2025-03-06,18718,9,SO45257,1,3578.27,3578.27,0,2171.2942,3578.27,286.2616,89.4568
340,2011-07-30,2011-08-11,2025-03-07,25712,9,SO45258,1,699.0982,699.0982,0,413.1463,699.0982,55.9279,17.4775
310,2011-07-29,2011-08-10,2025-03-08,18928,9,SO45245,1,3578.27,3578.27,0,2171.2942,3578.27,286.2616,89.4568
310,2011-07-29,2011-08-10,2025-03-09,18709,9,SO45246,1,3578.27,3578.27,0,2171.2942,3578.27,286.2616,89.4568
334,2011-07-29,2011-08-10,2025-03-10,25716,9,SO45247,1,699.0982,699.0982,0,413.1463,699.0982,55.9279,17.4775
344,2011-07-29,2011-08-10,2025-03-11,11451,9,SO45248,1,3399.99,3399.99,0,1912.1544,3399.99,271.9992,84.9998
328,2011-07-28,2011-08-09,2025-03-12,19420,8,SO45239,1,699.0982,699.0982,0,413.1463,699.0982,55.9279,17.4775
310,2011-07-28,2011-08-09,2025-03-13,29155,1,SO45240,1,3578.27,3578.27,0,2171.2942,3578.27,286.2616,89.4568
311,2011-07-28,2011-08-09,2025-03-14,29203,4,SO45241,1,3578.27,3578.27,0,2171.2942,3578.27,286.2616,89.4568
311,2011-07-28,2011-08-09,2025-03-15,29223,1,SO45242,1,3578.27,3578.27,0,2171.2942,3578.27,286.2616,89.4568
334,2011-07-28,2011-08-09,2025-03-16,25715,9,SO45243,1,699.0982,699.0982,0,413.1463,699.0982,55.9279,17.4775
350,2011-07-28,2011-08-09,2025-03-17,11756,9,SO45244,1,3374.99,3374.99,0,1898.0944,3374.99,269.9992,84.3748
328,2011-07-27,2011-08-08,2025-03-18,18009,7,SO45234,1,699.0982,699.0982,0,413.1463,699.0982,55.9279,17.4775
314,2011-07-27,2011-08-08,2025-03-19,29147,1,SO45235,1,3578.27,3578.27,0,2171.2942,3578.27,286.2616,89.4568
312,2011-07-27,2011-08-08,2025-03-20,18731,9,SO45236,1,3578.27,3578.27,0,2171.2942,3578.27,286.2616,89.4568
314,2011-07-27,2011-08-08,2025-03-21,18737,9,SO45237,1,3578.27,3578.27,0,2171.2942,3578.27,286.2616,89.4568
346,2011-07-27,2011-08-08,2025-03-22,11459,9,SO45238,1,3399.99,3399.99,0,1912.1544,3399.99,271.9992,84.9998
349,2011-07-26,2011-08-07,2025-03-23,11387,10,SO45229,1,3374.99,3374.99,0,1898.0944,3374.99,269.9992,84.3748
313,2011-07-26,2011-08-07,2025-03-24,29242,1,SO45230,1,3578.27,3578.27,0,2171.2942,3578.27,286.2616,89.4568
314,2011-07-26,2011-08-07,2025-03-25,18908,9,SO45231,1,3578.27,3578.27,0,2171.2942,3578.27,286.2616,89.4568
310,2011-07-26,2011-08-07,2025-03-26,18736,9,SO45232,1,3578.27,3578.27,0,2171.2942,3578.27,286.2616,89.4568
344,2011-07-26,2011-08-07,2025-03-27,11472,9,SO45233,1,3399.99,3399.99,0,1912.1544,3399.99,271.9992,84.9998
338,2011-07-25,2011-08-06,2025-03-28,14653,4,SO45225,1,699.0982,699.0982,0,413.1463,699.0982,55.9279,17.4775
342,2011-07-25,2011-08-06,2025-03-29,14662,4,SO45226,1,699.0982,699.0982,0,413.1463,699.0982,55.9279,17.4775
322,2011-07-25,2011-08-06,2025-03-30,14726,1,SO45227,1,699.0982,699.0982,0,413.1463,699.0982,55.9279,17.4775
314,2011-07-25,2011-08-06,2025-03-31,18768,9,SO45228,1,3578.27,3578.27,0,2171.2942,3578.27,286.2616,89.4568
314,2011-07-24,2011-08-05,2025-04-01,29144,1,SO45217,1,3578.27,3578.27,0,2171.2942,3578.27,286.2616,89.4568
345,2011-07-24,2011-08-05,2025-04-02,25982,1,SO45218,1,3399.99,3399.99,0,1912.1544,3399.99,271.9992,84.9998
313,2011-07-24,2011-08-05,2025-04-03,22893,6,SO45219,1,3578.27,3578.27,0,2171.2942,3578.27,286.2616,89.4568
312,2011-07-24,2011-08-05,2025-04-04,29207,1,SO45220,1,3578.27,3578.27,0,2171.2942,3578.27,286.2616,89.4568
314,2011-07-24,2011-08-05,2025-04-05,22903,6,SO45221,1,3578.27,3578.27,0,2171.2942,3578.27,286.2616,89.4568
330,2011-07-24,2011-08-05,2025-04-06,14728,1,SO45222,1,699.0982,699.0982,0,413.1463,699.0982,55.9279,17.4775
312,2011-07-24,2011-08-05,2025-04-07,18930,9,SO45223,1,3578.27,3578.27,0,2171.2942,3578.27,286.2616,89.4568
311,2011-07-24,2011-08-05,2025-04-08,18723,9,SO45224,1,3578.27,3578.27,0,2171.2942,3578.27,286.2616,89.4568
310,2011-07-23,2011-08-04,2025-04-09,12464,7,SO45214,1,3578.27,3578.27,0,2171.2942,3578.27,286.2616,89.4568
312,2011-07-23,2011-08-04,2025-04-10,29208,1,SO45215,1,3578.27,3578.27,0,2171.2942,3578.27,286.2616,89.4568
313,2011-07-23,2011-08-04,2025-04-11,29261,4,SO45216,1,3578.27,3578.27,0,2171.2942,3578.27,286.2616,89.4568
344,2011-07-22,2011-08-03,2025-04-12,28420,7,SO45205,1,3399.99,3399.99,0,1912.1544,3399.99,271.9992,84.9998
313,2011-07-22,2011-08-03,2025-04-13,12474,7,SO45206,1,3578.27,3578.27,0,2171.2942,3578.27,286.2616,89.4568
312,2011-07-22,2011-08-03,2025-04-14,29156,4,SO45207,1,3578.27,3578.27,0,2171.2942,3578.27,286.2616,89.4568
344,2011-07-22,2011-08-03,2025-04-15,19884,6,SO45208,1,3399.99,3399.99,0,1912.1544,3399.99,271.9992,84.9998
314,2011-07-22,2011-08-03,2025-04-16,29201,4,SO45209,1,3578.27,3578.27,0,2171.2942,3578.27,286.2616,89.4568
311,2011-07-22,2011-08-03,2025-04-17,29239,4,SO45210,1,3578.27,3578.27,0,2171.2942,3578.27,286.2616,89.4568
311,2011-07-22,2011-08-03,2025-04-18,18724,9,SO45211,1,3578.27,3578.27,0,2171.2942,3578.27,286.2616,89.4568
314,2011-07-22,2011-08-03,2025-04-19,18729,9,SO45212,1,3578.27,3578.27,0,2171.2942,3578.27,286.2616,89.4568
349,2011-07-22,2011-08-03,2025-04-20,11464,9,SO45213,1,3374.99,3374.99,0,1898.0944,3374.99,269.9992,84.3748
313,2011-07-21,2011-08-02,2025-04-21,14847,10,SO45198,1,3578.27,3578.27,0,2171.2942,3578.27,286.2616,89.4568
346,2011-07-21,2011-08-02,2025-04-22,29476,8,SO45199,1,3399.99,3399.99,0,1912.1544,3399.99,271.9992,84.9998
311,2011-07-21,2011-08-02,2025-04-23,29148,4,SO45200,1,3578.27,3578.27,0,2171.2942,3578.27,286.2616,89.4568
312,2011-07-21,2011-08-02,2025-04-24,29168,4,SO45201,1,3578.27,3578.27,0,2171.2942,3578.27,286.2616,89.4568
314,2011-07-21,2011-08-02,2025-04-25,19094,9,SO45202,1,3578.27,3578.27,0,2171.2942,3578.27,286.2616,89.4568
314,2011-07-21,2011-08-02,2025-04-26,18907,9,SO45203,1,3578.27,3578.27,0,2171.2942,3578.27,286.2616,89.4568
345,2011-07-21,2011-08-02,2025-04-27,11460,9,SO45204,1,3399.99,3399.99,0,1912.1544,3399.99,271.9992,84.9998
314,2011-07-20,2011-08-01,2025-04-28,14846,10,SO45192,1,3578.27,3578.27,0,2171.2942,3578.27,286.2616,89.4568
310,2011-07-20,2011-08-01,2025-04-29,22889,6,SO45193,1,3578.27,3578.27,0,2171.2942,3578.27,286.2616,89.4568
313,2011-07-20,2011-08-01,2025-04-30,29221,4,SO45194,1,3578.27,3578.27,0,2171.2942,3578.27,286.2616,89.4568
313,2011-07-20,2011-08-01,2025-05-01,18929,9,SO45195,1,3578.27,3578.27,0,2171.2942,3578.27,286.2616,89.4568
311,2011-07-20,2011-08-01,2025-05-02,18739,9,SO45196,1,3578.27,3578.27,0,2171.2942,3578.27,286.2616,89.4568
314,2011-07-20,2011-08-01,2025-05-03,18902,9,SO45197,1,3578.27,3578.27,0,2171.2942,3578.27,286.2616,89.4568
313,2011-07-19,2011-07-31,2025-05-04,14991,10,SO45186,1,3578.27,3578.27,0,2171.2942,3578.27,286.2616,89.4568
310,2011-07-19,2011-07-31,2025-05-05,15047,10,SO45187,1,3578.27,3578.27,0,2171.2942,3578.27,286.2616,89.4568
311,2011-07-19,2011-07-31,2025-05-06,14861,10,SO45188,1,3578.27,3578.27,0,2171.2942,3578.27,286.2616,89.4568
310,2011-07-19,2011-07-31,2025-05-07,29145,1,SO45189,1,3578.27,3578.27,0,2171.2942,3578.27,286.2616,89.4568
313,2011-07-19,2011-07-31,2025-05-08,18931,9,SO45190,1,3578.27,3578.27,0,2171.2942,3578.27,286.2616,89.4568
328,2011-07-19,2011-07-31,2025-05-09,14660,1,SO45191,1,699.0982,699.0982,0,413.1463,699.0982,55.9279,17.4775
311,2011-07-18,2011-07-30,2025-05-10,15046,10,SO45180,1,3578.27,3578.27,0,2171.2942,3578.27,286.2616,89.4568
310,2011-07-18,2011-07-30,2025-05-11,14929,10,SO45181,1,3578.27,3578.27,0,2171.2942,3578.27,286.2616,89.4568
312,2011-07-18,2011-07-30,2025-05-12,18769,9,SO45182,1,3578.27,3578.27,0,2171.2942,3578.27,286.2616,89.4568
334,2011-07-18,2011-07-30,2025-05-13,25711,9,SO45183,1,699.0982,699.0982,0,413.1463,699.0982,55.9279,17.4775
320,2011-07-18,2011-07-30,2025-05-14,25717,9,SO45184,1,699.0982,699.0982,0,413.1463,699.0982,55.9279,17.4775
310,2011-07-18,2011-07-30,2025-05-15,14949,10,SO45185,1,3578.27,3578.27,0,2171.2942,3578.27,286.2616,89.4568
334,2011-07-17,2011-07-29,2025-05-16,18008,7,SO45172,1,699.0982,699.0982,0,413.1463,699.0982,55.9279,17.4775
314,2011-07-17,2011-07-29,2025-05-17,29157,4,SO45173,1,3578.27,3578.27,0,2171.2942,3578.27,286.2616,89.4568
313,2011-07-17,2011-07-29,2025-05-18,29198,4,SO45174,1,3578.27,3578.27,0,2171.2942,3578.27,286.2616,89.4568
313,2011-07-17,2011-07-29,2025-05-19,29238,4,SO45175,1,3578.27,3578.27,0,2171.2942,3578.27,286.2616,89.4568
313,2011-07-17,2011-07-29,2025-05-20,29254,1,SO45176,1,3578.27,3578.27,0,2171.2942,3578.27,286.2616,89.4568
314,2011-07-17,2011-07-29,2025-05-21,18903,9,SO45177,1,3578.27,3578.27,0,2171.2942,3578.27,286.2616,89.4568
347,2011-07-17,2011-07-29,2025-05-22,11456,9,SO45178,1,3399.99,3399.99,0,1912.1544,3399.99,271.9992,84.9998
351,2011-07-17,2011-07-29,2025-05-23,11457,9,SO45179,1,3374.99,3374.99,0,1898.0944,3374.99,269.9992,84.3748
313,2011-07-16,2011-07-28,2025-05-24,22881,6,SO45165,1,3578.27,3578.27,0,2171.2942,3578.27,286.2616,89.4568
312,2011-07-16,2011-07-28,2025-05-25,19083,9,SO45166,1,3578.27,3578.27,0,2171.2942,3578.27,286.2616,89.4568
311,2011-07-16,2011-07-28,2025-05-26,18706,9,SO45167,1,3578.27,3578.27,0,2171.2942,3578.27,286.2616,89.4568
312,2011-07-16,2011-07-28,2025-05-27,18738,9,SO45168,1,3578.27,3578.27,0,2171.2942,3578.27,286.2616,89.4568
314,2011-07-16,2011-07-28,2025-05-28,18766,9,SO45169,1,3578.27,3578.27,0,2171.2942,3578.27,286.2616,89.4568
351,2011-07-16,2011-07-28,2025-05-29,11462,9,SO45170,1,3374.99,3374.99,0,1898.0944,3374.99,269.9992,84.3748
345,2011-07-16,2011-07-28,2025-05-30,11754,9,SO45171,1,3399.99,3399.99,0,1912.1544,3399.99,271.9992,84.9998
344,2011-07-15,2011-07-27,2025-05-31,28419,7,SO45158,1,3399.99,3399.99,0,1912.1544,3399.99,271.9992,84.9998
349,2011-07-15,2011-07-27,2025-06-01,11400,10,SO45159,1,3374.99,3374.99,0,1898.0944,3374.99,269.9992,84.3748
310,2011-07-15,2011-07-27,2025-06-02,14984,10,SO45160,1,3578.27,3578.27,0,2171.2942,3578.27,286.2616,89.4568
349,2011-07-15,2011-07-27,2025-06-03,25978,4,SO45161,1,3374.99,3374.99,0,1898.0944,3374.99,269.9992,84.3748
312,2011-07-15,2011-07-27,2025-06-04,18721,9,SO45162,1,3578.27,3578.27,0,2171.2942,3578.27,286.2616,89.4568
328,2011-07-15,2011-07-27,2025-06-05,25714,9,SO45163,1,699.0982,699.0982,0,413.1463,699.0982,55.9279,17.4775
349,2011-07-15,2011-07-27,2025-06-06,11453,9,SO45164,1,3374.99,3374.99,0,1898.0944,3374.99,269.9992,84.3748
314,2011-07-14,2011-07-26,2025-06-07,14941,10,SO45149,1,3578.27,3578.27,0,2171.2942,3578.27,286.2616,89.4568
346,2011-07-14,2011-07-26,2025-06-08,25980,1,SO45150,1,3399.99,3399.99,0,1912.1544,3399.99,271.9992,84.9998
314,2011-07-14,2011-07-26,2025-06-09,29202,1,SO45151,1,3578.27,3578.27,0,2171.2942,3578.27,286.2616,89.4568
310,2011-07-14,2011-07-26,2025-06-10,29276,1,SO45152,1,3578.27,3578.27,0,2171.2942,3578.27,286.2616,89.4568
310,2011-07-14,2011-07-26,2025-06-11,19089,9,SO45153,1,3578.27,3578.27,0,2171.2942,3578.27,286.2616,89.4568
313,2011-07-14,2011-07-26,2025-06-12,18767,9,SO45154,1,3578.27,3578.27,0,2171.2942,3578.27,286.2616,89.4568
312,2011-07-14,2011-07-26,2025-06-13,18900,9,SO45155,1,3578.27,3578.27,0,2171.2942,3578.27,286.2616,89.4568
344,2011-07-14,2011-07-26,2025-06-14,11465,9,SO45156,1,3399.99,3399.99,0,1912.1544,3399.99,271.9992,84.9998
344,2011-07-14,2011-07-26,2025-06-15,11750,9,SO45157,1,3399.99,3399.99,0,1912.1544,3399.99,271.9992,84.9998
310,2011-07-13,2011-07-25,2025-06-16,14950,10,SO45146,1,3578.27,3578.27,0,2171.2942,3578.27,286.2616,89.4568
312,2011-07-13,2011-07-25,2025-06-17,29166,4,SO45147,1,3578.27,3578.27,0,2171.2942,3578.27,286.2616,89.4568
342,2011-07-13,2011-07-25,2025-06-18,14656,1,SO45148,1,699.0982,699.0982,0,413.1463,699.0982,55.9279,17.4775
314,2011-07-12,2011-07-24,2025-06-19,12468,7,SO45139,1,3578.27,3578.27,0,2171.2942,3578.27,286.2616,89.4568
312,2011-07-12,2011-07-24,2025-06-20,12485,7,SO45140,1,3578.27,3578.27,0,2171.2942,3578.27,286.2616,89.4568
312,2011-07-12,2011-07-24,2025-06-21,29222,4,SO45141,1,3578.27,3578.27,0,2171.2942,3578.27,286.2616,89.4568
311,2011-07-12,2011-07-24,2025-06-22,22901,6,SO45142,1,3578.27,3578.27,0,2171.2942,3578.27,286.2616,89.4568
310,2011-07-12,2011-07-24,2025-06-23,29278,4,SO45143,1,3578.27,3578.27,0,2171.2942,3578.27,286.2616,89.4568
311,2011-07-12,2011-07-24,2025-06-24,19093,9,SO45144,1,3578.27,3578.27,0,2171.2942,3578.27,286.2616,89.4568
314,2011-07-12,2011-07-24,2025-06-25,18716,9,SO45145,1,3578.27,3578.27,0,2171.2942,3578.27,286.2616,89.4568
313,2011-07-11,2011-07-23,2025-06-26,14975,10,SO45130,1,3578.27,3578.27,0,2171.2942,3578.27,286.2616,89.4568
344,2011-07-11,2011-07-23,2025-06-27,25979,1,SO45131,1,3399.99,3399.99,0,1912.1544,3399.99,271.9992,84.9998
350,2011-07-11,2011-07-23,2025-06-28,25985,4,SO45132,1,3374.99,3374.99,0,1898.0944,3374.99,269.9992,84.3748
314,2011-07-11,2011-07-23,2025-06-29,29163,1,SO45133,1,3578.27,3578.27,0,2171.2942,3578.27,286.2616,89.4568
314,2011-07-11,2011-07-23,2025-06-30,22895,6,SO45134,1,3578.27,3578.27,0,2171.2942,3578.27,286.2616,89.4568
310,2011-07-11,2011-07-23,2025-07-01,29264,4,SO45135,1,3578.27,3578.27,0,2171.2942,3578.27,286.2616,89.4568
312,2011-07-11,2011-07-23,2025-07-02,19084,9,SO45136,1,3578.27,3578.27,0,2171.2942,3578.27,286.2616,89.4568
310,2011-07-11,2011-07-23,2025-07-03,18735,9,SO45137,1,3578.27,3578.27,0,2171.2942,3578.27,286.2616,89.4568
349,2011-07-11,2011-07-23,2025-07-04,11452,9,SO45138,1,3374.99,3374.99,0,1898.0944,3374.99,269.9992,84.3748
311,2011-07-10,2011-07-22,2025-07-05,12480,7,SO45126,1,3578.27,3578.27,0,2171.2942,3578.27,286.2616,89.4568
313,2011-07-10,2011-07-22,2025-07-06,29158,1,SO45127,1,3578.27,3578.27,0,2171.2942,3578.27,286.2616,89.4568
310,2011-07-10,2011-07-22,2025-07-07,18726,9,SO45128,1,3578.27,3578.27,0,2171.2942,3578.27,286.2616,89.4568
350,2011-07-10,2011-07-22,2025-07-08,11759,9,SO45129,1,3374.99,3374.99,0,1898.0944,3374.99,269.9992,84.3748
310,2011-07-09,2011-07-21,2025-07-09,29169,1,SO45121,1,3578.27,3578.27,0,2171.2942,3578.27,286.2616,89.4568
314,2011-07-09,2011-07-21,2025-07-10,29236,4,SO45122,1,3578.27,3578.27,0,2171.2942,3578.27,286.2616,89.4568
311,2011-07-09,2011-07-21,2025-07-11,22971,6,SO45123,1,3578.27,3578.27,0,2171.2942,3578.27,286.2616,89.4568
313,2011-07-09,2011-07-21,2025-07-12,18725,9,SO45124,1,3578.27,3578.27,0,2171.2942,3578.27,286.2616,89.4568
312,2011-07-09,2011-07-21,2025-07-13,18708,9,SO45125,1,3578.27,3578.27,0,2171.2942,3578.27,286.2616,89.4568
313,2011-07-08,2011-07-20,2025-07-14,29141,4,SO45113,1,3578.27,3578.27,0,2171.2942,3578.27,286.2616,89.4568
310,2011-07-08,2011-07-20,2025-07-15,29146,1,SO45114,1,3578.27,3578.27,0,2171.2942,3578.27,286.2616,89.4568
348,2011-07-08,2011-07-20,2025-07-16,25984,4,SO45115,1,3374.99,3374.99,0,1898.0944,3374.99,269.9992,84.3748
311,2011-07-08,2011-07-20,2025-07-17,29204,1,SO45116,1,3578.27,3578.27,0,2171.2942,3578.27,286.2616,89.4568
342,2011-07-08,2011-07-20,2025-07-18,14727,1,SO45117,1,699.0982,699.0982,0,413.1463,699.0982,55.9279,17.4775
314,2011-07-08,2011-07-20,2025-07-19,18722,9,SO45118,1,3578.27,3578.27,0,2171.2942,3578.27,286.2616,89.4568
314,2011-07-08,2011-07-20,2025-07-20,18740,9,SO45119,1,3578.27,3578.27,0,2171.2942,3578.27,286.2616,89.4568
344,2011-07-08,2011-07-20,2025-07-21,11751,9,SO45120,1,3399.99,3399.99,0,1912.1544,3399.99,271.9992,84.9998
311,2011-07-07,2011-07-19,2025-07-22,14937,10,SO45109,1,3578.27,3578.27,0,2171.2942,3578.27,286.2616,89.4568
311,2011-07-07,2011-07-19,2025-07-23,18710,9,SO45110,1,3578.27,3578.27,0,2171.2942,3578.27,286.2616,89.4568
326,2011-07-07,2011-07-19,2025-07-24,25713,9,SO45111,1,699.0982,699.0982,0,413.1463,699.0982,55.9279,17.4775
324,2011-07-07,2011-07-19,2025-07-25,20558,10,SO45112,1,699.0982,699.0982,0,413.1463,699.0982,55.9279,17.4775
310,2011-07-06,2011-07-18,2025-07-26,29140,1,SO45103,1,3578.27,3578.27,0,2171.2942,3578.27,286.2616,89.4568
310,2011-07-06,2011-07-18,2025-07-27,29142,4,SO45104,1,3578.27,3578.27,0,2171.2942,3578.27,286.2616,89.4568
312,2011-07-06,2011-07-18,2025-07-28,22765,6,SO45105,1,3578.27,3578.27,0,2171.2942,3578.27,286.2616,89.4568
348,2011-07-06,2011-07-18,2025-07-29,19987,6,SO45106,1,3374.99,3374.99,0,1898.0944,3374.99,269.9992,84.3748
312,2011-07-06,2011-07-18,2025-07-30,29275,4,SO45107,1,3578.27,3578.27,0,2171.2942,3578.27,286.2616,89.4568
310,2011-07-06,2011-07-18,2025-07-31,22975,6,SO45108,1,3578.27,3578.27,0,2171.2942,3578.27,286.2616,89.4568
326,2011-07-05,2011-07-17,2025-08-01,19428,8,SO45100,1,699.0982,699.0982,0,413.1463,699.0982,55.9279,17.4775
313,2011-07-05,2011-07-17,2025-08-02,22748,6,SO45101,1,3578.27,3578.27,0,2171.2942,3578.27,286.2616,89.4568
310,2011-07-05,2011-07-17,2025-08-03,29274,4,SO45102,1,3578.27,3578.27,0,2171.2942,3578.27,286.2616,89.4568
344,2011-07-04,2011-07-16,2025-08-04,11394,10,SO45095,1,3399.99,3399.99,0,1912.1544,3399.99,271.9992,84.9998
312,2011-07-04,2011-07-16,2025-08-05,12483,7,SO45096,1,3578.27,3578.27,0,2171.2942,3578.27,286.2616,89.4568
313,2011-07-04,2011-07-16,2025-08-06,29151,4,SO45097,1,3578.27,3578.27,0,2171.2942,3578.27,286.2616,89.4568
310,2011-07-04,2011-07-16,2025-08-07,29167,1,SO45098,1,3578.27,3578.27,0,2171.2942,3578.27,286.2616,89.4568
312,2011-07-04,2011-07-16,2025-08-08,29174,1,SO45099,1,3578.27,3578.27,0,2171.2942,3578.27,286.2616,89.4568
350,2011-07-03,2011-07-15,2025-08-09,11388,10,SO45087,1,3374.99,3374.99,0,1898.0944,3374.99,269.9992,84.3748
345,2011-07-03,2011-07-15,2025-08-10,11398,10,SO45088,1,3399.99,3399.99,0,1912.1544,3399.99,271.9992,84.9998
351,2011-07-03,2011-07-15,2025-08-11,25977,4,SO45089,1,3374.99,3374.99,0,1898.0944,3374.99,269.9992,84.3748
310,2011-07-03,2011-07-15,2025-08-12,29170,4,SO45090,1,3578.27,3578.27,0,2171.2942,3578.27,286.2616,89.4568
314,2011-07-03,2011-07-15,2025-08-13,18909,9,SO45091,1,3578.27,3578.27,0,2171.2942,3578.27,286.2616,89.4568
313,2011-07-03,2011-07-15,2025-08-14,18899,9,SO45092,1,3578.27,3578.27,0,2171.2942,3578.27,286.2616,89.4568
312,2011-07-03,2011-07-15,2025-08-15,18906,9,SO45093,1,3578.27,3578.27,0,2171.2942,3578.27,286.2616,89.4568
310,2011-07-03,2011-07-15,2025-08-16,22785,6,SO45094,1,3578.27,3578.27,0,2171.2942,3578.27,286.2616,89.4568
312,2011-07-02,2011-07-14,2025-08-17,14947,10,SO45083,1,3578.27,3578.27,0,2171.2942,3578.27,286.2616,89.4568
310,2011-07-02,2011-07-14,2025-08-18,29143,4,SO45084,1,3578.27,3578.27,0,2171.2942,3578.27,286.2616,89.4568
312,2011-07-02,2011-07-14,2025-08-19,18746,9,SO45085,1,3578.27,3578.27,0,2171.2942,3578.27,286.2616,89.4568
314,2011-07-02,2011-07-14,2025-08-20,18747,9,SO45086,1,3578.27,3578.27,0,2171.2942,3578.27,286.2616,89.4568
313,2011-07-01,2011-07-13,2025-08-21,12494,7,SO45078,1,3578.27,3578.27,0,2171.2942,3578.27,286.2616,89.4568
312,2011-07-01,2011-07-13,2025-08-22,29255,4,SO45079,1,3578.27,3578.27,0,2171.2942,3578.27,286.2616,89.4568
332,2011-07-01,2011-07-13,2025-08-23,14657,1,SO45080,1,699.0982,699.0982,0,413.1463,699.0982,55.9279,17.4775
338,2011-07-01,2011-07-13,2025-08-24,26782,6,SO45081,1,699.0982,699.0982,0,413.1463,699.0982,55.9279,17.4775
350,2011-07-01,2011-07-13,2025-08-25,11455,9,SO45082,1,3374.99,3374.99,0,1898.0944,3374.99,269.9992,84.3748
313,2011-06-30,2011-07-12,2025-08-26,14792,10,SO45031,1,3578.27,3578.27,0,2171.2942,3578.27,286.2616,89.4568
311,2011-06-30,2011-07-12,2025-08-27,14139,8,SO45032,1,3578.27,3578.27,0,2171.2942,3578.27,286.2616,89.4568
312,2011-06-30,2011-07-12,2025-08-28,29138,4,SO45033,1,3578.27,3578.27,0,2171.2942,3578.27,286.2616,89.4568
310,2011-06-30,2011-07-12,2025-08-29,28822,1,SO45034,1,3578.27,3578.27,0,2171.2942,3578.27,286.2616,89.4568
310,2011-06-30,2011-07-12,2025-08-30,28839,1,SO45035,1,3578.27,3578.27,0,2171.2942,3578.27,286.2616,89.4568
311,2011-06-30,2011-07-12,2025-08-31,28846,4,SO45036,1,3578.27,3578.27,0,2171.2942,3578.27,286.2616,89.4568
332,2011-06-30,2011-07-12,2025-09-01,25704,9,SO45037,1,699.0982,699.0982,0,413.1463,699.0982,55.9279,17.4775
344,2011-06-29,2011-07-11,2025-09-02,29475,8,SO45024,1,3399.99,3399.99,0,1912.1544,3399.99,271.9992,84.9998
311,2011-06-29,2011-07-11,2025-09-03,29070,4,SO45025,1,3578.27,3578.27,0,2171.2942,3578.27,286.2616,89.4568
344,2011-06-29,2011-07-11,2025-09-04,25962,1,SO45026,1,3399.99,3399.99,0,1912.1544,3399.99,271.9992,84.9998
314,2011-06-29,2011-07-11,2025-09-05,28871,1,SO45027,1,3578.27,3578.27,0,2171.2942,3578.27,286.2616,89.4568
314,2011-06-29,2011-07-11,2025-09-06,18702,9,SO45028,1,3578.27,3578.27,0,2171.2942,3578.27,286.2616,89.4568
311,2011-06-29,2011-07-11,2025-09-07,18331,9,SO45029,1,3578.27,3578.27,0,2171.2942,3578.27,286.2616,89.4568
348,2011-06-29,2011-07-11,2025-09-08,11450,9,SO45030,1,3374.99,3374.99,0,1898.0944,3374.99,269.9992,84.3748
310,2011-06-28,2011-07-10,2025-09-09,14770,10,SO45016,1,3578.27,3578.27,0,2171.2942,3578.27,286.2616,89.4568
312,2011-06-28,2011-07-10,2025-09-10,28826,1,SO45017,1,3578.27,3578.27,0,2171.2942,3578.27,286.2616,89.4568
313,2011-06-28,2011-07-10,2025-09-11,18494,9,SO45018,1,3578.27,3578.27,0,2171.2942,3578.27,286.2616,89.4568
313,2011-06-28,2011-07-10,2025-09-12,18691,9,SO45019,1,3578.27,3578.27,0,2171.2942,3578.27,286.2616,89.4568
311,2011-06-28,2011-07-10,2025-09-13,18332,9,SO45020,1,3578.27,3578.27,0,2171.2942,3578.27,286.2616,89.4568
348,2011-06-28,2011-07-10,2025-09-14,11358,9,SO45021,1,3374.99,3374.99,0,1898.0944,3374.99,269.9992,84.3748
350,2011-06-28,2011-07-10,2025-09-15,11447,9,SO45022,1,3374.99,3374.99,0,1898.0944,3374.99,269.9992,84.3748
310,2011-06-28,2011-07-10,2025-09-16,13807,8,SO45023,1,3578.27,3578.27,0,2171.2942,3578.27,286.2616,89.4568
312,2011-06-27,2011-07-09,2025-09-17,12373,7,SO45006,1,3578.27,3578.27,0,2171.2942,3578.27,286.2616,89.4568
310,2011-06-27,2011-07-09,2025-09-18,14137,8,SO45007,1,3578.27,3578.27,0,2171.2942,3578.27,286.2616,89.4568
313,2011-06-27,2011-07-09,2025-09-19,14831,10,SO45008,1,3578.27,3578.27,0,2171.2942,3578.27,286.2616,89.4568
338,2011-06-27,2011-07-09,2025-09-20,19387,8,SO45009,1,699.0982,699.0982,0,413.1463,699.0982,55.9279,17.4775
313,2011-06-27,2011-07-09,2025-09-21,28869,1,SO45010,1,3578.27,3578.27,0,2171.2942,3578.27,286.2616,89.4568
313,2011-06-27,2011-07-09,2025-09-22,22268,6,SO45011,1,3578.27,3578.27,0,2171.2942,3578.27,286.2616,89.4568
342,2011-06-27,2011-07-09,2025-09-23,14650,1,SO45012,1,699.0982,699.0982,0,413.1463,699.0982,55.9279,17.4775
310,2011-06-27,2011-07-09,2025-09-24,18483,9,SO45013,1,3578.27,3578.27,0,2171.2942,3578.27,286.2616,89.4568
322,2011-06-27,2011-07-09,2025-09-25,25705,9,SO45014,1,699.0982,699.0982,0,413.1463,699.0982,55.9279,17.4775
346,2011-06-27,2011-07-09,2025-09-26,11360,9,SO45015,1,3399.99,3399.99,0,1912.1544,3399.99,271.9992,84.9998
312,2011-06-26,2011-07-08,2025-09-27,13844,8,SO45002,1,3578.27,3578.27,0,2171.2942,3578.27,286.2616,89.4568
314,2011-06-26,2011-07-08,2025-09-28,29059,4,SO45003,1,3578.27,3578.27,0,2171.2942,3578.27,286.2616,89.4568
314,2011-06-26,2011-07-08,2025-09-29,29106,4,SO45004,1,3578.27,3578.27,0,2171.2942,3578.27,286.2616,89.4568
312,2011-06-26,2011-07-08,2025-09-30,28844,4,SO45005,1,3578.27,3578.27,0,2171.2942,3578.27,286.2616,89.4568
311,2011-06-25,2011-07-07,2025-10-01,28805,4,SO44994,1,3578.27,3578.27,0,2171.2942,3578.27,286.2616,89.4568
313,2011-06-25,2011-07-07,2025-10-02,28841,4,SO44995,1,3578.27,3578.27,0,2171.2942,3578.27,286.2616,89.4568
349,2011-06-25,2011-07-07,2025-10-03,25970,1,SO44996,1,3374.99,3374.99,0,1898.0944,3374.99,269.9992,84.3748
310,2011-06-25,2011-07-07,2025-10-04,28870,1,SO44997,1,3578.27,3578.27,0,2171.2942,3578.27,286.2616,89.4568
340,2011-06-25,2011-07-07,2025-10-05,14646,4,SO44998,1,699.0982,699.0982,0,413.1463,699.0982,55.9279,17.4775
311,2011-06-25,2011-07-07,2025-10-06,18485,9,SO44999,1,3578.27,3578.27,0,2171.2942,3578.27,286.2616,89.4568
312,2011-06-25,2011-07-07,2025-10-07,18297,9,SO45000,1,3578.27,3578.27,0,2171.2942,3578.27,286.2616,89.4568
312,2011-06-25,2011-07-07,2025-10-08,18302,9,SO45001,1,3578.27,3578.27,0,2171.2942,3578.27,286.2616,89.4568
314,2011-06-24,2011-07-06,2025-10-09,12323,7,SO44987,1,3578.27,3578.27,0,2171.2942,3578.27,286.2616,89.4568
338,2011-06-24,2011-07-06,2025-10-10,17999,7,SO44988,1,699.0982,699.0982,0,413.1463,699.0982,55.9279,17.4775
311,2011-06-24,2011-07-06,2025-10-11,28854,1,SO44989,1,3578.27,3578.27,0,2171.2942,3578.27,286.2616,89.4568
338,2011-06-24,2011-07-06,2025-10-12,14645,4,SO44990,1,699.0982,699.0982,0,413.1463,699.0982,55.9279,17.4775
314,2011-06-24,2011-07-06,2025-10-13,18698,9,SO44991,1,3578.27,3578.27,0,2171.2942,3578.27,286.2616,89.4568
311,2011-06-24,2011-07-06,2025-10-14,18464,9,SO44992,1,3578.27,3578.27,0,2171.2942,3578.27,286.2616,89.4568
350,2011-06-24,2011-07-06,2025-10-15,11368,9,SO44993,1,3374.99,3374.99,0,1898.0944,3374.99,269.9992,84.3748
312,2011-06-23,2011-07-05,2025-10-16,29132,4,SO44982,1,3578.27,3578.27,0,2171.2942,3578.27,286.2616,89.4568
310,2011-06-23,2011-07-05,2025-10-17,22252,6,SO44983,1,3578.27,3578.27,0,2171.2942,3578.27,286.2616,89.4568
314,2011-06-23,2011-07-05,2025-10-18,29008,4,SO44984,1,3578.27,3578.27,0,2171.2942,3578.27,286.2616,89.4568
311,2011-06-23,2011-07-05,2025-10-19,18692,9,SO44985,1,3578.27,3578.27,0,2171.2942,3578.27,286.2616,89.4568
328,2011-06-23,2011-07-05,2025-10-20,25708,9,SO44986,1,699.0982,699.0982,0,413.1463,699.0982,55.9279,17.4775
312,2011-06-22,2011-07-04,2025-10-21,14776,10,SO44974,1,3578.27,3578.27,0,2171.2942,3578.27,286.2616,89.4568
311,2011-06-22,2011-07-04,2025-10-22,28823,1,SO44975,1,3578.27,3578.27,0,2171.2942,3578.27,286.2616,89.4568
311,2011-06-22,2011-07-04,2025-10-23,28824,1,SO44976,1,3578.27,3578.27,0,2171.2942,3578.27,286.2616,89.4568
313,2011-06-22,2011-07-04,2025-10-24,29010,4,SO44977,1,3578.27,3578.27,0,2171.2942,3578.27,286.2616,89.4568
322,2011-06-22,2011-07-04,2025-10-25,14652,4,SO44978,1,699.0982,699.0982,0,413.1463,699.0982,55.9279,17.4775
310,2011-06-22,2011-07-04,2025-10-26,18469,9,SO44979,1,3578.27,3578.27,0,2171.2942,3578.27,286.2616,89.4568
310,2011-06-22,2011-07-04,2025-10-27,18699,9,SO44980,1,3578.27,3578.27,0,2171.2942,3578.27,286.2616,89.4568
310,2011-06-22,2011-07-04,2025-10-28,18462,9,SO44981,1,3578.27,3578.27,0,2171.2942,3578.27,286.2616,89.4568
310,2011-06-21,2011-07-03,2025-10-29,14794,10,SO44967,1,3578.27,3578.27,0,2171.2942,3578.27,286.2616,89.4568
342,2011-06-21,2011-07-03,2025-10-30,19365,8,SO44968,1,699.0982,699.0982,0,413.1463,699.0982,55.9279,17.4775
312,2011-06-21,2011-07-03,2025-10-31,22713,6,SO44969,1,3578.27,3578.27,0,2171.2942,3578.27,286.2616,89.4568
312,2011-06-21,2011-07-03,2025-11-01,28820,1,SO44970,1,3578.27,3578.27,0,2171.2942,3578.27,286.2616,89.4568
313,2011-06-21,2011-07-03,2025-11-02,28989,1,SO44971,1,3578.27,3578.27,0,2171.2942,3578.27,286.2616,89.4568
311,2011-06-21,2011-07-03,2025-11-03,29016,1,SO44972,1,3578.27,3578.27,0,2171.2942,3578.27,286.2616,89.4568
314,2011-06-21,2011-07-03,2025-11-04,18482,9,SO44973,1,3578.27,3578.27,0,2171.2942,3578.27,286.2616,89.4568
310,2011-06-20,2011-07-02,2025-11-05,22247,6,SO44957,1,3578.27,3578.27,0,2171.2942,3578.27,286.2616,89.4568
332,2011-06-20,2011-07-02,2025-11-06,20173,10,SO44958,1,699.0982,699.0982,0,413.1463,699.0982,55.9279,17.4775
312,2011-06-20,2011-07-02,2025-11-07,29019,4,SO44959,1,3578.27,3578.27,0,2171.2942,3578.27,286.2616,89.4568
314,2011-06-20,2011-07-02,2025-11-08,22373,6,SO44960,1,3578.27,3578.27,0,2171.2942,3578.27,286.2616,89.4568
313,2011-06-20,2011-07-02,2025-11-09,29060,4,SO44961,1,3578.27,3578.27,0,2171.2942,3578.27,286.2616,89.4568
310,2011-06-20,2011-07-02,2025-11-10,28831,4,SO44962,1,3578.27,3578.27,0,2171.2942,3578.27,286.2616,89.4568
346,2011-06-20,2011-07-02,2025-11-11,25974,4,SO44963,1,3399.99,3399.99,0,1912.1544,3399.99,271.9992,84.9998
334,2011-06-20,2011-07-02,2025-11-12,14647,4,SO44964,1,699.0982,699.0982,0,413.1463,699.0982,55.9279,17.4775
332,2011-06-20,2011-07-02,2025-11-13,14649,4,SO44965,1,699.0982,699.0982,0,413.1463,699.0982,55.9279,17.4775
314,2011-06-20,2011-07-02,2025-11-14,18458,9,SO44966,1,3578.27,3578.27,0,2171.2942,3578.27,286.2616,89.4568
312,2011-06-19,2011-07-01,2025-11-15,12395,7,SO44948,1,3578.27,3578.27,0,2171.2942,3578.27,286.2616,89.4568
349,2011-06-19,2011-07-01,2025-11-16,29474,8,SO44949,1,3374.99,3374.99,0,1898.0944,3374.99,269.9992,84.3748
313,2011-06-19,2011-07-01,2025-11-17,28835,4,SO44950,1,3578.27,3578.27,0,2171.2942,3578.27,286.2616,89.4568
311,2011-06-19,2011-07-01,2025-11-18,28843,4,SO44951,1,3578.27,3578.27,0,2171.2942,3578.27,286.2616,89.4568
349,2011-06-19,2011-07-01,2025-11-19,25955,4,SO44952,1,3374.99,3374.99,0,1898.0944,3374.99,269.9992,84.3748
312,2011-06-19,2011-07-01,2025-11-20,28859,1,SO44953,1,3578.27,3578.27,0,2171.2942,3578.27,286.2616,89.4568
310,2011-06-19,2011-07-01,2025-11-21,28990,4,SO44954,1,3578.27,3578.27,0,2171.2942,3578.27,286.2616,89.4568
342,2011-06-19,2011-07-01,2025-11-22,25709,9,SO44955,1,699.0982,699.0982,0,413.1463,699.0982,55.9279,17.4775
351,2011-06-19,2011-07-01,2025-11-23,11449,9,SO44956,1,3374.99,3374.99,0,1898.0944,3374.99,269.9992,84.3748
312,2011-06-18,2011-06-30,2025-11-24,14771,10,SO44934,1,3578.27,3578.27,0,2171.2942,3578.27,286.2616,89.4568
312,2011-06-18,2011-06-30,2025-11-25,12333,7,SO44935,1,3578.27,3578.27,0,2171.2942,3578.27,286.2616,89.4568
312,2011-06-18,2011-06-30,2025-11-26,29044,1,SO44936,1,3578.27,3578.27,0,2171.2942,3578.27,286.2616,89.4568
311,2011-06-18,2011-06-30,2025-11-27,22251,6,SO44937,1,3578.27,3578.27,0,2171.2942,3578.27,286.2616,89.4568
314,2011-06-18,2011-06-30,2025-11-28,28851,1,SO44938,1,3578.27,3578.27,0,2171.2942,3578.27,286.2616,89.4568
314,2011-06-18,2011-06-30,2025-11-29,28993,1,SO44939,1,3578.27,3578.27,0,2171.2942,3578.27,286.2616,89.4568
311,2011-06-18,2011-06-30,2025-11-30,18490,9,SO44940,1,3578.27,3578.27,0,2171.2942,3578.27,286.2616,89.4568
310,2011-06-18,2011-06-30,2025-12-01,18697,9,SO44941,1,3578.27,3578.27,0,2171.2942,3578.27,286.2616,89.4568
310,2011-06-18,2011-06-30,2025-12-02,18701,9,SO44942,1,3578.27,3578.27,0,2171.2942,3578.27,286.2616,89.4568
330,2011-06-18,2011-06-30,2025-12-03,25568,9,SO44943,1,699.0982,699.0982,0,413.1463,699.0982,55.9279,17.4775
332,2011-06-18,2011-06-30,2025-12-04,25707,9,SO44944,1,699.0982,699.0982,0,413.1463,699.0982,55.9279,17.4775
322,2011-06-18,2011-06-30,2025-12-05,25710,9,SO44945,1,699.0982,699.0982,0,413.1463,699.0982,55.9279,17.4775
349,2011-06-18,2011-06-30,2025-12-06,11357,9,SO44946,1,3374.99,3374.99,0,1898.0944,3374.99,269.9992,84.3748
346,2011-06-18,2011-06-30,2025-12-07,11446,9,SO44947,1,3399.99,3399.99,0,1912.1544,3399.99,271.9992,84.9998
314,2011-06-17,2011-06-29,2025-12-08,14843,10,SO44928,1,3578.27,3578.27,0,2171.2942,3578.27,286.2616,89.4568
312,2011-06-17,2011-06-29,2025-12-09,12398,7,SO44929,1,3578.27,3578.27,0,2171.2942,3578.27,286.2616,89.4568
312,2011-06-17,2011-06-29,2025-12-10,29110,4,SO44930,1,3578.27,3578.27,0,2171.2942,3578.27,286.2616,89.4568
312,2011-06-17,2011-06-29,2025-12-11,28849,1,SO44931,1,3578.27,3578.27,0,2171.2942,3578.27,286.2616,89.4568
312,2011-06-17,2011-06-29,2025-12-12,18303,9,SO44932,1,3578.27,3578.27,0,2171.2942,3578.27,286.2616,89.4568
312,2011-06-17,2011-06-29,2025-12-13,18276,9,SO44933,1,3578.27,3578.27,0,2171.2942,3578.27,286.2616,89.4568
310,2011-06-16,2011-06-28,2025-12-14,28830,1,SO44924,1,3578.27,3578.27,0,2171.2942,3578.27,286.2616,89.4568
313,2011-06-16,2011-06-28,2025-12-15,18493,9,SO44925,1,3578.27,3578.27,0,2171.2942,3578.27,286.2616,89.4568
328,2011-06-16,2011-06-28,2025-12-16,25706,9,SO44926,1,699.0982,699.0982,0,413.1463,699.0982,55.9279,17.4775
348,2011-06-16,2011-06-28,2025-12-17,11448,9,SO44927,1,3374.99,3374.99,0,1898.0944,3374.99,269.9992,84.3748
310,2011-06-15,2011-06-27,2025-12-18,13842,8,SO44917,1,3578.27,3578.27,0,2171.2942,3578.27,286.2616,89.4568
350,2011-06-15,2011-06-27,2025-12-19,29466,8,SO44918,1,3374.99,3374.99,0,1898.0944,3374.99,269.9992,84.3748
310,2011-06-15,2011-06-27,2025-12-20,29017,1,SO44919,1,3578.27,3578.27,0,2171.2942,3578.27,286.2616,89.4568
338,2011-06-15,2011-06-27,2025-12-21,14648,4,SO44920,1,699.0982,699.0982,0,413.1463,699.0982,55.9279,17.4775
312,2011-06-15,2011-06-27,2025-12-22,18489,9,SO44921,1,3578.27,3578.27,0,2171.2942,3578.27,286.2616,89.4568
314,2011-06-15,2011-06-27,2025-12-23,18277,9,SO44922,1,3578.27,3578.27,0,2171.2942,3578.27,286.2616,89.4568
312,2011-06-15,2011-06-27,2025-12-24,18336,9,SO44923,1,3578.27,3578.27,0,2171.2942,3578.27,286.2616,89.4568
312,2011-06-14,2011-06-26,2025-12-25,13822,8,SO44905,1,3578.27,3578.27,0,2171.2942,3578.27,286.2616,89.4568
311,2011-06-14,2011-06-26,2025-12-26,14832,10,SO44906,1,3578.27,3578.27,0,2171.2942,3578.27,286.2616,89.4568
324,2011-06-14,2011-06-26,2025-12-27,19415,8,SO44907,1,699.0982,699.0982,0,413.1463,699.0982,55.9279,17.4775
314,2011-06-14,2011-06-26,2025-12-28,29032,4,SO44908,1,3578.27,3578.27,0,2171.2942,3578.27,286.2616,89.4568
310,2011-06-14,2011-06-26,2025-12-29,28840,4,SO44909,1,3578.27,3578.27,0,2171.2942,3578.27,286.2616,89.4568
344,2011-06-14,2011-06-26,2025-12-30,25969,4,SO44910,1,3399.99,3399.99,0,1912.1544,3399.99,271.9992,84.9998
349,2011-06-14,2011-06-26,2025-12-31,25976,4,SO44911,1,3374.99,3374.99,0,1898.0944,3374.99,269.9992,84.3748
310,2011-06-14,2011-06-26,2026-01-01,28966,4,SO44912,1,3578.27,3578.27,0,2171.2942,3578.27,286.2616,89.4568
311,2011-06-14,2011-06-26,2026-01-02,18468,9,SO44913,1,3578.27,3578.27,0,2171.2942,3578.27,286.2616,89.4568
311,2011-06-14,2011-06-26,2026-01-03,18491,9,SO44914,1,3578.27,3578.27,0,2171.2942,3578.27,286.2616,89.4568
312,2011-06-14,2011-06-26,2026-01-04,18461,9,SO44915,1,3578.27,3578.27,0,2171.2942,3578.27,286.2616,89.4568
311,2011-06-14,2011-06-26,2026-01-05,18463,9,SO44916,1,3578.27,3578.27,0,2171.2942,3578.27,286.2616,89.4568
314,2011-06-13,2011-06-25,2026-01-06,14778,10,SO44900,1,3578.27,3578.27,0,2171.2942,3578.27,286.2616,89.4568
313,2011-06-13,2011-06-25,2026-01-07,12332,7,SO44901,1,3578.27,3578.27,0,2171.2942,3578.27,286.2616,89.4568
314,2011-06-13,2011-06-25,2026-01-08,13829,8,SO44902,1,3578.27,3578.27,0,2171.2942,3578.27,286.2616,89.4568
313,2011-06-13,2011-06-25,2026-01-09,18284,9,SO44903,1,3578.27,3578.27,0,2171.2942,3578.27,286.2616,89.4568
350,2011-06-13,2011-06-25,2026-01-10,11359,9,SO44904,1,3374.99,3374.99,0,1898.0944,3374.99,269.9992,84.3748
348,2011-06-12,2011-06-24,2026-01-11,11351,10,SO44889,1,3374.99,3374.99,0,1898.0944,3374.99,269.9992,84.3748
346,2011-06-12,2011-06-24,2026-01-12,11381,10,SO44890,1,3399.99,3399.99,0,1912.1544,3399.99,271.9992,84.9998
310,2011-06-12,2011-06-24,2026-01-13,28847,4,SO44891,1,3578.27,3578.27,0,2171.2942,3578.27,286.2616,89.4568
313,2011-06-12,2011-06-24,2026-01-14,22267,6,SO44892,1,3578.27,3578.27,0,2171.2942,3578.27,286.2616,89.4568
314,2011-06-12,2011-06-24,2026-01-15,28856,1,SO44893,1,3578.27,3578.27,0,2171.2942,3578.27,286.2616,89.4568
348,2011-06-12,2011-06-24,2026-01-16,25943,4,SO44894,1,3374.99,3374.99,0,1898.0944,3374.99,269.9992,84.3748
351,2011-06-12,2011-06-24,2026-01-17,25951,4,SO44895,1,3374.99,3374.99,0,1898.0944,3374.99,269.9992,84.3748
346,2011-06-12,2011-06-24,2026-01-18,25964,1,SO44896,1,3399.99,3399.99,0,1912.1544,3399.99,271.9992,84.9998
314,2011-06-12,2011-06-24,2026-01-19,18696,9,SO44897,1,3578.27,3578.27,0,2171.2942,3578.27,286.2616,89.4568
310,2011-06-12,2011-06-24,2026-01-20,18307,9,SO44898,1,3578.27,3578.27,0,2171.2942,3578.27,286.2616,89.4568
351,2011-06-12,2011-06-24,2026-01-21,11353,10,SO44899,1,3374.99,3374.99,0,1898.0944,3374.99,269.9992,84.3748
310,2011-06-11,2011-06-23,2026-01-22,14833,10,SO44885,1,3578.27,3578.27,0,2171.2942,3578.27,286.2616,89.4568
314,2011-06-11,2011-06-23,2026-01-23,29108,4,SO44886,1,3578.27,3578.27,0,2171.2942,3578.27,286.2616,89.4568
310,2011-06-11,2011-06-23,2026-01-24,28821,1,SO44887,1,3578.27,3578.27,0,2171.2942,3578.27,286.2616,89.4568
310,2011-06-11,2011-06-23,2026-01-25,28838,1,SO44888,1,3578.27,3578.27,0,2171.2942,3578.27,286.2616,89.4568
320,2011-06-10,2011-06-22,2026-01-26,18004,7,SO44874,1,699.0982,699.0982,0,413.1463,699.0982,55.9279,17.4775
313,2011-06-10,2011-06-22,2026-01-27,29048,4,SO44875,1,3578.27,3578.27,0,2171.2942,3578.27,286.2616,89.4568
312,2011-06-10,2011-06-22,2026-01-28,29056,4,SO44876,1,3578.27,3578.27,0,2171.2942,3578.27,286.2616,89.4568
311,2011-06-10,2011-06-22,2026-01-29,29136,4,SO44877,1,3578.27,3578.27,0,2171.2942,3578.27,286.2616,89.4568
311,2011-06-10,2011-06-22,2026-01-30,28807,1,SO44878,1,3578.27,3578.27,0,2171.2942,3578.27,286.2616,89.4568
310,2011-06-10,2011-06-22,2026-01-31,28833,1,SO44879,1,3578.27,3578.27,0,2171.2942,3578.27,286.2616,89.4568
311,2011-06-10,2011-06-22,2026-02-01,18470,9,SO44880,1,3578.27,3578.27,0,2171.2942,3578.27,286.2616,89.4568
313,2011-06-10,2011-06-22,2026-02-02,18496,9,SO44881,1,3578.27,3578.27,0,2171.2942,3578.27,286.2616,89.4568
311,2011-06-10,2011-06-22,2026-02-03,18703,9,SO44882,1,3578.27,3578.27,0,2171.2942,3578.27,286.2616,89.4568
314,2011-06-10,2011-06-22,2026-02-04,18296,9,SO44883,1,3578.27,3578.27,0,2171.2942,3578.27,286.2616,89.4568
312,2011-06-10,2011-06-22,2026-02-05,18308,9,SO44884,1,3578.27,3578.27,0,2171.2942,3578.27,286.2616,89.4568
312,2011-06-09,2011-06-21,2026-02-06,29111,4,SO44872,1,3578.27,3578.27,0,2171.2942,3578.27,286.2616,89.4568
312,2011-06-09,2011-06-21,2026-02-07,28828,4,SO44873,1,3578.27,3578.27,0,2171.2942,3578.27,286.2616,89.4568
313,2011-06-08,2011-06-20,2026-02-08,14793,10,SO44867,1,3578.27,3578.27,0,2171.2942,3578.27,286.2616,89.4568
313,2011-06-08,2011-06-20,2026-02-09,28852,1,SO44868,1,3578.27,3578.27,0,2171.2942,3578.27,286.2616,89.4568
312,2011-06-08,2011-06-20,2026-02-10,18700,9,SO44869,1,3578.27,3578.27,0,2171.2942,3578.27,286.2616,89.4568
311,2011-06-08,2011-06-20,2026-02-11,18301,9,SO44870,1,3578.27,3578.27,0,2171.2942,3578.27,286.2616,89.4568
345,2011-06-08,2011-06-20,2026-02-12,11363,9,SO44871,1,3399.99,3399.99,0,1912.1544,3399.99,271.9992,84.9998
348,2011-06-07,2011-06-19,2026-02-13,28418,7,SO44848,1,3374.99,3374.99,0,1898.0944,3374.99,269.9992,84.3748
322,2011-06-07,2011-06-19,2026-02-14,17996,7,SO44849,1,699.0982,699.0982,0,413.1463,699.0982,55.9279,17.4775
336,2011-06-07,2011-06-19,2026-02-15,19417,8,SO44850,1,699.0982,699.0982,0,413.1463,699.0982,55.9279,17.4775
310,2011-06-07,2011-06-19,2026-02-16,22299,6,SO44851,1,3578.27,3578.27,0,2171.2942,3578.27,286.2616,89.4568
311,2011-06-07,2011-06-19,2026-02-17,29128,4,SO44852,1,3578.27,3578.27,0,2171.2942,3578.27,286.2616,89.4568
348,2011-06-07,2011-06-19,2026-02-18,19874,6,SO44853,1,3374.99,3374.99,0,1898.0944,3374.99,269.9992,84.3748
311,2011-06-07,2011-06-19,2026-02-19,29004,4,SO44854,1,3578.27,3578.27,0,2171.2942,3578.27,286.2616,89.4568
320,2011-06-07,2011-06-19,2026-02-20,26692,6,SO44855,1,699.0982,699.0982,0,413.1463,699.0982,55.9279,17.4775
328,2011-06-07,2011-06-19,2026-02-21,14651,1,SO44856,1,699.0982,699.0982,0,413.1463,699.0982,55.9279,17.4775
310,2011-06-07,2011-06-19,2026-02-22,18484,9,SO44857,1,3578.27,3578.27,0,2171.2942,3578.27,286.2616,89.4568
312,2011-06-07,2011-06-19,2026-02-23,18487,9,SO44858,1,3578.27,3578.27,0,2171.2942,3578.27,286.2616,89.4568
310,2011-06-07,2011-06-19,2026-02-24,18495,9,SO44859,1,3578.27,3578.27,0,2171.2942,3578.27,286.2616,89.4568
310,2011-06-07,2011-06-19,2026-02-25,18693,9,SO44860,1,3578.27,3578.27,0,2171.2942,3578.27,286.2616,89.4568
314,2011-06-07,2011-06-19,2026-02-26,18288,9,SO44861,1,3578.27,3578.27,0,2171.2942,3578.27,286.2616,89.4568
313,2011-06-07,2011-06-19,2026-02-27,18457,9,SO44862,1,3578.27,3578.27,0,2171.2942,3578.27,286.2616,89.4568
310,2011-06-07,2011-06-19,2026-02-28,18467,9,SO44863,1,3578.27,3578.27,0,2171.2942,3578.27,286.2616,89.4568
348,2011-06-07,2011-06-19,2026-03-01,11364,9,SO44864,1,3374.99,3374.99,0,1898.0944,3374.99,269.9992,84.3748
351,2011-06-07,2011-06-19,2026-03-02,11372,9,SO44865,1,3374.99,3374.99,0,1898.0944,3374.99,269.9992,84.3748
350,2011-06-07,2011-06-19,2026-03-03,11443,9,SO44866,1,3374.99,3374.99,0,1898.0944,3374.99,269.9992,84.3748
310,2011-06-06,2011-06-18,2026-03-04,14140,8,SO44842,1,3578.27,3578.27,0,2171.2942,3578.27,286.2616,89.4568
312,2011-06-06,2011-06-18,2026-03-05,29058,4,SO44843,1,3578.27,3578.27,0,2171.2942,3578.27,286.2616,89.4568
314,2011-06-06,2011-06-18,2026-03-06,29139,4,SO44844,1,3578.27,3578.27,0,2171.2942,3578.27,286.2616,89.4568
313,2011-06-06,2011-06-18,2026-03-07,28845,1,SO44845,1,3578.27,3578.27,0,2171.2942,3578.27,286.2616,89.4568
314,2011-06-06,2011-06-18,2026-03-08,18334,9,SO44846,1,3578.27,3578.27,0,2171.2942,3578.27,286.2616,89.4568
346,2011-06-06,2011-06-18,2026-03-09,11445,9,SO44847,1,3399.99,3399.99,0,1912.1544,3399.99,271.9992,84.9998
312,2011-06-05,2011-06-17,2026-03-10,13808,8,SO44837,1,3578.27,3578.27,0,2171.2942,3578.27,286.2616,89.4568
311,2011-06-05,2011-06-17,2026-03-11,14138,8,SO44838,1,3578.27,3578.27,0,2171.2942,3578.27,286.2616,89.4568
314,2011-06-05,2011-06-17,2026-03-12,28825,1,SO44839,1,3578.27,3578.27,0,2171.2942,3578.27,286.2616,89.4568
314,2011-06-05,2011-06-17,2026-03-13,28857,4,SO44840,1,3578.27,3578.27,0,2171.2942,3578.27,286.2616,89.4568
314,2011-06-05,2011-06-17,2026-03-14,18335,9,SO44841,1,3578.27,3578.27,0,2171.2942,3578.27,286.2616,89.4568
350,2011-06-04,2011-06-16,2026-03-15,29467,8,SO44831,1,3374.99,3374.99,0,1898.0944,3374.99,269.9992,84.3748
311,2011-06-04,2011-06-16,2026-03-16,28804,4,SO44832,1,3578.27,3578.27,0,2171.2942,3578.27,286.2616,89.4568
310,2011-06-04,2011-06-16,2026-03-17,28842,4,SO44833,1,3578.27,3578.27,0,2171.2942,3578.27,286.2616,89.4568
350,2011-06-04,2011-06-16,2026-03-18,25952,4,SO44834,1,3374.99,3374.99,0,1898.0944,3374.99,269.9992,84.3748
311,2011-06-04,2011-06-16,2026-03-19,18338,9,SO44835,1,3578.27,3578.27,0,2171.2942,3578.27,286.2616,89.4568
314,2011-06-04,2011-06-16,2026-03-20,18465,9,SO44836,1,3578.27,3578.27,0,2171.2942,3578.27,286.2616,89.4568
314,2011-06-03,2011-06-15,2026-03-21,12308,7,SO44826,1,3578.27,3578.27,0,2171.2942,3578.27,286.2616,89.4568
344,2011-06-03,2011-06-15,2026-03-22,25973,1,SO44827,1,3399.99,3399.99,0,1912.1544,3399.99,271.9992,84.9998
312,2011-06-03,2011-06-15,2026-03-23,28997,4,SO44828,1,3578.27,3578.27,0,2171.2942,3578.27,286.2616,89.4568
334,2011-06-03,2011-06-15,2026-03-24,14643,1,SO44829,1,699.0982,699.0982,0,413.1463,699.0982,55.9279,17.4775
314,2011-06-03,2011-06-15,2026-03-25,18337,9,SO44830,1,3578.27,3578.27,0,2171.2942,3578.27,286.2616,89.4568
312,2011-06-02,2011-06-14,2026-03-26,12321,7,SO44816,1,3578.27,3578.27,0,2171.2942,3578.27,286.2616,89.4568
312,2011-06-02,2011-06-14,2026-03-27,14777,10,SO44817,1,3578.27,3578.27,0,2171.2942,3578.27,286.2616,89.4568
313,2011-06-02,2011-06-14,2026-03-28,28827,4,SO44818,1,3578.27,3578.27,0,2171.2942,3578.27,286.2616,89.4568
313,2011-06-02,2011-06-14,2026-03-29,28853,1,SO44819,1,3578.27,3578.27,0,2171.2942,3578.27,286.2616,89.4568
350,2011-06-02,2011-06-14,2026-03-30,25972,1,SO44820,1,3374.99,3374.99,0,1898.0944,3374.99,269.9992,84.3748
345,2011-06-02,2011-06-14,2026-03-31,25975,1,SO44821,1,3399.99,3399.99,0,1912.1544,3399.99,271.9992,84.9998
311,2011-06-02,2011-06-14,2026-04-01,18486,9,SO44822,1,3578.27,3578.27,0,2171.2942,3578.27,286.2616,89.4568
313,2011-06-02,2011-06-14,2026-04-02,18488,9,SO44823,1,3578.27,3578.27,0,2171.2942,3578.27,286.2616,89.4568
312,2011-06-02,2011-06-14,2026-04-03,18694,9,SO44824,1,3578.27,3578.27,0,2171.2942,3578.27,286.2616,89.4568
312,2011-06-02,2011-06-14,2026-04-04,18309,9,SO44825,1,3578.27,3578.27,0,2171.2942,3578.27,286.2616,89.4568
311,2011-06-01,2011-06-13,2026-04-05,13836,8,SO44808,1,3578.27,3578.27,0,2171.2942,3578.27,286.2616,89.4568
342,2011-06-01,2011-06-13,2026-04-06,20552,10,SO44809,1,699.0982,699.0982,0,413.1463,699.0982,55.9279,17.4775
311,2011-06-01,2011-06-13,2026-04-07,29126,4,SO44810,1,3578.27,3578.27,0,2171.2942,3578.27,286.2616,89.4568
311,2011-06-01,2011-06-13,2026-04-08,22732,6,SO44811,1,3578.27,3578.27,0,2171.2942,3578.27,286.2616,89.4568
314,2011-06-01,2011-06-13,2026-04-09,28988,4,SO44812,1,3578.27,3578.27,0,2171.2942,3578.27,286.2616,89.4568
312,2011-06-01,2011-06-13,2026-04-10,18695,9,SO44813,1,3578.27,3578.27,0,2171.2942,3578.27,286.2616,89.4568
313,2011-06-01,2011-06-13,2026-04-11,18281,9,SO44814,1,3578.27,3578.27,0,2171.2942,3578.27,286.2616,89.4568
351,2011-06-01,2011-06-13,2026-04-12,11444,9,SO44815,1,3374.99,3374.99,0,1898.0944,3374.99,269.9992,84.3748
310,2011-05-31,2011-06-12,2026-04-13,12383,7,SO44803,1,3578.27,3578.27,0,2171.2942,3578.27,286.2616,89.4568
310,2011-05-31,2011-06-12,2026-04-14,28829,4,SO44804,1,3578.27,3578.27,0,2171.2942,3578.27,286.2616,89.4568
314,2011-05-31,2011-06-12,2026-04-15,29011,4,SO44805,1,3578.27,3578.27,0,2171.2942,3578.27,286.2616,89.4568
311,2011-05-31,2011-06-12,2026-04-16,18452,9,SO44806,1,3578.27,3578.27,0,2171.2942,3578.27,286.2616,89.4568
350,2011-05-31,2011-06-12,2026-04-17,11365,9,SO44807,1,3374.99,3374.99,0,1898.0944,3374.99,269.9992,84.3748
313,2011-05-30,2011-06-11,2026-04-18,12285,7,SO44734,1,3578.27,3578.27,0,2171.2942,3578.27,286.2616,89.4568
311,2011-05-30,2011-06-11,2026-04-19,28673,4,SO44735,1,3578.27,3578.27,0,2171.2942,3578.27,286.2616,89.4568
328,2011-05-30,2011-06-11,2026-04-20,14634,1,SO44736,1,699.0982,699.0982,0,413.1463,699.0982,55.9279,17.4775
314,2011-05-30,2011-06-11,2026-04-21,18242,9,SO44737,1,3578.27,3578.27,0,2171.2942,3578.27,286.2616,89.4568
313,2011-05-30,2011-06-11,2026-04-22,18252,9,SO44738,1,3578.27,3578.27,0,2171.2942,3578.27,286.2616,89.4568
312,2011-05-30,2011-06-11,2026-04-23,18202,9,SO44739,1,3578.27,3578.27,0,2171.2942,3578.27,286.2616,89.4568
310,2011-05-29,2011-06-10,2026-04-24,12307,7,SO44729,1,3578.27,3578.27,0,2171.2942,3578.27,286.2616,89.4568
311,2011-05-29,2011-06-10,2026-04-25,14697,10,SO44730,1,3578.27,3578.27,0,2171.2942,3578.27,286.2616,89.4568
312,2011-05-29,2011-06-10,2026-04-26,28661,1,SO44731,1,3578.27,3578.27,0,2171.2942,3578.27,286.2616,89.4568
312,2011-05-29,2011-06-10,2026-04-27,18251,9,SO44732,1,3578.27,3578.27,0,2171.2942,3578.27,286.2616,89.4568
313,2011-05-29,2011-06-10,2026-04-28,18214,9,SO44733,1,3578.27,3578.27,0,2171.2942,3578.27,286.2616,89.4568
310,2011-05-28,2011-06-09,2026-04-29,13774,8,SO44722,1,3578.27,3578.27,0,2171.2942,3578.27,286.2616,89.4568
345,2011-05-28,2011-06-09,2026-04-30,29410,8,SO44723,1,3399.99,3399.99,0,1912.1544,3399.99,271.9992,84.9998
314,2011-05-28,2011-06-09,2026-05-01,28665,1,SO44724,1,3578.27,3578.27,0,2171.2942,3578.27,286.2616,89.4568
345,2011-05-28,2011-06-09,2026-05-02,25910,4,SO44725,1,3399.99,3399.99,0,1912.1544,3399.99,271.9992,84.9998
332,2011-05-28,2011-06-09,2026-05-03,14614,4,SO44726,1,699.0982,699.0982,0,413.1463,699.0982,55.9279,17.4775
313,2011-05-28,2011-06-09,2026-05-04,18273,9,SO44727,1,3578.27,3578.27,0,2171.2942,3578.27,286.2616,89.4568
344,2011-05-28,2011-06-09,2026-05-05,11126,9,SO44728,1,3399.99,3399.99,0,1912.1544,3399.99,271.9992,84.9998
313,2011-05-27,2011-06-08,2026-05-06,14700,10,SO44719,1,3578.27,3578.27,0,2171.2942,3578.27,286.2616,89.4568
311,2011-05-27,2011-06-08,2026-05-07,28625,1,SO44720,1,3578.27,3578.27,0,2171.2942,3578.27,286.2616,89.4568
342,2011-05-27,2011-06-08,2026-05-08,26643,6,SO44721,1,699.0982,699.0982,0,413.1463,699.0982,55.9279,17.4775
313,2011-05-26,2011-06-07,2026-05-09,22128,6,SO44713,1,3578.27,3578.27,0,2171.2942,3578.27,286.2616,89.4568
313,2011-05-26,2011-06-07,2026-05-10,28657,1,SO44714,1,3578.27,3578.27,0,2171.2942,3578.27,286.2616,89.4568
314,2011-05-26,2011-06-07,2026-05-11,22182,6,SO44715,1,3578.27,3578.27,0,2171.2942,3578.27,286.2616,89.4568
314,2011-05-26,2011-06-07,2026-05-12,22230,6,SO44716,1,3578.27,3578.27,0,2171.2942,3578.27,286.2616,89.4568
336,2011-05-26,2011-06-07,2026-05-13,14616,4,SO44717,1,699.0982,699.0982,0,413.1463,699.0982,55.9279,17.4775
314,2011-05-26,2011-06-07,2026-05-14,18239,9,SO44718,1,3578.27,3578.27,0,2171.2942,3578.27,286.2616,89.4568
313,2011-05-25,2011-06-06,2026-05-15,28674,4,SO44710,1,3578.27,3578.27,0,2171.2942,3578.27,286.2616,89.4568
310,2011-05-25,2011-06-06,2026-05-16,18248,9,SO44711,1,3578.27,3578.27,0,2171.2942,3578.27,286.2616,89.4568
348,2011-05-25,2011-06-06,2026-05-17,11112,9,SO44712,1,3374.99,3374.99,0,1898.0944,3374.99,269.9992,84.3748
311,2011-05-24,2011-06-05,2026-05-18,12300,7,SO44703,1,3578.27,3578.27,0,2171.2942,3578.27,286.2616,89.4568
350,2011-05-24,2011-06-05,2026-05-19,29403,8,SO44704,1,3374.99,3374.99,0,1898.0944,3374.99,269.9992,84.3748
311,2011-05-24,2011-06-05,2026-05-20,28678,1,SO44705,1,3578.27,3578.27,0,2171.2942,3578.27,286.2616,89.4568
311,2011-05-24,2011-06-05,2026-05-21,28618,1,SO44706,1,3578.27,3578.27,0,2171.2942,3578.27,286.2616,89.4568
311,2011-05-24,2011-06-05,2026-05-22,28649,4,SO44707,1,3578.27,3578.27,0,2171.2942,3578.27,286.2616,89.4568
350,2011-05-24,2011-06-05,2026-05-23,25909,4,SO44708,1,3374.99,3374.99,0,1898.0944,3374.99,269.9992,84.3748
311,2011-05-24,2011-06-05,2026-05-24,18240,9,SO44709,1,3578.27,3578.27,0,2171.2942,3578.27,286.2616,89.4568
313,2011-05-23,2011-06-04,2026-05-25,22234,6,SO44699,1,3578.27,3578.27,0,2171.2942,3578.27,286.2616,89.4568
314,2011-05-23,2011-06-04,2026-05-26,28769,1,SO44700,1,3578.27,3578.27,0,2171.2942,3578.27,286.2616,89.4568
336,2011-05-23,2011-06-04,2026-05-27,14636,1,SO44701,1,699.0982,699.0982,0,413.1463,699.0982,55.9279,17.4775
314,2011-05-23,2011-06-04,2026-05-28,18260,9,SO44702,1,3578.27,3578.27,0,2171.2942,3578.27,286.2616,89.4568
310,2011-05-22,2011-06-03,2026-05-29,18219,9,SO44697,1,3578.27,3578.27,0,2171.2942,3578.27,286.2616,89.4568
326,2011-05-22,2011-06-03,2026-05-30,25565,9,SO44698,1,699.0982,699.0982,0,413.1463,699.0982,55.9279,17.4775
346,2011-05-21,2011-06-02,2026-05-31,28414,7,SO44691,1,3399.99,3399.99,0,1912.1544,3399.99,271.9992,84.9998
311,2011-05-21,2011-06-02,2026-06-01,28670,1,SO44692,1,3578.27,3578.27,0,2171.2942,3578.27,286.2616,89.4568
311,2011-05-21,2011-06-02,2026-06-02,28676,4,SO44693,1,3578.27,3578.27,0,2171.2942,3578.27,286.2616,89.4568
311,2011-05-21,2011-06-02,2026-06-03,22232,6,SO44694,1,3578.27,3578.27,0,2171.2942,3578.27,286.2616,89.4568
346,2011-05-21,2011-06-02,2026-06-04,19855,6,SO44695,1,3399.99,3399.99,0,1912.1544,3399.99,271.9992,84.9998
313,2011-05-21,2011-06-02,2026-06-05,18254,9,SO44696,1,3578.27,3578.27,0,2171.2942,3578.27,286.2616,89.4568
313,2011-05-20,2011-06-01,2026-06-06,14712,10,SO44686,1,3578.27,3578.27,0,2171.2942,3578.27,286.2616,89.4568
342,2011-05-20,2011-06-01,2026-06-07,20172,10,SO44687,1,699.0982,699.0982,0,413.1463,699.0982,55.9279,17.4775
310,2011-05-20,2011-06-01,2026-06-08,18244,9,SO44688,1,3578.27,3578.27,0,2171.2942,3578.27,286.2616,89.4568
310,2011-05-20,2011-06-01,2026-06-09,18269,9,SO44689,1,3578.27,3578.27,0,2171.2942,3578.27,286.2616,89.4568
344,2011-05-20,2011-06-01,2026-06-10,11111,9,SO44690,1,3399.99,3399.99,0,1912.1544,3399.99,271.9992,84.9998
312,2011-05-19,2011-05-31,2026-06-11,12296,7,SO44680,1,3578.27,3578.27,0,2171.2942,3578.27,286.2616,89.4568
342,2011-05-19,2011-05-31,2026-06-12,17982,7,SO44681,1,699.0982,699.0982,0,413.1463,699.0982,55.9279,17.4775
310,2011-05-19,2011-05-31,2026-06-13,28797,4,SO44682,1,3578.27,3578.27,0,2171.2942,3578.27,286.2616,89.4568
312,2011-05-19,2011-05-31,2026-06-14,28799,4,SO44683,1,3578.27,3578.27,0,2171.2942,3578.27,286.2616,89.4568
310,2011-05-19,2011-05-31,2026-06-15,28643,4,SO44684,1,3578.27,3578.27,0,2171.2942,3578.27,286.2616,89.4568
310,2011-05-19,2011-05-31,2026-06-16,18249,9,SO44685,1,3578.27,3578.27,0,2171.2942,3578.27,286.2616,89.4568
310,2011-05-18,2011-05-30,2026-06-17,22233,6,SO44677,1,3578.27,3578.27,0,2171.2942,3578.27,286.2616,89.4568
310,2011-05-18,2011-05-30,2026-06-18,22121,6,SO44678,1,3578.27,3578.27,0,2171.2942,3578.27,286.2616,89.4568
346,2011-05-18,2011-05-30,2026-06-19,11106,9,SO44679,1,3399.99,3399.99,0,1912.1544,3399.99,271.9992,84.9998
314,2011-05-17,2011-05-29,2026-06-20,13790,8,SO44673,1,3578.27,3578.27,0,2171.2942,3578.27,286.2616,89.4568
314,2011-05-17,2011-05-29,2026-06-21,28635,4,SO44674,1,3578.27,3578.27,0,2171.2942,3578.27,286.2616,89.4568
336,2011-05-17,2011-05-29,2026-06-22,25566,9,SO44675,1,699.0982,699.0982,0,413.1463,699.0982,55.9279,17.4775
312,2011-05-17,2011-05-29,2026-06-23,18198,9,SO44676,1,3578.27,3578.27,0,2171.2942,3578.27,286.2616,89.4568
313,2011-05-16,2011-05-28,2026-06-24,28763,4,SO44666,1,3578.27,3578.27,0,2171.2942,3578.27,286.2616,89.4568
310,2011-05-16,2011-05-28,2026-06-25,28795,4,SO44667,1,3578.27,3578.27,0,2171.2942,3578.27,286.2616,89.4568
313,2011-05-16,2011-05-28,2026-06-26,28621,4,SO44668,1,3578.27,3578.27,0,2171.2942,3578.27,286.2616,89.4568
350,2011-05-16,2011-05-28,2026-06-27,25942,4,SO44669,1,3374.99,3374.99,0,1898.0944,3374.99,269.9992,84.3748
313,2011-05-16,2011-05-28,2026-06-28,18245,9,SO44670,1,3578.27,3578.27,0,2171.2942,3578.27,286.2616,89.4568
311,2011-05-16,2011-05-28,2026-06-29,18268,9,SO44671,1,3578.27,3578.27,0,2171.2942,3578.27,286.2616,89.4568
310,2011-05-16,2011-05-28,2026-06-30,18207,9,SO44672,1,3578.27,3578.27,0,2171.2942,3578.27,286.2616,89.4568
310,2011-05-15,2011-05-27,2026-07-01,28775,4,SO44660,1,3578.27,3578.27,0,2171.2942,3578.27,286.2616,89.4568
336,2011-05-15,2011-05-27,2026-07-02,14639,4,SO44661,1,699.0982,699.0982,0,413.1463,699.0982,55.9279,17.4775
349,2011-05-15,2011-05-27,2026-07-03,11151,9,SO44662,1,3374.99,3374.99,0,1898.0944,3374.99,269.9992,84.3748
313,2011-05-15,2011-05-27,2026-07-04,18212,9,SO44663,1,3578.27,3578.27,0,2171.2942,3578.27,286.2616,89.4568
311,2011-05-15,2011-05-27,2026-07-05,18222,9,SO44664,1,3578.27,3578.27,0,2171.2942,3578.27,286.2616,89.4568
334,2011-05-15,2011-05-27,2026-07-06,25564,9,SO44665,1,699.0982,699.0982,0,413.1463,699.0982,55.9279,17.4775
313,2011-05-14,2011-05-26,2026-07-07,14720,10,SO44651,1,3578.27,3578.27,0,2171.2942,3578.27,286.2616,89.4568
350,2011-05-14,2011-05-26,2026-07-08,28407,7,SO44652,1,3374.99,3374.99,0,1898.0944,3374.99,269.9992,84.3748
326,2011-05-14,2011-05-26,2026-07-09,20170,10,SO44653,1,699.0982,699.0982,0,413.1463,699.0982,55.9279,17.4775
313,2011-05-14,2011-05-26,2026-07-10,28619,4,SO44654,1,3578.27,3578.27,0,2171.2942,3578.27,286.2616,89.4568
346,2011-05-14,2011-05-26,2026-07-11,11105,9,SO44655,1,3399.99,3399.99,0,1912.1544,3399.99,271.9992,84.9998
311,2011-05-14,2011-05-26,2026-07-12,18275,9,SO44656,1,3578.27,3578.27,0,2171.2942,3578.27,286.2616,89.4568
350,2011-05-14,2011-05-26,2026-07-13,11120,9,SO44657,1,3374.99,3374.99,0,1898.0944,3374.99,269.9992,84.3748
312,2011-05-14,2011-05-26,2026-07-14,18201,9,SO44658,1,3578.27,3578.27,0,2171.2942,3578.27,286.2616,89.4568
313,2011-05-14,2011-05-26,2026-07-15,18208,9,SO44659,1,3578.27,3578.27,0,2171.2942,3578.27,286.2616,89.4568
314,2011-05-13,2011-05-25,2026-07-16,12280,7,SO44643,1,3578.27,3578.27,0,2171.2942,3578.27,286.2616,89.4568
311,2011-05-13,2011-05-25,2026-07-17,12279,7,SO44644,1,3578.27,3578.27,0,2171.2942,3578.27,286.2616,89.4568
344,2011-05-13,2011-05-25,2026-07-18,11344,10,SO44645,1,3399.99,3399.99,0,1912.1544,3399.99,271.9992,84.9998
344,2011-05-13,2011-05-25,2026-07-19,29449,8,SO44646,1,3399.99,3399.99,0,1912.1544,3399.99,271.9992,84.9998
312,2011-05-13,2011-05-25,2026-07-20,28770,1,SO44647,1,3578.27,3578.27,0,2171.2942,3578.27,286.2616,89.4568
344,2011-05-13,2011-05-25,2026-07-21,25916,4,SO44648,1,3399.99,3399.99,0,1912.1544,3399.99,271.9992,84.9998
344,2011-05-13,2011-05-25,2026-07-22,25924,4,SO44649,1,3399.99,3399.99,0,1912.1544,3399.99,271.9992,84.9998
351,2011-05-13,2011-05-25,2026-07-23,11147,9,SO44650,1,3374.99,3374.99,0,1898.0944,3374.99,269.9992,84.3748
314,2011-05-12,2011-05-24,2026-07-24,14705,10,SO44636,1,3578.27,3578.27,0,2171.2942,3578.27,286.2616,89.4568
311,2011-05-12,2011-05-24,2026-07-25,28644,1,SO44637,1,3578.27,3578.27,0,2171.2942,3578.27,286.2616,89.4568
310,2011-05-12,2011-05-24,2026-07-26,28651,4,SO44638,1,3578.27,3578.27,0,2171.2942,3578.27,286.2616,89.4568
330,2011-05-12,2011-05-24,2026-07-27,14617,1,SO44639,1,699.0982,699.0982,0,413.1463,699.0982,55.9279,17.4775
313,2011-05-12,2011-05-24,2026-07-28,18246,9,SO44640,1,3578.27,3578.27,0,2171.2942,3578.27,286.2616,89.4568
313,2011-05-12,2011-05-24,2026-07-29,18255,9,SO44641,1,3578.27,3578.27,0,2171.2942,3578.27,286.2616,89.4568
330,2011-05-12,2011-05-24,2026-07-30,25567,9,SO44642,1,699.0982,699.0982,0,413.1463,699.0982,55.9279,17.4775
312,2011-05-11,2011-05-23,2026-07-31,28765,4,SO44630,1,3578.27,3578.27,0,2171.2942,3578.27,286.2616,89.4568
310,2011-05-11,2011-05-23,2026-08-01,28629,4,SO44631,1,3578.27,3578.27,0,2171.2942,3578.27,286.2616,89.4568
314,2011-05-11,2011-05-23,2026-08-02,18196,9,SO44632,1,3578.27,3578.27,0,2171.2942,3578.27,286.2616,89.4568
310,2011-05-11,2011-05-23,2026-08-03,18203,9,SO44633,1,3578.27,3578.27,0,2171.2942,3578.27,286.2616,89.4568
311,2011-05-11,2011-05-23,2026-08-04,18213,9,SO44634,1,3578.27,3578.27,0,2171.2942,3578.27,286.2616,89.4568
310,2011-05-11,2011-05-23,2026-08-05,18218,9,SO44635,1,3578.27,3578.27,0,2171.2942,3578.27,286.2616,89.4568
312,2011-05-10,2011-05-22,2026-08-06,12301,7,SO44623,1,3578.27,3578.27,0,2171.2942,3578.27,286.2616,89.4568
342,2011-05-10,2011-05-22,2026-08-07,19357,8,SO44624,1,699.0982,699.0982,0,413.1463,699.0982,55.9279,17.4775
314,2011-05-10,2011-05-22,2026-08-08,28658,4,SO44625,1,3578.27,3578.27,0,2171.2942,3578.27,286.2616,89.4568
313,2011-05-10,2011-05-22,2026-08-09,18272,9,SO44626,1,3578.27,3578.27,0,2171.2942,3578.27,286.2616,89.4568
349,2011-05-10,2011-05-22,2026-08-10,11109,9,SO44627,1,3374.99,3374.99,0,1898.0944,3374.99,269.9992,84.3748
348,2011-05-10,2011-05-22,2026-08-11,11356,9,SO44628,1,3374.99,3374.99,0,1898.0944,3374.99,269.9992,84.3748
311,2011-05-10,2011-05-22,2026-08-12,18209,9,SO44629,1,3578.27,3578.27,0,2171.2942,3578.27,286.2616,89.4568
312,2011-05-09,2011-05-21,2026-08-13,13789,8,SO44619,1,3578.27,3578.27,0,2171.2942,3578.27,286.2616,89.4568
312,2011-05-09,2011-05-21,2026-08-14,18204,9,SO44620,1,3578.27,3578.27,0,2171.2942,3578.27,286.2616,89.4568
313,2011-05-09,2011-05-21,2026-08-15,18217,9,SO44621,1,3578.27,3578.27,0,2171.2942,3578.27,286.2616,89.4568
311,2011-05-09,2011-05-21,2026-08-16,13771,8,SO44622,1,3578.27,3578.27,0,2171.2942,3578.27,286.2616,89.4568
314,2011-05-08,2011-05-20,2026-08-17,13778,8,SO44611,1,3578.27,3578.27,0,2171.2942,3578.27,286.2616,89.4568
311,2011-05-08,2011-05-20,2026-08-18,28675,4,SO44612,1,3578.27,3578.27,0,2171.2942,3578.27,286.2616,89.4568
313,2011-05-08,2011-05-20,2026-08-19,28628,1,SO44613,1,3578.27,3578.27,0,2171.2942,3578.27,286.2616,89.4568
312,2011-05-08,2011-05-20,2026-08-20,28650,4,SO44614,1,3578.27,3578.27,0,2171.2942,3578.27,286.2616,89.4568
314,2011-05-08,2011-05-20,2026-08-21,28654,1,SO44615,1,3578.27,3578.27,0,2171.2942,3578.27,286.2616,89.4568
314,2011-05-08,2011-05-20,2026-08-22,28655,1,SO44616,1,3578.27,3578.27,0,2171.2942,3578.27,286.2616,89.4568
313,2011-05-08,2011-05-20,2026-08-23,28666,1,SO44617,1,3578.27,3578.27,0,2171.2942,3578.27,286.2616,89.4568
314,2011-05-08,2011-05-20,2026-08-24,18205,9,SO44618,1,3578.27,3578.27,0,2171.2942,3578.27,286.2616,89.4568
314,2011-05-07,2011-05-19,2026-08-25,14702,10,SO44602,1,3578.27,3578.27,0,2171.2942,3578.27,286.2616,89.4568
342,2011-05-07,2011-05-19,2026-08-26,20167,10,SO44603,1,699.0982,699.0982,0,413.1463,699.0982,55.9279,17.4775
322,2011-05-07,2011-05-19,2026-08-27,19364,8,SO44604,1,699.0982,699.0982,0,413.1463,699.0982,55.9279,17.4775
314,2011-05-07,2011-05-19,2026-08-28,28672,4,SO44605,1,3578.27,3578.27,0,2171.2942,3578.27,286.2616,89.4568
313,2011-05-07,2011-05-19,2026-08-29,28772,1,SO44606,1,3578.27,3578.27,0,2171.2942,3578.27,286.2616,89.4568
310,2011-05-07,2011-05-19,2026-08-30,28774,4,SO44607,1,3578.27,3578.27,0,2171.2942,3578.27,286.2616,89.4568
313,2011-05-07,2011-05-19,2026-08-31,18200,9,SO44608,1,3578.27,3578.27,0,2171.2942,3578.27,286.2616,89.4568
311,2011-05-07,2011-05-19,2026-09-01,18220,9,SO44609,1,3578.27,3578.27,0,2171.2942,3578.27,286.2616,89.4568
313,2011-05-07,2011-05-19,2026-09-02,18241,9,SO44610,1,3578.27,3578.27,0,2171.2942,3578.27,286.2616,89.4568
310,2011-05-06,2011-05-18,2026-09-03,12290,7,SO44597,1,3578.27,3578.27,0,2171.2942,3578.27,286.2616,89.4568
348,2011-05-06,2011-05-18,2026-09-04,29400,8,SO44598,1,3374.99,3374.99,0,1898.0944,3374.99,269.9992,84.3748
310,2011-05-06,2011-05-18,2026-09-05,28792,1,SO44599,1,3578.27,3578.27,0,2171.2942,3578.27,286.2616,89.4568
314,2011-05-06,2011-05-18,2026-09-06,18243,9,SO44600,1,3578.27,3578.27,0,2171.2942,3578.27,286.2616,89.4568
345,2011-05-06,2011-05-18,2026-09-07,11117,9,SO44601,1,3399.99,3399.99,0,1912.1544,3399.99,271.9992,84.9998
310,2011-05-05,2011-05-17,2026-09-08,13795,8,SO44590,1,3578.27,3578.27,0,2171.2942,3578.27,286.2616,89.4568
330,2011-05-05,2011-05-17,2026-09-09,17987,7,SO44591,1,699.0982,699.0982,0,413.1463,699.0982,55.9279,17.4775
314,2011-05-05,2011-05-17,2026-09-10,28761,4,SO44592,1,3578.27,3578.27,0,2171.2942,3578.27,286.2616,89.4568
313,2011-05-05,2011-05-17,2026-09-11,28645,4,SO44593,1,3578.27,3578.27,0,2171.2942,3578.27,286.2616,89.4568
310,2011-05-05,2011-05-17,2026-09-12,18250,9,SO44594,1,3578.27,3578.27,0,2171.2942,3578.27,286.2616,89.4568
345,2011-05-05,2011-05-17,2026-09-13,11124,9,SO44595,1,3399.99,3399.99,0,1912.1544,3399.99,271.9992,84.9998
313,2011-05-05,2011-05-17,2026-09-14,18238,9,SO44596,1,3578.27,3578.27,0,2171.2942,3578.27,286.2616,89.4568
313,2011-05-04,2011-05-16,2026-09-15,28671,1,SO44584,1,3578.27,3578.27,0,2171.2942,3578.27,286.2616,89.4568
312,2011-05-04,2011-05-16,2026-09-16,28790,1,SO44585,1,3578.27,3578.27,0,2171.2942,3578.27,286.2616,89.4568
314,2011-05-04,2011-05-16,2026-09-17,28794,1,SO44586,1,3578.27,3578.27,0,2171.2942,3578.27,286.2616,89.4568
311,2011-05-04,2011-05-16,2026-09-18,28627,4,SO44587,1,3578.27,3578.27,0,2171.2942,3578.27,286.2616,89.4568
342,2011-05-04,2011-05-16,2026-09-19,26683,6,SO44588,1,699.0982,699.0982,0,413.1463,699.0982,55.9279,17.4775
346,2011-05-04,2011-05-16,2026-09-20,11104,9,SO44589,1,3399.99,3399.99,0,1912.1544,3399.99,271.9992,84.9998
314,2011-05-03,2011-05-15,2026-09-21,13782,8,SO44580,1,3578.27,3578.27,0,2171.2942,3578.27,286.2616,89.4568
348,2011-05-03,2011-05-15,2026-09-22,11108,9,SO44581,1,3374.99,3374.99,0,1898.0944,3374.99,269.9992,84.3748
346,2011-05-03,2011-05-15,2026-09-23,11134,9,SO44582,1,3399.99,3399.99,0,1912.1544,3399.99,271.9992,84.9998
310,2011-05-03,2011-05-15,2026-09-24,18210,9,SO44583,1,3578.27,3578.27,0,2171.2942,3578.27,286.2616,89.4568
314,2011-05-02,2011-05-14,2026-09-25,28667,1,SO44577,1,3578.27,3578.27,0,2171.2942,3578.27,286.2616,89.4568
314,2011-05-02,2011-05-14,2026-09-26,28653,4,SO44578,1,3578.27,3578.27,0,2171.2942,3578.27,286.2616,89.4568
312,2011-05-02,2011-05-14,2026-09-27,28662,4,SO44579,1,3578.27,3578.27,0,2171.2942,3578.27,286.2616,89.4568
347,2011-05-01,2011-05-13,2026-09-28,29448,8,SO44571,1,3399.99,3399.99,0,1912.1544,3399.99,271.9992,84.9998
314,2011-05-01,2011-05-13,2026-09-29,28664,1,SO44572,1,3578.27,3578.27,0,2171.2942,3578.27,286.2616,89.4568
347,2011-05-01,2011-05-13,2026-09-30,25917,4,SO44573,1,3399.99,3399.99,0,1912.1544,3399.99,271.9992,84.9998
349,2011-05-01,2011-05-13,2026-10-01,11107,9,SO44574,1,3374.99,3374.99,0,1898.0944,3374.99,269.9992,84.3748
344,2011-05-01,2011-05-13,2026-10-02,11110,9,SO44575,1,3399.99,3399.99,0,1912.1544,3399.99,271.9992,84.9998
313,2011-05-01,2011-05-13,2026-10-03,28660,1,SO44576,1,3578.27,3578.27,0,2171.2942,3578.27,286.2616,89.4568
350,2011-04-30,2011-05-12,2026-10-04,29391,8,SO44479,1,3374.99,3374.99,0,1898.0944,3374.99,269.9992,84.3748
350,2011-04-30,2011-05-12,2026-10-05,25891,4,SO44480,1,3374.99,3374.99,0,1898.0944,3374.99,269.9992,84.3748
312,2011-04-29,2011-05-11,2026-10-06,13685,8,SO44472,1,3578.27,3578.27,0,2171.2942,3578.27,286.2616,89.4568
312,2011-04-29,2011-05-11,2026-10-07,28255,1,SO44473,1,3578.27,3578.27,0,2171.2942,3578.27,286.2616,89.4568
330,2011-04-29,2011-05-11,2026-10-08,14601,4,SO44474,1,699.0982,699.0982,0,413.1463,699.0982,55.9279,17.4775
345,2011-04-29,2011-05-11,2026-10-09,11101,9,SO44475,1,3399.99,3399.99,0,1912.1544,3399.99,271.9992,84.9998
314,2011-04-29,2011-05-11,2026-10-10,17913,9,SO44476,1,3578.27,3578.27,0,2171.2942,3578.27,286.2616,89.4568
310,2011-04-29,2011-05-11,2026-10-11,17922,9,SO44477,1,3578.27,3578.27,0,2171.2942,3578.27,286.2616,89.4568
314,2011-04-29,2011-05-11,2026-10-12,17726,9,SO44478,1,3578.27,3578.27,0,2171.2942,3578.27,286.2616,89.4568
311,2011-04-28,2011-05-10,2026-10-13,14155,10,SO44462,1,3578.27,3578.27,0,2171.2942,3578.27,286.2616,89.4568
332,2011-04-28,2011-05-10,2026-10-14,19340,8,SO44463,1,699.0982,699.0982,0,413.1463,699.0982,55.9279,17.4775
314,2011-04-28,2011-05-10,2026-10-15,22120,6,SO44464,1,3578.27,3578.27,0,2171.2942,3578.27,286.2616,89.4568
320,2011-04-28,2011-05-10,2026-10-16,14613,1,SO44465,1,699.0982,699.0982,0,413.1463,699.0982,55.9279,17.4775
334,2011-04-28,2011-05-10,2026-10-17,26640,6,SO44466,1,699.0982,699.0982,0,413.1463,699.0982,55.9279,17.4775
346,2011-04-28,2011-05-10,2026-10-18,11070,9,SO44467,1,3399.99,3399.99,0,1912.1544,3399.99,271.9992,84.9998
351,2011-04-28,2011-05-10,2026-10-19,11075,9,SO44468,1,3374.99,3374.99,0,1898.0944,3374.99,269.9992,84.3748
314,2011-04-28,2011-05-10,2026-10-20,17734,9,SO44469,1,3578.27,3578.27,0,2171.2942,3578.27,286.2616,89.4568
313,2011-04-28,2011-05-10,2026-10-21,17735,9,SO44470,1,3578.27,3578.27,0,2171.2942,3578.27,286.2616,89.4568
322,2011-04-28,2011-05-10,2026-10-22,25561,9,SO44471,1,699.0982,699.0982,0,413.1463,699.0982,55.9279,17.4775
311,2011-04-27,2011-05-09,2026-10-23,28196,1,SO44457,1,3578.27,3578.27,0,2171.2942,3578.27,286.2616,89.4568
314,2011-04-27,2011-05-09,2026-10-24,28247,1,SO44458,1,3578.27,3578.27,0,2171.2942,3578.27,286.2616,89.4568
314,2011-04-27,2011-05-09,2026-10-25,28288,4,SO44459,1,3578.27,3578.27,0,2171.2942,3578.27,286.2616,89.4568
334,2011-04-27,2011-05-09,2026-10-26,20150,10,SO44460,1,699.0982,699.0982,0,413.1463,699.0982,55.9279,17.4775
313,2011-04-27,2011-05-09,2026-10-27,17918,9,SO44461,1,3578.27,3578.27,0,2171.2942,3578.27,286.2616,89.4568
312,2011-04-26,2011-05-08,2026-10-28,12265,7,SO44447,1,3578.27,3578.27,0,2171.2942,3578.27,286.2616,89.4568
311,2011-04-26,2011-05-08,2026-10-29,28264,1,SO44448,1,3578.27,3578.27,0,2171.2942,3578.27,286.2616,89.4568
312,2011-04-26,2011-05-08,2026-10-30,28293,4,SO44449,1,3578.27,3578.27,0,2171.2942,3578.27,286.2616,89.4568
310,2011-04-26,2011-05-08,2026-10-31,28294,4,SO44450,1,3578.27,3578.27,0,2171.2942,3578.27,286.2616,89.4568
313,2011-04-26,2011-05-08,2026-11-01,28295,1,SO44451,1,3578.27,3578.27,0,2171.2942,3578.27,286.2616,89.4568
332,2011-04-26,2011-05-08,2026-11-02,20164,10,SO44452,1,699.0982,699.0982,0,413.1463,699.0982,55.9279,17.4775
310,2011-04-26,2011-05-08,2026-11-03,17923,9,SO44453,1,3578.27,3578.27,0,2171.2942,3578.27,286.2616,89.4568
310,2011-04-26,2011-05-08,2026-11-04,17926,9,SO44454,1,3578.27,3578.27,0,2171.2942,3578.27,286.2616,89.4568
312,2011-04-26,2011-05-08,2026-11-05,17513,9,SO44455,1,3578.27,3578.27,0,2171.2942,3578.27,286.2616,89.4568
320,2011-04-26,2011-05-08,2026-11-06,25560,9,SO44456,1,699.0982,699.0982,0,413.1463,699.0982,55.9279,17.4775
314,2011-04-25,2011-05-07,2026-11-07,17478,9,SO44445,1,3578.27,3578.27,0,2171.2942,3578.27,286.2616,89.4568
313,2011-04-25,2011-05-07,2026-11-08,17914,9,SO44446,1,3578.27,3578.27,0,2171.2942,3578.27,286.2616,89.4568
311,2011-04-24,2011-05-06,2026-11-09,13697,8,SO44444,1,3578.27,3578.27,0,2171.2942,3578.27,286.2616,89.4568
310,2011-04-22,2011-05-04,2026-11-10,14195,10,SO44439,1,3578.27,3578.27,0,2171.2942,3578.27,286.2616,89.4568
312,2011-04-22,2011-05-04,2026-11-11,12261,7,SO44440,1,3578.27,3578.27,0,2171.2942,3578.27,286.2616,89.4568
312,2011-04-22,2011-05-04,2026-11-12,22118,6,SO44441,1,3578.27,3578.27,0,2171.2942,3578.27,286.2616,89.4568
334,2011-04-22,2011-05-04,2026-11-13,14599,1,SO44442,1,699.0982,699.0982,0,413.1463,699.0982,55.9279,17.4775
310,2011-04-22,2011-05-04,2026-11-14,17370,9,SO44443,1,3578.27,3578.27,0,2171.2942,3578.27,286.2616,89.4568
312,2011-04-21,2011-05-03,2026-11-15,28573,1,SO44435,1,3578.27,3578.27,0,2171.2942,3578.27,286.2616,89.4568
322,2011-04-21,2011-05-03,2026-11-16,26630,6,SO44436,1,699.0982,699.0982,0,413.1463,699.0982,55.9279,17.4775
344,2011-04-21,2011-05-03,2026-11-17,11076,9,SO44437,1,3399.99,3399.99,0,1912.1544,3399.99,271.9992,84.9998
312,2011-04-21,2011-05-03,2026-11-18,17909,9,SO44438,1,3578.27,3578.27,0,2171.2942,3578.27,286.2616,89.4568
314,2011-04-20,2011-05-02,2026-11-19,14165,10,SO44432,1,3578.27,3578.27,0,2171.2942,3578.27,286.2616,89.4568
312,2011-04-20,2011-05-02,2026-11-20,28270,1,SO44433,1,3578.27,3578.27,0,2171.2942,3578.27,286.2616,89.4568
310,2011-04-20,2011-05-02,2026-11-21,28580,4,SO44434,1,3578.27,3578.27,0,2171.2942,3578.27,286.2616,89.4568
314,2011-04-19,2011-05-01,2026-11-22,13770,8,SO44426,1,3578.27,3578.27,0,2171.2942,3578.27,286.2616,89.4568
314,2011-04-19,2011-05-01,2026-11-23,14146,10,SO44427,1,3578.27,3578.27,0,2171.2942,3578.27,286.2616,89.4568
313,2011-04-19,2011-05-01,2026-11-24,28362,4,SO44428,1,3578.27,3578.27,0,2171.2942,3578.27,286.2616,89.4568
314,2011-04-19,2011-05-01,2026-11-25,28583,1,SO44429,1,3578.27,3578.27,0,2171.2942,3578.27,286.2616,89.4568
313,2011-04-19,2011-05-01,2026-11-26,17927,9,SO44430,1,3578.27,3578.27,0,2171.2942,3578.27,286.2616,89.4568
312,2011-04-19,2011-05-01,2026-11-27,17725,9,SO44431,1,3578.27,3578.27,0,2171.2942,3578.27,286.2616,89.4568
313,2011-04-18,2011-04-30,2026-11-28,13607,8,SO44421,1,3578.27,3578.27,0,2171.2942,3578.27,286.2616,89.4568
326,2011-04-18,2011-04-30,2026-11-29,19353,8,SO44422,1,699.0982,699.0982,0,413.1463,699.0982,55.9279,17.4775
313,2011-04-18,2011-04-30,2026-11-30,28586,4,SO44423,1,3578.27,3578.27,0,2171.2942,3578.27,286.2616,89.4568
312,2011-04-18,2011-04-30,2026-12-01,17916,9,SO44424,1,3578.27,3578.27,0,2171.2942,3578.27,286.2616,89.4568
311,2011-04-18,2011-04-30,2026-12-02,17504,9,SO44425,1,3578.27,3578.27,0,2171.2942,3578.27,286.2616,89.4568
310,2011-04-17,2011-04-29,2026-12-03,13606,8,SO44413,1,3578.27,3578.27,0,2171.2942,3578.27,286.2616,89.4568
311,2011-04-17,2011-04-29,2026-12-04,28340,4,SO44414,1,3578.27,3578.27,0,2171.2942,3578.27,286.2616,89.4568
312,2011-04-17,2011-04-29,2026-12-05,28355,4,SO44415,1,3578.27,3578.27,0,2171.2942,3578.27,286.2616,89.4568
345,2011-04-17,2011-04-29,2026-12-06,11069,9,SO44416,1,3399.99,3399.99,0,1912.1544,3399.99,271.9992,84.9998
311,2011-04-17,2011-04-29,2026-12-07,17917,9,SO44417,1,3578.27,3578.27,0,2171.2942,3578.27,286.2616,89.4568
311,2011-04-17,2011-04-29,2026-12-08,17919,9,SO44418,1,3578.27,3578.27,0,2171.2942,3578.27,286.2616,89.4568
310,2011-04-17,2011-04-29,2026-12-09,17352,9,SO44419,1,3578.27,3578.27,0,2171.2942,3578.27,286.2616,89.4568
311,2011-04-17,2011-04-29,2026-12-10,17512,9,SO44420,1,3578.27,3578.27,0,2171.2942,3578.27,286.2616,89.4568
310,2011-04-16,2011-04-28,2026-12-11,28223,4,SO44410,1,3578.27,3578.27,0,2171.2942,3578.27,286.2616,89.4568
312,2011-04-16,2011-04-28,2026-12-12,28584,4,SO44411,1,3578.27,3578.27,0,2171.2942,3578.27,286.2616,89.4568
349,2011-04-16,2011-04-28,2026-12-13,11100,9,SO44412,1,3374.99,3374.99,0,1898.0944,3374.99,269.9992,84.3748
314,2011-04-15,2011-04-27,2026-12-14,28221,4,SO44404,1,3578.27,3578.27,0,2171.2942,3578.27,286.2616,89.4568
310,2011-04-15,2011-04-27,2026-12-15,28224,4,SO44405,1,3578.27,3578.27,0,2171.2942,3578.27,286.2616,89.4568
313,2011-04-15,2011-04-27,2026-12-16,28299,4,SO44406,1,3578.27,3578.27,0,2171.2942,3578.27,286.2616,89.4568
351,2011-04-15,2011-04-27,2026-12-17,11077,9,SO44407,1,3374.99,3374.99,0,1898.0944,3374.99,269.9992,84.3748
351,2011-04-15,2011-04-27,2026-12-18,11103,9,SO44408,1,3374.99,3374.99,0,1898.0944,3374.99,269.9992,84.3748
320,2011-04-15,2011-04-27,2026-12-19,25563,9,SO44409,1,699.0982,699.0982,0,413.1463,699.0982,55.9279,17.4775
314,2011-04-14,2011-04-26,2026-12-20,13666,8,SO44402,1,3578.27,3578.27,0,2171.2942,3578.27,286.2616,89.4568
350,2011-04-14,2011-04-26,2026-12-21,19844,6,SO44403,1,3374.99,3374.99,0,1898.0944,3374.99,269.9992,84.3748
311,2011-04-13,2011-04-25,2026-12-22,28240,1,SO44399,1,3578.27,3578.27,0,2171.2942,3578.27,286.2616,89.4568
312,2011-04-13,2011-04-25,2026-12-23,28588,4,SO44400,1,3578.27,3578.27,0,2171.2942,3578.27,286.2616,89.4568
312,2011-04-13,2011-04-25,2026-12-24,17515,9,SO44401,1,3578.27,3578.27,0,2171.2942,3578.27,286.2616,89.4568
345,2011-04-12,2011-04-24,2026-12-25,29398,8,SO44393,1,3399.99,3399.99,0,1912.1544,3399.99,271.9992,84.9998
313,2011-04-12,2011-04-24,2026-12-26,28246,1,SO44394,1,3578.27,3578.27,0,2171.2942,3578.27,286.2616,89.4568
314,2011-04-12,2011-04-24,2026-12-27,28339,1,SO44395,1,3578.27,3578.27,0,2171.2942,3578.27,286.2616,89.4568
345,2011-04-12,2011-04-24,2026-12-28,25901,4,SO44396,1,3399.99,3399.99,0,1912.1544,3399.99,271.9992,84.9998
330,2011-04-12,2011-04-24,2026-12-29,14596,4,SO44397,1,699.0982,699.0982,0,413.1463,699.0982,55.9279,17.4775
312,2011-04-12,2011-04-24,2026-12-30,17733,9,SO44398,1,3578.27,3578.27,0,2171.2942,3578.27,286.2616,89.4568
313,2011-04-11,2011-04-23,2026-12-31,14191,10,SO44381,1,3578.27,3578.27,0,2171.2942,3578.27,286.2616,89.4568
347,2011-04-11,2011-04-23,2027-01-01,11341,10,SO44382,1,3399.99,3399.99,0,1912.1544,3399.99,271.9992,84.9998
310,2011-04-11,2011-04-23,2027-01-02,28268,4,SO44383,1,3578.27,3578.27,0,2171.2942,3578.27,286.2616,89.4568
311,2011-04-11,2011-04-23,2027-01-03,28296,4,SO44384,1,3578.27,3578.27,0,2171.2942,3578.27,286.2616,89.4568
314,2011-04-11,2011-04-23,2027-01-04,28298,4,SO44385,1,3578.27,3578.27,0,2171.2942,3578.27,286.2616,89.4568
312,2011-04-11,2011-04-23,2027-01-05,28587,4,SO44386,1,3578.27,3578.27,0,2171.2942,3578.27,286.2616,89.4568
351,2011-04-11,2011-04-23,2027-01-06,11096,9,SO44387,1,3374.99,3374.99,0,1898.0944,3374.99,269.9992,84.3748
310,2011-04-11,2011-04-23,2027-01-07,17924,9,SO44388,1,3578.27,3578.27,0,2171.2942,3578.27,286.2616,89.4568
313,2011-04-11,2011-04-23,2027-01-08,17925,9,SO44389,1,3578.27,3578.27,0,2171.2942,3578.27,286.2616,89.4568
314,2011-04-11,2011-04-23,2027-01-09,17353,9,SO44390,1,3578.27,3578.27,0,2171.2942,3578.27,286.2616,89.4568
313,2011-04-11,2011-04-23,2027-01-10,17730,9,SO44391,1,3578.27,3578.27,0,2171.2942,3578.27,286.2616,89.4568
314,2011-04-11,2011-04-23,2027-01-11,17910,9,SO44392,1,3578.27,3578.27,0,2171.2942,3578.27,286.2616,89.4568
310,2011-04-10,2011-04-22,2027-01-12,13767,8,SO44373,1,3578.27,3578.27,0,2171.2942,3578.27,286.2616,89.4568
310,2011-04-10,2011-04-22,2027-01-13,14157,10,SO44374,1,3578.27,3578.27,0,2171.2942,3578.27,286.2616,89.4568
310,2011-04-10,2011-04-22,2027-01-14,14183,10,SO44375,1,3578.27,3578.27,0,2171.2942,3578.27,286.2616,89.4568
349,2011-04-10,2011-04-22,2027-01-15,29399,8,SO44376,1,3374.99,3374.99,0,1898.0944,3374.99,269.9992,84.3748
310,2011-04-10,2011-04-22,2027-01-16,28234,4,SO44377,1,3578.27,3578.27,0,2171.2942,3578.27,286.2616,89.4568
349,2011-04-10,2011-04-22,2027-01-17,25903,1,SO44378,1,3374.99,3374.99,0,1898.0944,3374.99,269.9992,84.3748
351,2011-04-10,2011-04-22,2027-01-18,11080,9,SO44379,1,3374.99,3374.99,0,1898.0944,3374.99,269.9992,84.3748
310,2011-04-10,2011-04-22,2027-01-19,17915,9,SO44380,1,3578.27,3578.27,0,2171.2942,3578.27,286.2616,89.4568
314,2011-04-09,2011-04-21,2027-01-20,14150,10,SO44368,1,3578.27,3578.27,0,2171.2942,3578.27,286.2616,89.4568
310,2011-04-09,2011-04-21,2027-01-21,28250,4,SO44369,1,3578.27,3578.27,0,2171.2942,3578.27,286.2616,89.4568
313,2011-04-09,2011-04-21,2027-01-22,18193,9,SO44370,1,3578.27,3578.27,0,2171.2942,3578.27,286.2616,89.4568
311,2011-04-09,2011-04-21,2027-01-23,17514,9,SO44371,1,3578.27,3578.27,0,2171.2942,3578.27,286.2616,89.4568
310,2011-04-09,2011-04-21,2027-01-24,17736,9,SO44372,1,3578.27,3578.27,0,2171.2942,3578.27,286.2616,89.4568
311,2011-04-08,2011-04-20,2027-01-25,14525,10,SO44359,1,3578.27,3578.27,0,2171.2942,3578.27,286.2616,89.4568
311,2011-04-08,2011-04-20,2027-01-26,14158,10,SO44360,1,3578.27,3578.27,0,2171.2942,3578.27,286.2616,89.4568
310,2011-04-08,2011-04-20,2027-01-27,13686,8,SO44361,1,3578.27,3578.27,0,2171.2942,3578.27,286.2616,89.4568
310,2011-04-08,2011-04-20,2027-01-28,28259,4,SO44362,1,3578.27,3578.27,0,2171.2942,3578.27,286.2616,89.4568
312,2011-04-08,2011-04-20,2027-01-29,28285,1,SO44363,1,3578.27,3578.27,0,2171.2942,3578.27,286.2616,89.4568
348,2011-04-08,2011-04-20,2027-01-30,11092,9,SO44364,1,3374.99,3374.99,0,1898.0944,3374.99,269.9992,84.3748
313,2011-04-08,2011-04-20,2027-01-31,17912,9,SO44365,1,3578.27,3578.27,0,2171.2942,3578.27,286.2616,89.4568
313,2011-04-08,2011-04-20,2027-02-01,17502,9,SO44366,1,3578.27,3578.27,0,2171.2942,3578.27,286.2616,89.4568
328,2011-04-08,2011-04-20,2027-02-02,25562,9,SO44367,1,699.0982,699.0982,0,413.1463,699.0982,55.9279,17.4775
313,2011-04-07,2011-04-19,2027-02-03,14159,10,SO44348,1,3578.27,3578.27,0,2171.2942,3578.27,286.2616,89.4568
311,2011-04-07,2011-04-19,2027-02-04,28243,4,SO44349,1,3578.27,3578.27,0,2171.2942,3578.27,286.2616,89.4568
312,2011-04-07,2011-04-19,2027-02-05,28244,4,SO44350,1,3578.27,3578.27,0,2171.2942,3578.27,286.2616,89.4568
314,2011-04-07,2011-04-19,2027-02-06,28271,4,SO44351,1,3578.27,3578.27,0,2171.2942,3578.27,286.2616,89.4568
311,2011-04-07,2011-04-19,2027-02-07,28297,1,SO44352,1,3578.27,3578.27,0,2171.2942,3578.27,286.2616,89.4568
326,2011-04-07,2011-04-19,2027-02-08,14591,4,SO44353,1,699.0982,699.0982,0,413.1463,699.0982,55.9279,17.4775
336,2011-04-07,2011-04-19,2027-02-09,14603,4,SO44354,1,699.0982,699.0982,0,413.1463,699.0982,55.9279,17.4775
347,2011-04-07,2011-04-19,2027-02-10,11093,9,SO44355,1,3399.99,3399.99,0,1912.1544,3399.99,271.9992,84.9998
345,2011-04-07,2011-04-19,2027-02-11,11099,9,SO44356,1,3399.99,3399.99,0,1912.1544,3399.99,271.9992,84.9998
310,2011-04-07,2011-04-19,2027-02-12,17511,9,SO44357,1,3578.27,3578.27,0,2171.2942,3578.27,286.2616,89.4568
310,2011-04-07,2011-04-19,2027-02-13,17732,9,SO44358,1,3578.27,3578.27,0,2171.2942,3578.27,286.2616,89.4568
310,2011-04-06,2011-04-18,2027-02-14,14427,10,SO44344,1,3578.27,3578.27,0,2171.2942,3578.27,286.2616,89.4568
313,2011-04-06,2011-04-18,2027-02-15,28200,4,SO44345,1,3578.27,3578.27,0,2171.2942,3578.27,286.2616,89.4568
336,2011-04-06,2011-04-18,2027-02-16,14602,4,SO44346,1,699.0982,699.0982,0,413.1463,699.0982,55.9279,17.4775
312,2011-04-06,2011-04-18,2027-02-17,17911,9,SO44347,1,3578.27,3578.27,0,2171.2942,3578.27,286.2616,89.4568
348,2011-04-05,2011-04-17,2027-02-18,25905,4,SO44341,1,3374.99,3374.99,0,1898.0944,3374.99,269.9992,84.3748
320,2011-04-05,2011-04-17,2027-02-19,14610,1,SO44342,1,699.0982,699.0982,0,413.1463,699.0982,55.9279,17.4775
314,2011-04-05,2011-04-17,2027-02-20,17920,9,SO44343,1,3578.27,3578.27,0,2171.2942,3578.27,286.2616,89.4568
345,2011-04-04,2011-04-16,2027-02-21,11343,10,SO44333,1,3399.99,3399.99,0,1912.1544,3399.99,271.9992,84.9998
311,2011-04-04,2011-04-16,2027-02-22,28273,4,SO44334,1,3578.27,3578.27,0,2171.2942,3578.27,286.2616,89.4568
324,2011-04-04,2011-04-16,2027-02-23,20165,10,SO44335,1,699.0982,699.0982,0,413.1463,699.0982,55.9279,17.4775
345,2011-04-04,2011-04-16,2027-02-24,25895,1,SO44336,1,3399.99,3399.99,0,1912.1544,3399.99,271.9992,84.9998
351,2011-04-04,2011-04-16,2027-02-25,11097,9,SO44337,1,3374.99,3374.99,0,1898.0944,3374.99,269.9992,84.3748
314,2011-04-04,2011-04-16,2027-02-26,18188,9,SO44338,1,3578.27,3578.27,0,2171.2942,3578.27,286.2616,89.4568
311,2011-04-04,2011-04-16,2027-02-27,18189,9,SO44339,1,3578.27,3578.27,0,2171.2942,3578.27,286.2616,89.4568
314,2011-04-04,2011-04-16,2027-02-28,17354,9,SO44340,1,3578.27,3578.27,0,2171.2942,3578.27,286.2616,89.4568
311,2011-04-03,2011-04-15,2027-03-01,28257,1,SO44331,1,3578.27,3578.27,0,2171.2942,3578.27,286.2616,89.4568
310,2011-04-03,2011-04-15,2027-03-02,17510,9,SO44332,1,3578.27,3578.27,0,2171.2942,3578.27,286.2616,89.4568
314,2011-04-02,2011-04-14,2027-03-03,28598,4,SO44327,1,3578.27,3578.27,0,2171.2942,3578.27,286.2616,89.4568
310,2011-04-02,2011-04-14,2027-03-04,17921,9,SO44328,1,3578.27,3578.27,0,2171.2942,3578.27,286.2616,89.4568
311,2011-04-02,2011-04-14,2027-03-05,17904,9,SO44329,1,3578.27,3578.27,0,2171.2942,3578.27,286.2616,89.4568
312,2011-04-02,2011-04-14,2027-03-06,28199,4,SO44330,1,3578.27,3578.27,0,2171.2942,3578.27,286.2616,89.4568
311,2011-04-01,2011-04-13,2027-03-07,12267,7,SO44324,1,3578.27,3578.27,0,2171.2942,3578.27,286.2616,89.4568
351,2011-04-01,2011-04-13,2027-03-08,11095,9,SO44325,1,3374.99,3374.99,0,1898.0944,3374.99,269.9992,84.3748
312,2011-04-01,2011-04-13,2027-03-09,17728,9,SO44326,1,3578.27,3578.27,0,2171.2942,3578.27,286.2616,89.4568
314,2011-03-31,2011-04-12,2027-03-10,14429,10,SO44320,1,3578.27,3578.27,0,2171.2942,3578.27,286.2616,89.4568
311,2011-03-31,2011-04-12,2027-03-11,28222,1,SO44321,1,3578.27,3578.27,0,2171.2942,3578.27,286.2616,89.4568
328,2011-03-31,2011-04-12,2027-03-12,17975,7,SO44322,1,699.0982,699.0982,0,413.1463,699.0982,55.9279,17.4775
344,2011-03-31,2011-04-12,2027-03-13,11072,9,SO44323,1,3399.99,3399.99,0,1912.1544,3399.99,271.9992,84.9998
314,2011-03-30,2011-04-11,2027-03-14,13794,10,SO44270,1,3578.27,3578.27,0,2171.2942,3578.27,286.2616,89.4568
314,2011-03-30,2011-04-11,2027-03-15,13846,10,SO44271,1,3578.27,3578.27,0,2171.2942,3578.27,286.2616,89.4568
311,2011-03-30,2011-04-11,2027-03-16,12256,7,SO44272,1,3578.27,3578.27,0,2171.2942,3578.27,286.2616,89.4568
311,2011-03-30,2011-04-11,2027-03-17,28147,4,SO44273,1,3578.27,3578.27,0,2171.2942,3578.27,286.2616,89.4568
314,2011-03-30,2011-04-11,2027-03-18,28152,4,SO44274,1,3578.27,3578.27,0,2171.2942,3578.27,286.2616,89.4568
311,2011-03-30,2011-04-11,2027-03-19,17256,9,SO44275,1,3578.27,3578.27,0,2171.2942,3578.27,286.2616,89.4568
313,2011-03-30,2011-04-11,2027-03-20,17277,9,SO44276,1,3578.27,3578.27,0,2171.2942,3578.27,286.2616,89.4568
311,2011-03-30,2011-04-11,2027-03-21,17288,9,SO44277,1,3578.27,3578.27,0,2171.2942,3578.27,286.2616,89.4568
310,2011-03-30,2011-04-11,2027-03-22,17293,9,SO44278,1,3578.27,3578.27,0,2171.2942,3578.27,286.2616,89.4568
313,2011-03-30,2011-04-11,2027-03-23,17326,9,SO44279,1,3578.27,3578.27,0,2171.2942,3578.27,286.2616,89.4568
326,2011-03-29,2011-04-10,2027-03-24,14589,4,SO44269,1,699.0982,699.0982,0,413.1463,699.0982,55.9279,17.4775
336,2011-03-28,2011-04-09,2027-03-25,19339,8,SO44267,1,699.0982,699.0982,0,413.1463,699.0982,55.9279,17.4775
312,2011-03-28,2011-04-09,2027-03-26,13820,10,SO44268,1,3578.27,3578.27,0,2171.2942,3578.27,286.2616,89.4568
313,2011-03-27,2011-04-08,2027-03-27,12212,7,SO44257,1,3578.27,3578.27,0,2171.2942,3578.27,286.2616,89.4568
310,2011-03-27,2011-04-08,2027-03-28,13579,8,SO44258,1,3578.27,3578.27,0,2171.2942,3578.27,286.2616,89.4568
312,2011-03-27,2011-04-08,2027-03-29,28171,1,SO44259,1,3578.27,3578.27,0,2171.2942,3578.27,286.2616,89.4568
312,2011-03-27,2011-04-08,2027-03-30,28194,1,SO44260,1,3578.27,3578.27,0,2171.2942,3578.27,286.2616,89.4568
312,2011-03-27,2011-04-08,2027-03-31,22112,6,SO44261,1,3578.27,3578.27,0,2171.2942,3578.27,286.2616,89.4568
322,2011-03-27,2011-04-08,2027-04-01,20149,10,SO44262,1,699.0982,699.0982,0,413.1463,699.0982,55.9279,17.4775
310,2011-03-27,2011-04-08,2027-04-02,17279,9,SO44263,1,3578.27,3578.27,0,2171.2942,3578.27,286.2616,89.4568
313,2011-03-27,2011-04-08,2027-04-03,17286,9,SO44264,1,3578.27,3578.27,0,2171.2942,3578.27,286.2616,89.4568
320,2011-03-27,2011-04-08,2027-04-04,25557,9,SO44265,1,699.0982,699.0982,0,413.1463,699.0982,55.9279,17.4775
336,2011-03-27,2011-04-08,2027-04-05,25559,9,SO44266,1,699.0982,699.0982,0,413.1463,699.0982,55.9279,17.4775
312,2011-03-26,2011-04-07,2027-04-06,13777,10,SO44252,1,3578.27,3578.27,0,2171.2942,3578.27,286.2616,89.4568
310,2011-03-26,2011-04-07,2027-04-07,28099,4,SO44253,1,3578.27,3578.27,0,2171.2942,3578.27,286.2616,89.4568
314,2011-03-26,2011-04-07,2027-04-08,28142,1,SO44254,1,3578.27,3578.27,0,2171.2942,3578.27,286.2616,89.4568
340,2011-03-26,2011-04-07,2027-04-09,14585,4,SO44255,1,699.0982,699.0982,0,413.1463,699.0982,55.9279,17.4775
312,2011-03-26,2011-04-07,2027-04-10,17232,9,SO44256,1,3578.27,3578.27,0,2171.2942,3578.27,286.2616,89.4568
313,2011-03-25,2011-04-06,2027-04-11,13845,10,SO44249,1,3578.27,3578.27,0,2171.2942,3578.27,286.2616,89.4568
312,2011-03-25,2011-04-06,2027-04-12,28167,4,SO44250,1,3578.27,3578.27,0,2171.2942,3578.27,286.2616,89.4568
311,2011-03-25,2011-04-06,2027-04-13,28190,4,SO44251,1,3578.27,3578.27,0,2171.2942,3578.27,286.2616,89.4568
312,2011-03-24,2011-04-05,2027-04-14,12219,7,SO44246,1,3578.27,3578.27,0,2171.2942,3578.27,286.2616,89.4568
310,2011-03-24,2011-04-05,2027-04-15,17233,9,SO44247,1,3578.27,3578.27,0,2171.2942,3578.27,286.2616,89.4568
313,2011-03-24,2011-04-05,2027-04-16,17240,9,SO44248,1,3578.27,3578.27,0,2171.2942,3578.27,286.2616,89.4568
311,2011-03-23,2011-04-04,2027-04-17,12217,7,SO44239,1,3578.27,3578.27,0,2171.2942,3578.27,286.2616,89.4568
311,2011-03-23,2011-04-04,2027-04-18,13580,8,SO44240,1,3578.27,3578.27,0,2171.2942,3578.27,286.2616,89.4568
313,2011-03-23,2011-04-04,2027-04-19,28155,4,SO44241,1,3578.27,3578.27,0,2171.2942,3578.27,286.2616,89.4568
313,2011-03-23,2011-04-04,2027-04-20,28163,1,SO44242,1,3578.27,3578.27,0,2171.2942,3578.27,286.2616,89.4568
312,2011-03-23,2011-04-04,2027-04-21,17278,9,SO44243,1,3578.27,3578.27,0,2171.2942,3578.27,286.2616,89.4568
312,2011-03-23,2011-04-04,2027-04-22,17329,9,SO44244,1,3578.27,3578.27,0,2171.2942,3578.27,286.2616,89.4568
330,2011-03-23,2011-04-04,2027-04-23,25556,9,SO44245,1,699.0982,699.0982,0,413.1463,699.0982,55.9279,17.4775
310,2011-03-22,2011-04-03,2027-04-24,13841,10,SO44233,1,3578.27,3578.27,0,2171.2942,3578.27,286.2616,89.4568
312,2011-03-22,2011-04-03,2027-04-25,28184,4,SO44234,1,3578.27,3578.27,0,2171.2942,3578.27,286.2616,89.4568
313,2011-03-22,2011-04-03,2027-04-26,22117,6,SO44235,1,3578.27,3578.27,0,2171.2942,3578.27,286.2616,89.4568
312,2011-03-22,2011-04-03,2027-04-27,28191,1,SO44236,1,3578.27,3578.27,0,2171.2942,3578.27,286.2616,89.4568
310,2011-03-22,2011-04-03,2027-04-28,17056,9,SO44237,1,3578.27,3578.27,0,2171.2942,3578.27,286.2616,89.4568
311,2011-03-22,2011-04-03,2027-04-29,17079,9,SO44238,1,3578.27,3578.27,0,2171.2942,3578.27,286.2616,89.4568
322,2011-03-21,2011-04-02,2027-04-30,20060,10,SO44225,1,699.0982,699.0982,0,413.1463,699.0982,55.9279,17.4775
313,2011-03-21,2011-04-02,2027-05-01,12255,7,SO44226,1,3578.27,3578.27,0,2171.2942,3578.27,286.2616,89.4568
349,2011-03-21,2011-04-02,2027-05-02,28401,7,SO44227,1,3374.99,3374.99,0,1898.0944,3374.99,269.9992,84.3748
344,2011-03-21,2011-04-02,2027-05-03,11333,10,SO44228,1,3399.99,3399.99,0,1912.1544,3399.99,271.9992,84.9998
344,2011-03-21,2011-04-02,2027-05-04,25886,1,SO44229,1,3399.99,3399.99,0,1912.1544,3399.99,271.9992,84.9998
312,2011-03-21,2011-04-02,2027-05-05,17241,9,SO44230,1,3578.27,3578.27,0,2171.2942,3578.27,286.2616,89.4568
334,2011-03-21,2011-04-02,2027-05-06,17973,7,SO44231,1,699.0982,699.0982,0,413.1463,699.0982,55.9279,17.4775
312,2011-03-21,2011-04-02,2027-05-07,17334,9,SO44232,1,3578.27,3578.27,0,2171.2942,3578.27,286.2616,89.4568
310,2011-03-20,2011-04-01,2027-05-08,13847,10,SO44223,1,3578.27,3578.27,0,2171.2942,3578.27,286.2616,89.4568
314,2011-03-20,2011-04-01,2027-05-09,28166,4,SO44224,1,3578.27,3578.27,0,2171.2942,3578.27,286.2616,89.4568
312,2011-03-19,2011-03-31,2027-05-10,28180,1,SO44215,1,3578.27,3578.27,0,2171.2942,3578.27,286.2616,89.4568
314,2011-03-19,2011-03-31,2027-05-11,13560,8,SO44216,1,3578.27,3578.27,0,2171.2942,3578.27,286.2616,89.4568
310,2011-03-19,2011-03-31,2027-05-12,28148,1,SO44217,1,3578.27,3578.27,0,2171.2942,3578.27,286.2616,89.4568
311,2011-03-19,2011-03-31,2027-05-13,22109,6,SO44218,1,3578.27,3578.27,0,2171.2942,3578.27,286.2616,89.4568
338,2011-03-19,2011-03-31,2027-05-14,14590,4,SO44219,1,699.0982,699.0982,0,413.1463,699.0982,55.9279,17.4775
345,2011-03-19,2011-03-31,2027-05-15,11060,9,SO44220,1,3399.99,3399.99,0,1912.1544,3399.99,271.9992,84.9998
314,2011-03-19,2011-03-31,2027-05-16,17255,9,SO44221,1,3578.27,3578.27,0,2171.2942,3578.27,286.2616,89.4568
311,2011-03-19,2011-03-31,2027-05-17,17258,9,SO44222,1,3578.27,3578.27,0,2171.2942,3578.27,286.2616,89.4568
310,2011-03-18,2011-03-30,2027-05-18,13783,10,SO44210,1,3578.27,3578.27,0,2171.2942,3578.27,286.2616,89.4568
313,2011-03-18,2011-03-30,2027-05-19,28154,4,SO44211,1,3578.27,3578.27,0,2171.2942,3578.27,286.2616,89.4568
312,2011-03-18,2011-03-30,2027-05-20,28170,4,SO44212,1,3578.27,3578.27,0,2171.2942,3578.27,286.2616,89.4568
310,2011-03-18,2011-03-30,2027-05-21,17351,9,SO44213,1,3578.27,3578.27,0,2171.2942,3578.27,286.2616,89.4568
311,2011-03-18,2011-03-30,2027-05-22,17332,9,SO44214,1,3578.27,3578.27,0,2171.2942,3578.27,286.2616,89.4568
347,2011-03-17,2011-03-29,2027-05-23,11250,10,SO44206,1,3399.99,3399.99,0,1912.1544,3399.99,271.9992,84.9998
313,2011-03-17,2011-03-29,2027-05-24,28162,4,SO44207,1,3578.27,3578.27,0,2171.2942,3578.27,286.2616,89.4568
347,2011-03-17,2011-03-29,2027-05-25,25879,4,SO44208,1,3399.99,3399.99,0,1912.1544,3399.99,271.9992,84.9998
311,2011-03-17,2011-03-29,2027-05-26,17257,9,SO44209,1,3578.27,3578.27,0,2171.2942,3578.27,286.2616,89.4568
313,2011-03-16,2011-03-28,2027-05-27,12254,7,SO44201,1,3578.27,3578.27,0,2171.2942,3578.27,286.2616,89.4568
311,2011-03-16,2011-03-28,2027-05-28,28159,4,SO44202,1,3578.27,3578.27,0,2171.2942,3578.27,286.2616,89.4568
312,2011-03-16,2011-03-28,2027-05-29,28149,4,SO44203,1,3578.27,3578.27,0,2171.2942,3578.27,286.2616,89.4568
336,2011-03-16,2011-03-28,2027-05-30,14580,4,SO44204,1,699.0982,699.0982,0,413.1463,699.0982,55.9279,17.4775
312,2011-03-16,2011-03-28,2027-05-31,17285,9,SO44205,1,3578.27,3578.27,0,2171.2942,3578.27,286.2616,89.4568
312,2011-03-15,2011-03-27,2027-06-01,28096,4,SO44197,1,3578.27,3578.27,0,2171.2942,3578.27,286.2616,89.4568
310,2011-03-15,2011-03-27,2027-06-02,28150,4,SO44198,1,3578.27,3578.27,0,2171.2942,3578.27,286.2616,89.4568
313,2011-03-15,2011-03-27,2027-06-03,17259,9,SO44199,1,3578.27,3578.27,0,2171.2942,3578.27,286.2616,89.4568
311,2011-03-15,2011-03-27,2027-06-04,17312,9,SO44200,1,3578.27,3578.27,0,2171.2942,3578.27,286.2616,89.4568
312,2011-03-14,2011-03-26,2027-06-05,13570,8,SO44192,1,3578.27,3578.27,0,2171.2942,3578.27,286.2616,89.4568
312,2011-03-14,2011-03-26,2027-06-06,28164,4,SO44193,1,3578.27,3578.27,0,2171.2942,3578.27,286.2616,89.4568
310,2011-03-14,2011-03-26,2027-06-07,17064,9,SO44194,1,3578.27,3578.27,0,2171.2942,3578.27,286.2616,89.4568
313,2011-03-14,2011-03-26,2027-06-08,17249,9,SO44195,1,3578.27,3578.27,0,2171.2942,3578.27,286.2616,89.4568
314,2011-03-14,2011-03-26,2027-06-09,17295,9,SO44196,1,3578.27,3578.27,0,2171.2942,3578.27,286.2616,89.4568
334,2011-03-13,2011-03-25,2027-06-10,20052,10,SO44188,1,699.0982,699.0982,0,413.1463,699.0982,55.9279,17.4775
322,2011-03-13,2011-03-25,2027-06-11,20054,10,SO44189,1,699.0982,699.0982,0,413.1463,699.0982,55.9279,17.4775
348,2011-03-13,2011-03-25,2027-06-12,11061,9,SO44190,1,3374.99,3374.99,0,1898.0944,3374.99,269.9992,84.3748
310,2011-03-13,2011-03-25,2027-06-13,17248,9,SO44191,1,3578.27,3578.27,0,2171.2942,3578.27,286.2616,89.4568
347,2011-03-12,2011-03-24,2027-06-14,25889,4,SO44186,1,3399.99,3399.99,0,1912.1544,3399.99,271.9992,84.9998
313,2011-03-12,2011-03-24,2027-06-15,17069,9,SO44187,1,3578.27,3578.27,0,2171.2942,3578.27,286.2616,89.4568
310,2011-03-10,2011-03-22,2027-06-16,28158,4,SO44183,1,3578.27,3578.27,0,2171.2942,3578.27,286.2616,89.4568
314,2011-03-10,2011-03-22,2027-06-17,17247,9,SO44184,1,3578.27,3578.27,0,2171.2942,3578.27,286.2616,89.4568
310,2011-03-10,2011-03-22,2027-06-18,17280,9,SO44185,1,3578.27,3578.27,0,2171.2942,3578.27,286.2616,89.4568
314,2011-03-09,2011-03-21,2027-06-19,12220,7,SO44176,1,3578.27,3578.27,0,2171.2942,3578.27,286.2616,89.4568
350,2011-03-09,2011-03-21,2027-06-20,11337,10,SO44177,1,3374.99,3374.99,0,1898.0944,3374.99,269.9992,84.3748
312,2011-03-09,2011-03-21,2027-06-21,28097,4,SO44178,1,3578.27,3578.27,0,2171.2942,3578.27,286.2616,89.4568
350,2011-03-09,2011-03-21,2027-06-22,25888,1,SO44179,1,3374.99,3374.99,0,1898.0944,3374.99,269.9992,84.3748
347,2011-03-09,2011-03-21,2027-06-23,11058,9,SO44180,1,3399.99,3399.99,0,1912.1544,3399.99,271.9992,84.9998
312,2011-03-09,2011-03-21,2027-06-24,17294,9,SO44181,1,3578.27,3578.27,0,2171.2942,3578.27,286.2616,89.4568
310,2011-03-09,2011-03-21,2027-06-25,17299,9,SO44182,1,3578.27,3578.27,0,2171.2942,3578.27,286.2616,89.4568
312,2011-03-08,2011-03-20,2027-06-26,13784,10,SO44173,1,3578.27,3578.27,0,2171.2942,3578.27,286.2616,89.4568
311,2011-03-08,2011-03-20,2027-06-27,17229,9,SO44174,1,3578.27,3578.27,0,2171.2942,3578.27,286.2616,89.4568
313,2011-03-08,2011-03-20,2027-06-28,17246,9,SO44175,1,3578.27,3578.27,0,2171.2942,3578.27,286.2616,89.4568
313,2011-03-07,2011-03-19,2027-06-29,12211,7,SO44168,1,3578.27,3578.27,0,2171.2942,3578.27,286.2616,89.4568
311,2011-03-07,2011-03-19,2027-06-30,28179,1,SO44169,1,3578.27,3578.27,0,2171.2942,3578.27,286.2616,89.4568
314,2011-03-07,2011-03-19,2027-07-01,28183,4,SO44170,1,3578.27,3578.27,0,2171.2942,3578.27,286.2616,89.4568
313,2011-03-07,2011-03-19,2027-07-02,28112,4,SO44171,1,3578.27,3578.27,0,2171.2942,3578.27,286.2616,89.4568
338,2011-03-07,2011-03-19,2027-07-03,14584,4,SO44172,1,699.0982,699.0982,0,413.1463,699.0982,55.9279,17.4775
314,2011-03-06,2011-03-18,2027-07-04,13772,10,SO44161,1,3578.27,3578.27,0,2171.2942,3578.27,286.2616,89.4568
311,2011-03-06,2011-03-18,2027-07-05,28185,4,SO44162,1,3578.27,3578.27,0,2171.2942,3578.27,286.2616,89.4568
314,2011-03-06,2011-03-18,2027-07-06,28193,4,SO44163,1,3578.27,3578.27,0,2171.2942,3578.27,286.2616,89.4568
310,2011-03-06,2011-03-18,2027-07-07,28088,4,SO44164,1,3578.27,3578.27,0,2171.2942,3578.27,286.2616,89.4568
313,2011-03-06,2011-03-18,2027-07-08,17065,9,SO44165,1,3578.27,3578.27,0,2171.2942,3578.27,286.2616,89.4568
338,2011-03-06,2011-03-18,2027-07-09,14581,1,SO44166,1,699.0982,699.0982,0,413.1463,699.0982,55.9279,17.4775
314,2011-03-06,2011-03-18,2027-07-10,17308,9,SO44167,1,3578.27,3578.27,0,2171.2942,3578.27,286.2616,89.4568
311,2011-03-05,2011-03-17,2027-07-11,13567,8,SO44158,1,3578.27,3578.27,0,2171.2942,3578.27,286.2616,89.4568
311,2011-03-05,2011-03-17,2027-07-12,28182,4,SO44159,1,3578.27,3578.27,0,2171.2942,3578.27,286.2616,89.4568
312,2011-03-05,2011-03-17,2027-07-13,28186,1,SO44160,1,3578.27,3578.27,0,2171.2942,3578.27,286.2616,89.4568
346,2011-03-04,2011-03-16,2027-07-14,11334,10,SO44152,1,3399.99,3399.99,0,1912.1544,3399.99,271.9992,84.9998
312,2011-03-04,2011-03-16,2027-07-15,28168,4,SO44153,1,3578.27,3578.27,0,2171.2942,3578.27,286.2616,89.4568
311,2011-03-04,2011-03-16,2027-07-16,28181,1,SO44154,1,3578.27,3578.27,0,2171.2942,3578.27,286.2616,89.4568
313,2011-03-04,2011-03-16,2027-07-17,28131,4,SO44155,1,3578.27,3578.27,0,2171.2942,3578.27,286.2616,89.4568
346,2011-03-04,2011-03-16,2027-07-18,25887,1,SO44156,1,3399.99,3399.99,0,1912.1544,3399.99,271.9992,84.9998
314,2011-03-04,2011-03-16,2027-07-19,17055,9,SO44157,1,3578.27,3578.27,0,2171.2942,3578.27,286.2616,89.4568
310,2011-03-03,2011-03-15,2027-07-20,28172,4,SO44148,1,3578.27,3578.27,0,2171.2942,3578.27,286.2616,89.4568
312,2011-03-03,2011-03-15,2027-07-21,17242,9,SO44149,1,3578.27,3578.27,0,2171.2942,3578.27,286.2616,89.4568
312,2011-03-03,2011-03-15,2027-07-22,17315,9,SO44150,1,3578.27,3578.27,0,2171.2942,3578.27,286.2616,89.4568
328,2011-03-03,2011-03-15,2027-07-23,25558,9,SO44151,1,699.0982,699.0982,0,413.1463,699.0982,55.9279,17.4775
310,2011-03-02,2011-03-14,2027-07-24,13765,10,SO44138,1,3578.27,3578.27,0,2171.2942,3578.27,286.2616,89.4568
311,2011-03-02,2011-03-14,2027-07-25,13792,10,SO44139,1,3578.27,3578.27,0,2171.2942,3578.27,286.2616,89.4568
311,2011-03-02,2011-03-14,2027-07-26,12221,7,SO44140,1,3578.27,3578.27,0,2171.2942,3578.27,286.2616,89.4568
313,2011-03-02,2011-03-14,2027-07-27,13572,8,SO44141,1,3578.27,3578.27,0,2171.2942,3578.27,286.2616,89.4568
313,2011-03-02,2011-03-14,2027-07-28,22058,6,SO44142,1,3578.27,3578.27,0,2171.2942,3578.27,286.2616,89.4568
313,2011-03-02,2011-03-14,2027-07-29,28145,4,SO44143,1,3578.27,3578.27,0,2171.2942,3578.27,286.2616,89.4568
312,2011-03-02,2011-03-14,2027-07-30,17071,9,SO44144,1,3578.27,3578.27,0,2171.2942,3578.27,286.2616,89.4568
310,2011-03-02,2011-03-14,2027-07-31,17309,9,SO44145,1,3578.27,3578.27,0,2171.2942,3578.27,286.2616,89.4568
313,2011-03-02,2011-03-14,2027-08-01,17310,9,SO44146,1,3578.27,3578.27,0,2171.2942,3578.27,286.2616,89.4568
310,2011-03-02,2011-03-14,2027-08-02,17320,9,SO44147,1,3578.27,3578.27,0,2171.2942,3578.27,286.2616,89.4568
310,2011-03-01,2011-03-13,2027-08-03,13821,10,SO44134,1,3578.27,3578.27,0,2171.2942,3578.27,286.2616,89.4568
310,2011-03-01,2011-03-13,2027-08-04,28156,4,SO44135,1,3578.27,3578.27,0,2171.2942,3578.27,286.2616,89.4568
311,2011-03-01,2011-03-13,2027-08-05,22114,6,SO44136,1,3578.27,3578.27,0,2171.2942,3578.27,286.2616,89.4568
314,2011-03-01,2011-03-13,2027-08-06,17328,9,SO44137,1,3578.27,3578.27,0,2171.2942,3578.27,286.2616,89.4568
313,2011-02-28,2011-03-12,2027-08-07,13541,8,SO44068,1,3578.27,3578.27,0,2171.2942,3578.27,286.2616,89.4568
349,2011-02-28,2011-03-12,2027-08-08,28395,7,SO44069,1,3374.99,3374.99,0,1898.0944,3374.99,269.9992,84.3748
349,2011-02-28,2011-03-12,2027-08-09,19829,6,SO44070,1,3374.99,3374.99,0,1898.0944,3374.99,269.9992,84.3748
313,2011-02-28,2011-03-12,2027-08-10,16691,9,SO44071,1,3578.27,3578.27,0,2171.2942,3578.27,286.2616,89.4568
311,2011-02-28,2011-03-12,2027-08-11,16656,9,SO44072,1,3578.27,3578.27,0,2171.2942,3578.27,286.2616,89.4568
351,2011-02-28,2011-03-12,2027-08-12,11044,9,SO44073,1,3374.99,3374.99,0,1898.0944,3374.99,269.9992,84.3748
310,2011-02-27,2011-03-11,2027-08-13,27919,1,SO44061,1,3578.27,3578.27,0,2171.2942,3578.27,286.2616,89.4568
310,2011-02-27,2011-03-11,2027-08-14,28041,1,SO44062,1,3578.27,3578.27,0,2171.2942,3578.27,286.2616,89.4568
344,2011-02-27,2011-03-11,2027-08-15,11240,10,SO44063,1,3399.99,3399.99,0,1912.1544,3399.99,271.9992,84.9998
310,2011-02-27,2011-03-11,2027-08-16,22050,6,SO44064,1,3578.27,3578.27,0,2171.2942,3578.27,286.2616,89.4568
310,2011-02-27,2011-03-11,2027-08-17,28062,4,SO44065,1,3578.27,3578.27,0,2171.2942,3578.27,286.2616,89.4568
344,2011-02-27,2011-03-11,2027-08-18,25867,4,SO44066,1,3399.99,3399.99,0,1912.1544,3399.99,271.9992,84.9998
310,2011-02-27,2011-03-11,2027-08-19,17049,9,SO44067,1,3578.27,3578.27,0,2171.2942,3578.27,286.2616,89.4568
338,2011-02-26,2011-03-10,2027-08-20,19329,8,SO44053,1,699.0982,699.0982,0,413.1463,699.0982,55.9279,17.4775
314,2011-02-26,2011-03-10,2027-08-21,13542,8,SO44054,1,3578.27,3578.27,0,2171.2942,3578.27,286.2616,89.4568
310,2011-02-26,2011-03-10,2027-08-22,13543,8,SO44055,1,3578.27,3578.27,0,2171.2942,3578.27,286.2616,89.4568
314,2011-02-26,2011-03-10,2027-08-23,13559,8,SO44056,1,3578.27,3578.27,0,2171.2942,3578.27,286.2616,89.4568
338,2011-02-26,2011-03-10,2027-08-24,14577,1,SO44057,1,699.0982,699.0982,0,413.1463,699.0982,55.9279,17.4775
350,2011-02-26,2011-03-10,2027-08-25,11056,9,SO44058,1,3374.99,3374.99,0,1898.0944,3374.99,269.9992,84.3748
313,2011-02-26,2011-03-10,2027-08-26,16688,9,SO44059,1,3578.27,3578.27,0,2171.2942,3578.27,286.2616,89.4568
342,2011-02-26,2011-03-10,2027-08-27,25273,9,SO44060,1,699.0982,699.0982,0,413.1463,699.0982,55.9279,17.4775
310,2011-02-25,2011-03-09,2027-08-28,13691,10,SO44051,1,3578.27,3578.27,0,2171.2942,3578.27,286.2616,89.4568
314,2011-02-25,2011-03-09,2027-08-29,16637,9,SO44052,1,3578.27,3578.27,0,2171.2942,3578.27,286.2616,89.4568
314,2011-02-24,2011-03-08,2027-08-30,13538,8,SO44049,1,3578.27,3578.27,0,2171.2942,3578.27,286.2616,89.4568
310,2011-02-24,2011-03-08,2027-08-31,17050,9,SO44050,1,3578.27,3578.27,0,2171.2942,3578.27,286.2616,89.4568
313,2011-02-23,2011-03-07,2027-09-01,13678,10,SO44042,1,3578.27,3578.27,0,2171.2942,3578.27,286.2616,89.4568
311,2011-02-23,2011-03-07,2027-09-02,13679,10,SO44043,1,3578.27,3578.27,0,2171.2942,3578.27,286.2616,89.4568
314,2011-02-23,2011-03-07,2027-09-03,13690,10,SO44044,1,3578.27,3578.27,0,2171.2942,3578.27,286.2616,89.4568
344,2011-02-23,2011-03-07,2027-09-04,28394,7,SO44045,1,3399.99,3399.99,0,1912.1544,3399.99,271.9992,84.9998
313,2011-02-23,2011-03-07,2027-09-05,28064,1,SO44046,1,3578.27,3578.27,0,2171.2942,3578.27,286.2616,89.4568
344,2011-02-23,2011-03-07,2027-09-06,25878,4,SO44047,1,3399.99,3399.99,0,1912.1544,3399.99,271.9992,84.9998
314,2011-02-23,2011-03-07,2027-09-07,16713,9,SO44048,1,3578.27,3578.27,0,2171.2942,3578.27,286.2616,89.4568
342,2011-02-22,2011-03-06,2027-09-08,17971,7,SO44039,1,699.0982,699.0982,0,413.1463,699.0982,55.9279,17.4775
351,2011-02-22,2011-03-06,2027-09-09,11057,9,SO44040,1,3374.99,3374.99,0,1898.0944,3374.99,269.9992,84.3748
313,2011-02-22,2011-03-06,2027-09-10,16742,9,SO44041,1,3578.27,3578.27,0,2171.2942,3578.27,286.2616,89.4568
311,2011-02-21,2011-03-05,2027-09-11,12131,7,SO44030,1,3578.27,3578.27,0,2171.2942,3578.27,286.2616,89.4568
313,2011-02-21,2011-03-05,2027-09-12,13689,10,SO44031,1,3578.27,3578.27,0,2171.2942,3578.27,286.2616,89.4568
344,2011-02-21,2011-03-05,2027-09-13,11243,10,SO44032,1,3399.99,3399.99,0,1912.1544,3399.99,271.9992,84.9998
314,2011-02-21,2011-03-05,2027-09-14,16693,9,SO44033,1,3578.27,3578.27,0,2171.2942,3578.27,286.2616,89.4568
313,2011-02-21,2011-03-05,2027-09-15,16702,9,SO44034,1,3578.27,3578.27,0,2171.2942,3578.27,286.2616,89.4568
312,2011-02-21,2011-03-05,2027-09-16,16707,9,SO44035,1,3578.27,3578.27,0,2171.2942,3578.27,286.2616,89.4568
310,2011-02-21,2011-03-05,2027-09-17,17046,9,SO44036,1,3578.27,3578.27,0,2171.2942,3578.27,286.2616,89.4568
328,2011-02-21,2011-03-05,2027-09-18,25272,9,SO44037,1,699.0982,699.0982,0,413.1463,699.0982,55.9279,17.4775
344,2011-02-21,2011-03-05,2027-09-19,25868,4,SO44038,1,3399.99,3399.99,0,1912.1544,3399.99,271.9992,84.9998
310,2011-02-20,2011-03-04,2027-09-20,21921,6,SO44027,1,3578.27,3578.27,0,2171.2942,3578.27,286.2616,89.4568
312,2011-02-20,2011-03-04,2027-09-21,17048,9,SO44028,1,3578.27,3578.27,0,2171.2942,3578.27,286.2616,89.4568
350,2011-02-20,2011-03-04,2027-09-22,11050,9,SO44029,1,3374.99,3374.99,0,1898.0944,3374.99,269.9992,84.3748
313,2011-02-19,2011-03-03,2027-09-23,22008,6,SO44022,1,3578.27,3578.27,0,2171.2942,3578.27,286.2616,89.4568
349,2011-02-19,2011-03-03,2027-09-24,19830,6,SO44023,1,3374.99,3374.99,0,1898.0944,3374.99,269.9992,84.3748
314,2011-02-19,2011-03-03,2027-09-25,16663,9,SO44024,1,3578.27,3578.27,0,2171.2942,3578.27,286.2616,89.4568
314,2011-02-19,2011-03-03,2027-09-26,16708,9,SO44025,1,3578.27,3578.27,0,2171.2942,3578.27,286.2616,89.4568
310,2011-02-19,2011-03-03,2027-09-27,17045,9,SO44026,1,3578.27,3578.27,0,2171.2942,3578.27,286.2616,89.4568
313,2011-02-18,2011-03-02,2027-09-28,27917,4,SO44014,1,3578.27,3578.27,0,2171.2942,3578.27,286.2616,89.4568
311,2011-02-18,2011-03-02,2027-09-29,13693,10,SO44015,1,3578.27,3578.27,0,2171.2942,3578.27,286.2616,89.4568
350,2011-02-18,2011-03-02,2027-09-30,11247,10,SO44016,1,3374.99,3374.99,0,1898.0944,3374.99,269.9992,84.3748
310,2011-02-18,2011-03-02,2027-10-01,28078,1,SO44017,1,3578.27,3578.27,0,2171.2942,3578.27,286.2616,89.4568
350,2011-02-18,2011-03-02,2027-10-02,25876,1,SO44018,1,3374.99,3374.99,0,1898.0944,3374.99,269.9992,84.3748
310,2011-02-18,2011-03-02,2027-10-03,16701,9,SO44019,1,3578.27,3578.27,0,2171.2942,3578.27,286.2616,89.4568
311,2011-02-18,2011-03-02,2027-10-04,16931,9,SO44020,1,3578.27,3578.27,0,2171.2942,3578.27,286.2616,89.4568
348,2011-02-18,2011-03-02,2027-10-05,11032,9,SO44021,1,3374.99,3374.99,0,1898.0944,3374.99,269.9992,84.3748
312,2011-02-17,2011-03-01,2027-10-06,27678,1,SO44008,1,3578.27,3578.27,0,2171.2942,3578.27,286.2616,89.4568
314,2011-02-17,2011-03-01,2027-10-07,27759,1,SO44009,1,3578.27,3578.27,0,2171.2942,3578.27,286.2616,89.4568
310,2011-02-17,2011-03-01,2027-10-08,13680,10,SO44010,1,3578.27,3578.27,0,2171.2942,3578.27,286.2616,89.4568
310,2011-02-17,2011-03-01,2027-10-09,13514,8,SO44011,1,3578.27,3578.27,0,2171.2942,3578.27,286.2616,89.4568
349,2011-02-17,2011-03-01,2027-10-10,11052,9,SO44012,1,3374.99,3374.99,0,1898.0944,3374.99,269.9992,84.3748
312,2011-02-17,2011-03-01,2027-10-11,16928,9,SO44013,1,3578.27,3578.27,0,2171.2942,3578.27,286.2616,89.4568
311,2011-02-16,2011-02-28,2027-10-12,27918,4,SO44000,1,3578.27,3578.27,0,2171.2942,3578.27,286.2616,89.4568
313,2011-02-16,2011-02-28,2027-10-13,28044,4,SO44001,1,3578.27,3578.27,0,2171.2942,3578.27,286.2616,89.4568
336,2011-02-16,2011-02-28,2027-10-14,14572,4,SO44002,1,699.0982,699.0982,0,413.1463,699.0982,55.9279,17.4775
342,2011-02-16,2011-02-28,2027-10-15,19325,8,SO44003,1,699.0982,699.0982,0,413.1463,699.0982,55.9279,17.4775
310,2011-02-16,2011-02-28,2027-10-16,28061,4,SO44004,1,3578.27,3578.27,0,2171.2942,3578.27,286.2616,89.4568
334,2011-02-16,2011-02-28,2027-10-17,26629,6,SO44005,1,699.0982,699.0982,0,413.1463,699.0982,55.9279,17.4775
310,2011-02-16,2011-02-28,2027-10-18,16744,9,SO44006,1,3578.27,3578.27,0,2171.2942,3578.27,286.2616,89.4568
320,2011-02-16,2011-02-28,2027-10-19,25555,9,SO44007,1,699.0982,699.0982,0,413.1463,699.0982,55.9279,17.4775
314,2011-02-15,2011-02-27,2027-10-20,27681,4,SO43994,1,3578.27,3578.27,0,2171.2942,3578.27,286.2616,89.4568
312,2011-02-15,2011-02-27,2027-10-21,21813,6,SO43995,1,3578.27,3578.27,0,2171.2942,3578.27,286.2616,89.4568
310,2011-02-15,2011-02-27,2027-10-22,27920,4,SO43996,1,3578.27,3578.27,0,2171.2942,3578.27,286.2616,89.4568
310,2011-02-15,2011-02-27,2027-10-23,28022,4,SO43997,1,3578.27,3578.27,0,2171.2942,3578.27,286.2616,89.4568
348,2011-02-15,2011-02-27,2027-10-24,11033,9,SO43998,1,3374.99,3374.99,0,1898.0944,3374.99,269.9992,84.3748
311,2011-02-15,2011-02-27,2027-10-25,28047,1,SO43999,1,3578.27,3578.27,0,2171.2942,3578.27,286.2616,89.4568
314,2011-02-14,2011-02-26,2027-10-26,16929,9,SO43993,1,3578.27,3578.27,0,2171.2942,3578.27,286.2616,89.4568
310,2011-02-12,2011-02-24,2027-10-27,28042,4,SO43987,1,3578.27,3578.27,0,2171.2942,3578.27,286.2616,89.4568
344,2011-02-12,2011-02-24,2027-10-28,11244,10,SO43988,1,3399.99,3399.99,0,1912.1544,3399.99,271.9992,84.9998
312,2011-02-12,2011-02-24,2027-10-29,28083,4,SO43989,1,3578.27,3578.27,0,2171.2942,3578.27,286.2616,89.4568
344,2011-02-12,2011-02-24,2027-10-30,25872,1,SO43990,1,3399.99,3399.99,0,1912.1544,3399.99,271.9992,84.9998
310,2011-02-12,2011-02-24,2027-10-31,16660,9,SO43991,1,3578.27,3578.27,0,2171.2942,3578.27,286.2616,89.4568
311,2011-02-12,2011-02-24,2027-11-01,16638,9,SO43992,1,3578.27,3578.27,0,2171.2942,3578.27,286.2616,89.4568
314,2011-02-11,2011-02-23,2027-11-02,28017,1,SO43983,1,3578.27,3578.27,0,2171.2942,3578.27,286.2616,89.4568
311,2011-02-11,2011-02-23,2027-11-03,13545,8,SO43984,1,3578.27,3578.27,0,2171.2942,3578.27,286.2616,89.4568
313,2011-02-11,2011-02-23,2027-11-04,13515,8,SO43985,1,3578.27,3578.27,0,2171.2942,3578.27,286.2616,89.4568
310,2011-02-11,2011-02-23,2027-11-05,28070,4,SO43986,1,3578.27,3578.27,0,2171.2942,3578.27,286.2616,89.4568
310,2011-02-10,2011-02-22,2027-11-06,28030,1,SO43978,1,3578.27,3578.27,0,2171.2942,3578.27,286.2616,89.4568
322,2011-02-10,2011-02-22,2027-11-07,14576,1,SO43979,1,699.0982,699.0982,0,413.1463,699.0982,55.9279,17.4775
351,2011-02-10,2011-02-22,2027-11-08,11048,9,SO43980,1,3374.99,3374.99,0,1898.0944,3374.99,269.9992,84.3748
314,2011-02-10,2011-02-22,2027-11-09,16664,9,SO43981,1,3578.27,3578.27,0,2171.2942,3578.27,286.2616,89.4568
342,2011-02-10,2011-02-22,2027-11-10,25271,9,SO43982,1,699.0982,699.0982,0,413.1463,699.0982,55.9279,17.4775
314,2011-02-09,2011-02-21,2027-11-11,21939,6,SO43972,1,3578.27,3578.27,0,2171.2942,3578.27,286.2616,89.4568
312,2011-02-09,2011-02-21,2027-11-12,28039,4,SO43973,1,3578.27,3578.27,0,2171.2942,3578.27,286.2616,89.4568
312,2011-02-09,2011-02-21,2027-11-13,13687,10,SO43974,1,3578.27,3578.27,0,2171.2942,3578.27,286.2616,89.4568
312,2011-02-09,2011-02-21,2027-11-14,13540,8,SO43975,1,3578.27,3578.27,0,2171.2942,3578.27,286.2616,89.4568
310,2011-02-09,2011-02-21,2027-11-15,28063,4,SO43976,1,3578.27,3578.27,0,2171.2942,3578.27,286.2616,89.4568
312,2011-02-09,2011-02-21,2027-11-16,16703,9,SO43977,1,3578.27,3578.27,0,2171.2942,3578.27,286.2616,89.4568
313,2011-02-08,2011-02-20,2027-11-17,28040,1,SO43967,1,3578.27,3578.27,0,2171.2942,3578.27,286.2616,89.4568
313,2011-02-08,2011-02-20,2027-11-18,28067,4,SO43968,1,3578.27,3578.27,0,2171.2942,3578.27,286.2616,89.4568
310,2011-02-08,2011-02-20,2027-11-19,28071,4,SO43969,1,3578.27,3578.27,0,2171.2942,3578.27,286.2616,89.4568
311,2011-02-08,2011-02-20,2027-11-20,16684,9,SO43970,1,3578.27,3578.27,0,2171.2942,3578.27,286.2616,89.4568
314,2011-02-08,2011-02-20,2027-11-21,16657,9,SO43971,1,3578.27,3578.27,0,2171.2942,3578.27,286.2616,89.4568
311,2011-02-07,2011-02-19,2027-11-22,28031,4,SO43961,1,3578.27,3578.27,0,2171.2942,3578.27,286.2616,89.4568
312,2011-02-07,2011-02-19,2027-11-23,28076,4,SO43962,1,3578.27,3578.27,0,2171.2942,3578.27,286.2616,89.4568
314,2011-02-07,2011-02-19,2027-11-24,16685,9,SO43963,1,3578.27,3578.27,0,2171.2942,3578.27,286.2616,89.4568
312,2011-02-07,2011-02-19,2027-11-25,16745,9,SO43964,1,3578.27,3578.27,0,2171.2942,3578.27,286.2616,89.4568
351,2011-02-07,2011-02-19,2027-11-26,11038,9,SO43965,1,3374.99,3374.99,0,1898.0944,3374.99,269.9992,84.3748
347,2011-02-07,2011-02-19,2027-11-27,11039,9,SO43966,1,3399.99,3399.99,0,1912.1544,3399.99,271.9992,84.9998
313,2011-02-06,2011-02-18,2027-11-28,28068,4,SO43957,1,3578.27,3578.27,0,2171.2942,3578.27,286.2616,89.4568
312,2011-02-06,2011-02-18,2027-11-29,16658,9,SO43958,1,3578.27,3578.27,0,2171.2942,3578.27,286.2616,89.4568
348,2011-02-06,2011-02-18,2027-11-30,11035,9,SO43959,1,3374.99,3374.99,0,1898.0944,3374.99,269.9992,84.3748
349,2011-02-06,2011-02-18,2027-12-01,11046,9,SO43960,1,3374.99,3374.99,0,1898.0944,3374.99,269.9992,84.3748
342,2011-02-05,2011-02-17,2027-12-02,20049,10,SO43953,1,699.0982,699.0982,0,413.1463,699.0982,55.9279,17.4775
311,2011-02-05,2011-02-17,2027-12-03,13602,10,SO43954,1,3578.27,3578.27,0,2171.2942,3578.27,286.2616,89.4568
314,2011-02-05,2011-02-17,2027-12-04,13661,10,SO43955,1,3578.27,3578.27,0,2171.2942,3578.27,286.2616,89.4568
344,2011-02-05,2011-02-17,2027-12-05,11030,9,SO43956,1,3399.99,3399.99,0,1912.1544,3399.99,271.9992,84.9998
310,2011-02-04,2011-02-16,2027-12-06,27726,4,SO43949,1,3578.27,3578.27,0,2171.2942,3578.27,286.2616,89.4568
311,2011-02-04,2011-02-16,2027-12-07,28014,4,SO43950,1,3578.27,3578.27,0,2171.2942,3578.27,286.2616,89.4568
311,2011-02-04,2011-02-16,2027-12-08,16696,9,SO43951,1,3578.27,3578.27,0,2171.2942,3578.27,286.2616,89.4568
312,2011-02-04,2011-02-16,2027-12-09,16639,9,SO43952,1,3578.27,3578.27,0,2171.2942,3578.27,286.2616,89.4568
314,2011-02-03,2011-02-15,2027-12-10,13600,10,SO43941,1,3578.27,3578.27,0,2171.2942,3578.27,286.2616,89.4568
310,2011-02-03,2011-02-15,2027-12-11,17051,9,SO43942,1,3578.27,3578.27,0,2171.2942,3578.27,286.2616,89.4568
338,2011-02-03,2011-02-15,2027-12-12,14565,4,SO43943,1,699.0982,699.0982,0,413.1463,699.0982,55.9279,17.4775
344,2011-02-03,2011-02-15,2027-12-13,11054,9,SO43944,1,3399.99,3399.99,0,1912.1544,3399.99,271.9992,84.9998
310,2011-02-03,2011-02-15,2027-12-14,16675,9,SO43945,1,3578.27,3578.27,0,2171.2942,3578.27,286.2616,89.4568
313,2011-02-03,2011-02-15,2027-12-15,16687,9,SO43946,1,3578.27,3578.27,0,2171.2942,3578.27,286.2616,89.4568
310,2011-02-03,2011-02-15,2027-12-16,16712,9,SO43947,1,3578.27,3578.27,0,2171.2942,3578.27,286.2616,89.4568
345,2011-02-03,2011-02-15,2027-12-17,11047,9,SO43948,1,3399.99,3399.99,0,1912.1544,3399.99,271.9992,84.9998
334,2011-02-02,2011-02-14,2027-12-18,20048,10,SO43935,1,699.0982,699.0982,0,413.1463,699.0982,55.9279,17.4775
311,2011-02-02,2011-02-14,2027-12-19,28065,4,SO43936,1,3578.27,3578.27,0,2171.2942,3578.27,286.2616,89.4568
312,2011-02-02,2011-02-14,2027-12-20,17047,9,SO43937,1,3578.27,3578.27,0,2171.2942,3578.27,286.2616,89.4568
310,2011-02-02,2011-02-14,2027-12-21,16686,9,SO43938,1,3578.27,3578.27,0,2171.2942,3578.27,286.2616,89.4568
312,2011-02-02,2011-02-14,2027-12-22,16659,9,SO43939,1,3578.27,3578.27,0,2171.2942,3578.27,286.2616,89.4568
336,2011-02-02,2011-02-14,2027-12-23,25294,9,SO43940,1,699.0982,699.0982,0,413.1463,699.0982,55.9279,17.4775
312,2011-02-01,2011-02-13,2027-12-24,28038,4,SO43930,1,3578.27,3578.27,0,2171.2942,3578.27,286.2616,89.4568
313,2011-02-01,2011-02-13,2027-12-25,13548,8,SO43931,1,3578.27,3578.27,0,2171.2942,3578.27,286.2616,89.4568
314,2011-02-01,2011-02-13,2027-12-26,16741,9,SO43932,1,3578.27,3578.27,0,2171.2942,3578.27,286.2616,89.4568
347,2011-02-01,2011-02-13,2027-12-27,11031,9,SO43933,1,3399.99,3399.99,0,1912.1544,3399.99,271.9992,84.9998
346,2011-02-01,2011-02-13,2027-12-28,11034,9,SO43934,1,3399.99,3399.99,0,1912.1544,3399.99,271.9992,84.9998
351,2011-01-31,2011-02-12,2027-12-29,11055,9,SO43926,1,3374.99,3374.99,0,1898.0944,3374.99,269.9992,84.3748
314,2011-01-31,2011-02-12,2027-12-30,16662,9,SO43927,1,3578.27,3578.27,0,2171.2942,3578.27,286.2616,89.4568
313,2011-01-31,2011-02-12,2027-12-31,16740,9,SO43928,1,3578.27,3578.27,0,2171.2942,3578.27,286.2616,89.4568
322,2011-01-31,2011-02-12,2028-01-01,25270,9,SO43929,1,699.0982,699.0982,0,413.1463,699.0982,55.9279,17.4775
312,2011-01-30,2011-02-11,2028-01-02,28018,4,SO43923,1,3578.27,3578.27,0,2171.2942,3578.27,286.2616,89.4568
310,2011-01-30,2011-02-11,2028-01-03,12132,7,SO43924,1,3578.27,3578.27,0,2171.2942,3578.27,286.2616,89.4568
314,2011-01-30,2011-02-11,2028-01-04,16661,9,SO43925,1,3578.27,3578.27,0,2171.2942,3578.27,286.2616,89.4568
313,2011-01-29,2011-02-10,2028-01-05,22041,6,SO43918,1,3578.27,3578.27,0,2171.2942,3578.27,286.2616,89.4568
314,2011-01-29,2011-02-10,2028-01-06,12124,7,SO43919,1,3578.27,3578.27,0,2171.2942,3578.27,286.2616,89.4568
313,2011-01-29,2011-02-10,2028-01-07,28066,4,SO43920,1,3578.27,3578.27,0,2171.2942,3578.27,286.2616,89.4568
313,2011-01-29,2011-02-10,2028-01-08,16743,9,SO43921,1,3578.27,3578.27,0,2171.2942,3578.27,286.2616,89.4568
310,2011-01-29,2011-02-10,2028-01-09,13546,8,SO43922,1,3578.27,3578.27,0,2171.2942,3578.27,286.2616,89.4568
313,2011-01-28,2011-02-09,2028-01-10,27641,4,SO43838,1,3578.27,3578.27,0,2171.2942,3578.27,286.2616,89.4568
311,2011-01-28,2011-02-09,2028-01-11,27673,1,SO43839,1,3578.27,3578.27,0,2171.2942,3578.27,286.2616,89.4568
326,2011-01-28,2011-02-09,2028-01-12,17957,7,SO43840,1,699.0982,699.0982,0,413.1463,699.0982,55.9279,17.4775
314,2011-01-28,2011-02-09,2028-01-13,13406,8,SO43841,1,3578.27,3578.27,0,2171.2942,3578.27,286.2616,89.4568
312,2011-01-28,2011-02-09,2028-01-14,16630,9,SO43842,1,3578.27,3578.27,0,2171.2942,3578.27,286.2616,89.4568
310,2011-01-27,2011-02-08,2028-01-15,21727,6,SO43833,1,3578.27,3578.27,0,2171.2942,3578.27,286.2616,89.4568
348,2011-01-27,2011-02-08,2028-01-16,28393,7,SO43834,1,3374.99,3374.99,0,1898.0944,3374.99,269.9992,84.3748
348,2011-01-27,2011-02-08,2028-01-17,19802,6,SO43835,1,3374.99,3374.99,0,1898.0944,3374.99,269.9992,84.3748
324,2011-01-27,2011-02-08,2028-01-18,26620,6,SO43836,1,699.0982,699.0982,0,413.1463,699.0982,55.9279,17.4775
350,2011-01-27,2011-02-08,2028-01-19,11009,9,SO43837,1,3374.99,3374.99,0,1898.0944,3374.99,269.9992,84.3748
310,2011-01-26,2011-02-07,2028-01-20,27605,1,SO43828,1,3578.27,3578.27,0,2171.2942,3578.27,286.2616,89.4568
310,2011-01-26,2011-02-07,2028-01-21,27611,4,SO43829,1,3578.27,3578.27,0,2171.2942,3578.27,286.2616,89.4568
311,2011-01-26,2011-02-07,2028-01-22,16347,9,SO43830,1,3578.27,3578.27,0,2171.2942,3578.27,286.2616,89.4568
349,2011-01-26,2011-02-07,2028-01-23,11028,9,SO43831,1,3374.99,3374.99,0,1898.0944,3374.99,269.9992,84.3748
310,2011-01-26,2011-02-07,2028-01-24,13584,10,SO43832,1,3578.27,3578.27,0,2171.2942,3578.27,286.2616,89.4568
312,2011-01-25,2011-02-06,2028-01-25,27651,4,SO43820,1,3578.27,3578.27,0,2171.2942,3578.27,286.2616,89.4568
310,2011-01-25,2011-02-06,2028-01-26,27663,4,SO43821,1,3578.27,3578.27,0,2171.2942,3578.27,286.2616,89.4568
313,2011-01-25,2011-02-06,2028-01-27,27669,4,SO43822,1,3578.27,3578.27,0,2171.2942,3578.27,286.2616,89.4568
342,2011-01-25,2011-02-06,2028-01-28,19942,10,SO43823,1,699.0982,699.0982,0,413.1463,699.0982,55.9279,17.4775
338,2011-01-25,2011-02-06,2028-01-29,14558,1,SO43824,1,699.0982,699.0982,0,413.1463,699.0982,55.9279,17.4775
313,2011-01-25,2011-02-06,2028-01-30,16349,9,SO43825,1,3578.27,3578.27,0,2171.2942,3578.27,286.2616,89.4568
348,2011-01-25,2011-02-06,2028-01-31,11008,9,SO43826,1,3374.99,3374.99,0,1898.0944,3374.99,269.9992,84.3748
338,2011-01-25,2011-02-06,2028-02-01,25250,9,SO43827,1,699.0982,699.0982,0,413.1463,699.0982,55.9279,17.4775
312,2011-01-24,2011-02-05,2028-02-02,27662,4,SO43812,1,3578.27,3578.27,0,2171.2942,3578.27,286.2616,89.4568
350,2011-01-24,2011-02-05,2028-02-03,28390,7,SO43813,1,3374.99,3374.99,0,1898.0944,3374.99,269.9992,84.3748
350,2011-01-24,2011-02-05,2028-02-04,25866,1,SO43814,1,3374.99,3374.99,0,1898.0944,3374.99,269.9992,84.3748
311,2011-01-24,2011-02-05,2028-02-05,16494,9,SO43815,1,3578.27,3578.27,0,2171.2942,3578.27,286.2616,89.4568
314,2011-01-24,2011-02-05,2028-02-06,16496,9,SO43816,1,3578.27,3578.27,0,2171.2942,3578.27,286.2616,89.4568
310,2011-01-24,2011-02-05,2028-02-07,16519,9,SO43817,1,3578.27,3578.27,0,2171.2942,3578.27,286.2616,89.4568
312,2011-01-24,2011-02-05,2028-02-08,16528,9,SO43818,1,3578.27,3578.27,0,2171.2942,3578.27,286.2616,89.4568
346,2011-01-24,2011-02-05,2028-02-09,11006,9,SO43819,1,3399.99,3399.99,0,1912.1544,3399.99,271.9992,84.9998
312,2011-01-23,2011-02-04,2028-02-10,11611,7,SO43807,1,3578.27,3578.27,0,2171.2942,3578.27,286.2616,89.4568
313,2011-01-23,2011-02-04,2028-02-11,13259,8,SO43808,1,3578.27,3578.27,0,2171.2942,3578.27,286.2616,89.4568
310,2011-01-23,2011-02-04,2028-02-12,16350,9,SO43809,1,3578.27,3578.27,0,2171.2942,3578.27,286.2616,89.4568
345,2011-01-23,2011-02-04,2028-02-13,11004,9,SO43810,1,3399.99,3399.99,0,1912.1544,3399.99,271.9992,84.9998
346,2011-01-23,2011-02-04,2028-02-14,11026,9,SO43811,1,3399.99,3399.99,0,1912.1544,3399.99,271.9992,84.9998
314,2011-01-22,2011-02-03,2028-02-15,21741,6,SO43803,1,3578.27,3578.27,0,2171.2942,3578.27,286.2616,89.4568
310,2011-01-22,2011-02-03,2028-02-16,13585,10,SO43804,1,3578.27,3578.27,0,2171.2942,3578.27,286.2616,89.4568
328,2011-01-22,2011-02-03,2028-02-17,14510,1,SO43805,1,699.0982,699.0982,0,413.1463,699.0982,55.9279,17.4775
312,2011-01-22,2011-02-03,2028-02-18,16523,9,SO43806,1,3578.27,3578.27,0,2171.2942,3578.27,286.2616,89.4568
311,2011-01-21,2011-02-02,2028-02-19,21710,6,SO43800,1,3578.27,3578.27,0,2171.2942,3578.27,286.2616,89.4568
311,2011-01-21,2011-02-02,2028-02-20,13583,10,SO43801,1,3578.27,3578.27,0,2171.2942,3578.27,286.2616,89.4568
312,2011-01-21,2011-02-02,2028-02-21,11593,7,SO43802,1,3578.27,3578.27,0,2171.2942,3578.27,286.2616,89.4568
312,2011-01-20,2011-02-01,2028-02-22,27615,4,SO43795,1,3578.27,3578.27,0,2171.2942,3578.27,286.2616,89.4568
342,2011-01-20,2011-02-01,2028-02-23,17956,7,SO43796,1,699.0982,699.0982,0,413.1463,699.0982,55.9279,17.4775
312,2011-01-20,2011-02-01,2028-02-24,16345,9,SO43797,1,3578.27,3578.27,0,2171.2942,3578.27,286.2616,89.4568
310,2011-01-20,2011-02-01,2028-02-25,16521,9,SO43798,1,3578.27,3578.27,0,2171.2942,3578.27,286.2616,89.4568
312,2011-01-20,2011-02-01,2028-02-26,16636,9,SO43799,1,3578.27,3578.27,0,2171.2942,3578.27,286.2616,89.4568
310,2011-01-19,2011-01-31,2028-02-27,27667,4,SO43784,1,3578.27,3578.27,0,2171.2942,3578.27,286.2616,89.4568
311,2011-01-19,2011-01-31,2028-02-28,11601,7,SO43785,1,3578.27,3578.27,0,2171.2942,3578.27,286.2616,89.4568
311,2011-01-19,2011-01-31,2028-02-29,11607,7,SO43786,1,3578.27,3578.27,0,2171.2942,3578.27,286.2616,89.4568
344,2011-01-19,2011-01-31,2028-03-01,29385,8,SO43787,1,3399.99,3399.99,0,1912.1544,3399.99,271.9992,84.9998
351,2011-01-19,2011-01-31,2028-03-02,11239,10,SO43788,1,3374.99,3374.99,0,1898.0944,3374.99,269.9992,84.3748
351,2011-01-19,2011-01-31,2028-03-03,25865,1,SO43789,1,3374.99,3374.99,0,1898.0944,3374.99,269.9992,84.3748
344,2011-01-19,2011-01-31,2028-03-04,25857,1,SO43790,1,3399.99,3399.99,0,1912.1544,3399.99,271.9992,84.9998
314,2011-01-19,2011-01-31,2028-03-05,16484,9,SO43791,1,3578.27,3578.27,0,2171.2942,3578.27,286.2616,89.4568
312,2011-01-19,2011-01-31,2028-03-06,16623,9,SO43792,1,3578.27,3578.27,0,2171.2942,3578.27,286.2616,89.4568
344,2011-01-19,2011-01-31,2028-03-07,11000,9,SO43793,1,3399.99,3399.99,0,1912.1544,3399.99,271.9992,84.9998
347,2011-01-19,2011-01-31,2028-03-08,11029,9,SO43794,1,3399.99,3399.99,0,1912.1544,3399.99,271.9992,84.9998
311,2011-01-18,2011-01-30,2028-03-09,11599,7,SO43780,1,3578.27,3578.27,0,2171.2942,3578.27,286.2616,89.4568
312,2011-01-18,2011-01-30,2028-03-10,16495,9,SO43781,1,3578.27,3578.27,0,2171.2942,3578.27,286.2616,89.4568
312,2011-01-18,2011-01-30,2028-03-11,16516,9,SO43782,1,3578.27,3578.27,0,2171.2942,3578.27,286.2616,89.4568
312,2011-01-18,2011-01-30,2028-03-12,16620,9,SO43783,1,3578.27,3578.27,0,2171.2942,3578.27,286.2616,89.4568
314,2011-01-17,2011-01-29,2028-03-13,13260,8,SO43776,1,3578.27,3578.27,0,2171.2942,3578.27,286.2616,89.4568
311,2011-01-17,2011-01-29,2028-03-14,16515,9,SO43777,1,3578.27,3578.27,0,2171.2942,3578.27,286.2616,89.4568
345,2011-01-17,2011-01-29,2028-03-15,11018,9,SO43778,1,3399.99,3399.99,0,1912.1544,3399.99,271.9992,84.9998
326,2011-01-17,2011-01-29,2028-03-16,25252,9,SO43779,1,699.0982,699.0982,0,413.1463,699.0982,55.9279,17.4775
312,2011-01-16,2011-01-28,2028-03-17,27649,1,SO43768,1,3578.27,3578.27,0,2171.2942,3578.27,286.2616,89.4568
312,2011-01-16,2011-01-28,2028-03-18,21659,6,SO43769,1,3578.27,3578.27,0,2171.2942,3578.27,286.2616,89.4568
312,2011-01-16,2011-01-28,2028-03-19,27614,1,SO43770,1,3578.27,3578.27,0,2171.2942,3578.27,286.2616,89.4568
330,2011-01-16,2011-01-28,2028-03-20,14559,4,SO43771,1,699.0982,699.0982,0,413.1463,699.0982,55.9279,17.4775
312,2011-01-16,2011-01-28,2028-03-21,16524,9,SO43772,1,3578.27,3578.27,0,2171.2942,3578.27,286.2616,89.4568
314,2011-01-16,2011-01-28,2028-03-22,16526,9,SO43773,1,3578.27,3578.27,0,2171.2942,3578.27,286.2616,89.4568
313,2011-01-16,2011-01-28,2028-03-23,16348,9,SO43774,1,3578.27,3578.27,0,2171.2942,3578.27,286.2616,89.4568
347,2011-01-16,2011-01-28,2028-03-24,11027,9,SO43775,1,3399.99,3399.99,0,1912.1544,3399.99,271.9992,84.9998
313,2011-01-15,2011-01-27,2028-03-25,16518,9,SO43766,1,3578.27,3578.27,0,2171.2942,3578.27,286.2616,89.4568
350,2011-01-15,2011-01-27,2028-03-26,11001,9,SO43767,1,3374.99,3374.99,0,1898.0944,3374.99,269.9992,84.3748
314,2011-01-14,2011-01-26,2028-03-27,27578,4,SO43762,1,3578.27,3578.27,0,2171.2942,3578.27,286.2616,89.4568
313,2011-01-14,2011-01-26,2028-03-28,16525,9,SO43763,1,3578.27,3578.27,0,2171.2942,3578.27,286.2616,89.4568
310,2011-01-14,2011-01-26,2028-03-29,16612,9,SO43764,1,3578.27,3578.27,0,2171.2942,3578.27,286.2616,89.4568
346,2011-01-14,2011-01-26,2028-03-30,11010,9,SO43765,1,3399.99,3399.99,0,1912.1544,3399.99,271.9992,84.9998
310,2011-01-13,2011-01-25,2028-03-31,27646,4,SO43758,1,3578.27,3578.27,0,2171.2942,3578.27,286.2616,89.4568
310,2011-01-13,2011-01-25,2028-04-01,13257,8,SO43759,1,3578.27,3578.27,0,2171.2942,3578.27,286.2616,89.4568
314,2011-01-13,2011-01-25,2028-04-02,16352,9,SO43760,1,3578.27,3578.27,0,2171.2942,3578.27,286.2616,89.4568
310,2011-01-13,2011-01-25,2028-04-03,16493,9,SO43761,1,3578.27,3578.27,0,2171.2942,3578.27,286.2616,89.4568
312,2011-01-12,2011-01-24,2028-04-04,27617,1,SO43754,1,3578.27,3578.27,0,2171.2942,3578.27,286.2616,89.4568
311,2011-01-12,2011-01-24,2028-04-05,27670,4,SO43755,1,3578.27,3578.27,0,2171.2942,3578.27,286.2616,89.4568
332,2011-01-12,2011-01-24,2028-04-06,19941,10,SO43756,1,699.0982,699.0982,0,413.1463,699.0982,55.9279,17.4775
350,2011-01-12,2011-01-24,2028-04-07,11017,9,SO43757,1,3374.99,3374.99,0,1898.0944,3374.99,269.9992,84.3748
314,2011-01-11,2011-01-23,2028-04-08,27623,4,SO43747,1,3578.27,3578.27,0,2171.2942,3578.27,286.2616,89.4568
313,2011-01-11,2011-01-23,2028-04-09,27625,1,SO43748,1,3578.27,3578.27,0,2171.2942,3578.27,286.2616,89.4568
314,2011-01-11,2011-01-23,2028-04-10,27636,1,SO43749,1,3578.27,3578.27,0,2171.2942,3578.27,286.2616,89.4568
311,2011-01-11,2011-01-23,2028-04-11,11591,7,SO43750,1,3578.27,3578.27,0,2171.2942,3578.27,286.2616,89.4568
313,2011-01-11,2011-01-23,2028-04-12,11592,7,SO43751,1,3578.27,3578.27,0,2171.2942,3578.27,286.2616,89.4568
311,2011-01-11,2011-01-23,2028-04-13,13265,8,SO43752,1,3578.27,3578.27,0,2171.2942,3578.27,286.2616,89.4568
310,2011-01-11,2011-01-23,2028-04-14,16482,9,SO43753,1,3578.27,3578.27,0,2171.2942,3578.27,286.2616,89.4568
311,2011-01-10,2011-01-22,2028-04-15,16514,9,SO43745,1,3578.27,3578.27,0,2171.2942,3578.27,286.2616,89.4568
312,2011-01-10,2011-01-22,2028-04-16,16616,9,SO43746,1,3578.27,3578.27,0,2171.2942,3578.27,286.2616,89.4568
310,2011-01-09,2011-01-21,2028-04-17,27671,1,SO43741,1,3578.27,3578.27,0,2171.2942,3578.27,286.2616,89.4568
314,2011-01-09,2011-01-21,2028-04-18,13576,10,SO43742,1,3578.27,3578.27,0,2171.2942,3578.27,286.2616,89.4568
347,2011-01-09,2011-01-21,2028-04-19,11007,9,SO43743,1,3399.99,3399.99,0,1912.1544,3399.99,271.9992,84.9998
313,2011-01-09,2011-01-21,2028-04-20,16631,9,SO43744,1,3578.27,3578.27,0,2171.2942,3578.27,286.2616,89.4568
311,2011-01-08,2011-01-20,2028-04-21,13261,8,SO43737,1,3578.27,3578.27,0,2171.2942,3578.27,286.2616,89.4568
312,2011-01-08,2011-01-20,2028-04-22,11606,7,SO43738,1,3578.27,3578.27,0,2171.2942,3578.27,286.2616,89.4568
310,2011-01-08,2011-01-20,2028-04-23,13563,10,SO43739,1,3578.27,3578.27,0,2171.2942,3578.27,286.2616,89.4568
312,2011-01-08,2011-01-20,2028-04-24,16527,9,SO43740,1,3578.27,3578.27,0,2171.2942,3578.27,286.2616,89.4568
312,2011-01-07,2011-01-19,2028-04-25,27604,1,SO43734,1,3578.27,3578.27,0,2171.2942,3578.27,286.2616,89.4568
310,2011-01-07,2011-01-19,2028-04-26,16522,9,SO43735,1,3578.27,3578.27,0,2171.2942,3578.27,286.2616,89.4568
346,2011-01-07,2011-01-19,2028-04-27,11002,9,SO43736,1,3399.99,3399.99,0,1912.1544,3399.99,271.9992,84.9998
313,2011-01-06,2011-01-18,2028-04-28,27666,4,SO43728,1,3578.27,3578.27,0,2171.2942,3578.27,286.2616,89.4568
346,2011-01-06,2011-01-18,2028-04-29,11238,10,SO43729,1,3399.99,3399.99,0,1912.1544,3399.99,271.9992,84.9998
346,2011-01-06,2011-01-18,2028-04-30,25861,4,SO43730,1,3399.99,3399.99,0,1912.1544,3399.99,271.9992,84.9998
314,2011-01-06,2011-01-18,2028-05-01,16629,9,SO43731,1,3578.27,3578.27,0,2171.2942,3578.27,286.2616,89.4568
350,2011-01-06,2011-01-18,2028-05-02,11025,9,SO43732,1,3374.99,3374.99,0,1898.0944,3374.99,269.9992,84.3748
312,2011-01-06,2011-01-18,2028-05-03,27577,1,SO43733,1,3578.27,3578.27,0,2171.2942,3578.27,286.2616,89.4568
311,2011-01-05,2011-01-17,2028-05-04,13258,8,SO43725,1,3578.27,3578.27,0,2171.2942,3578.27,286.2616,89.4568
332,2011-01-05,2011-01-17,2028-05-05,14560,4,SO43726,1,699.0982,699.0982,0,413.1463,699.0982,55.9279,17.4775
311,2011-01-05,2011-01-17,2028-05-06,16607,9,SO43727,1,3578.27,3578.27,0,2171.2942,3578.27,286.2616,89.4568
312,2011-01-04,2011-01-16,2028-05-07,13581,10,SO43722,1,3578.27,3578.27,0,2171.2942,3578.27,286.2616,89.4568
332,2011-01-04,2011-01-16,2028-05-08,14520,1,SO43723,1,699.0982,699.0982,0,413.1463,699.0982,55.9279,17.4775
311,2011-01-04,2011-01-16,2028-05-09,16520,9,SO43724,1,3578.27,3578.27,0,2171.2942,3578.27,286.2616,89.4568
311,2011-01-03,2011-01-15,2028-05-10,27668,1,SO43718,1,3578.27,3578.27,0,2171.2942,3578.27,286.2616,89.4568
312,2011-01-03,2011-01-15,2028-05-11,27612,4,SO43719,1,3578.27,3578.27,0,2171.2942,3578.27,286.2616,89.4568
311,2011-01-03,2011-01-15,2028-05-12,13264,8,SO43720,1,3578.27,3578.27,0,2171.2942,3578.27,286.2616,89.4568
310,2011-01-03,2011-01-15,2028-05-13,13590,10,SO43721,1,3578.27,3578.27,0,2171.2942,3578.27,286.2616,89.4568
310,2011-01-02,2011-01-14,2028-05-14,27601,4,SO43713,1,3578.27,3578.27,0,2171.2942,3578.27,286.2616,89.4568
311,2011-01-02,2011-01-14,2028-05-15,13591,10,SO43714,1,3578.27,3578.27,0,2171.2942,3578.27,286.2616,89.4568
314,2011-01-02,2011-01-14,2028-05-16,16483,9,SO43715,1,3578.27,3578.27,0,2171.2942,3578.27,286.2616,89.4568
311,2011-01-02,2011-01-14,2028-05-17,16529,9,SO43716,1,3578.27,3578.27,0,2171.2942,3578.27,286.2616,89.4568
336,2011-01-02,2011-01-14,2028-05-18,25249,9,SO43717,1,699.0982,699.0982,0,413.1463,699.0982,55.9279,17.4775
314,2011-01-01,2011-01-13,2028-05-19,27606,1,SO43711,1,3578.27,3578.27,0,2171.2942,3578.27,286.2616,89.4568
311,2011-01-01,2011-01-13,2028-05-20,13513,8,SO43712,1,3578.27,3578.27,0,2171.2942,3578.27,286.2616,89.4568
312,2010-12-31,2011-01-12,2028-05-21,27621,4,SO43706,1,3578.27,3578.27,0,2171.2942,3578.27,286.2616,89.4568
312,2010-12-31,2011-01-12,2028-05-22,27616,4,SO43707,1,3578.27,3578.27,0,2171.2942,3578.27,286.2616,89.4568
330,2010-12-31,2011-01-12,2028-05-23,20042,10,SO43708,1,699.0982,699.0982,0,413.1463,699.0982,55.9279,17.4775
313,2010-12-31,2011-01-12,2028-05-24,16351,9,SO43709,1,3578.27,3578.27,0,2171.2942,3578.27,286.2616,89.4568
314,2010-12-31,2011-01-12,2028-05-25,16517,9,SO43710,1,3578.27,3578.27,0,2171.2942,3578.27,286.2616,89.4568
311,2010-12-30,2011-01-11,2028-05-26,27645,4,SO43702,1,3578.27,3578.27,0,2171.2942,3578.27,286.2616,89.4568
310,2010-12-30,2011-01-11,2028-05-27,16624,9,SO43703,1,3578.27,3578.27,0,2171.2942,3578.27,286.2616,89.4568
351,2010-12-30,2011-01-11,2028-05-28,11005,9,SO43704,1,3374.99,3374.99,0,1898.0944,3374.99,269.9992,84.3748
344,2010-12-30,2011-01-11,2028-05-29,11011,9,SO43705,1,3399.99,3399.99,0,1912.1544,3399.99,271.9992,84.9998
310,2010-12-29,2011-01-10,2028-05-30,21768,6,SO43697,1,3578.27,3578.27,0,2171.2942,3578.27,286.2616,89.4568
346,2010-12-29,2011-01-10,2028-05-31,28389,7,SO43698,1,3399.99,3399.99,0,1912.1544,3399.99,271.9992,84.9998
346,2010-12-29,2011-01-10,2028-06-01,25863,1,SO43699,1,3399.99,3399.99,0,1912.1544,3399.99,271.9992,84.9998
336,2010-12-29,2011-01-10,2028-06-02,14501,4,SO43700,1,699.0982,699.0982,0,413.1463,699.0982,55.9279,17.4775
346,2010-12-29,2011-01-10,2028-06-03,11003,9,SO43701,1,3399.99,3399.99,0,1912.1544,3399.99,271.9992,84.9998
