DateKey,FullDateAlternateKey,DayNumberOfWeek,EnglishDayNameOfWeek,DayNumberOfMonth,DayNumberOfYear,WeekNumberOfYear,EnglishMonthName,MonthNumberOfYear,CalendarQuarter,CalendarYear,CalendarSemester,FiscalQuarter,FiscalYear,FiscalSemester
2005-01-01,2005-01-01,7,Saturday,1,1,1,January,1,1,2005,1,3,2005,2
2005-01-02,2005-01-02,1,Sunday,2,2,2,January,1,1,2005,1,3,2005,2
2005-01-03,2005-01-03,2,Monday,3,3,2,January,1,1,2005,1,3,2005,2
2005-01-04,2005-01-04,3,Tuesday,4,4,2,January,1,1,2005,1,3,2005,2
2005-01-05,2005-01-05,4,Wednesday,5,5,2,January,1,1,2005,1,3,2005,2
2005-01-06,2005-01-06,5,Thursday,6,6,2,January,1,1,2005,1,3,2005,2
2005-01-07,2005-01-07,6,Friday,7,7,2,January,1,1,2005,1,3,2005,2
2005-01-08,2005-01-08,7,Saturday,8,8,2,January,1,1,2005,1,3,2005,2
2005-01-09,2005-01-09,1,Sunday,9,9,3,January,1,1,2005,1,3,2005,2
2005-01-10,2005-01-10,2,Monday,10,10,3,January,1,1,2005,1,3,2005,2
2005-01-11,2005-01-11,3,Tuesday,11,11,3,January,1,1,2005,1,3,2005,2
2005-01-12,2005-01-12,4,Wednesday,12,12,3,January,1,1,2005,1,3,2005,2
2005-01-13,2005-01-13,5,Thursday,13,13,3,January,1,1,2005,1,3,2005,2
2005-01-14,2005-01-14,6,Friday,14,14,3,January,1,1,2005,1,3,2005,2
2005-01-15,2005-01-15,7,Saturday,15,15,3,January,1,1,2005,1,3,2005,2
2005-01-16,2005-01-16,1,Sunday,16,16,4,January,1,1,2005,1,3,2005,2
2005-01-17,2005-01-17,2,Monday,17,17,4,January,1,1,2005,1,3,2005,2
2005-01-18,2005-01-18,3,Tuesday,18,18,4,January,1,1,2005,1,3,2005,2
2005-01-19,2005-01-19,4,Wednesday,19,19,4,January,1,1,2005,1,3,2005,2
2005-01-20,2005-01-20,5,Thursday,20,20,4,January,1,1,2005,1,3,2005,2
2005-01-21,2005-01-21,6,Friday,21,21,4,January,1,1,2005,1,3,2005,2
2005-01-22,2005-01-22,7,Saturday,22,22,4,January,1,1,2005,1,3,2005,2
2005-01-23,2005-01-23,1,Sunday,23,23,5,January,1,1,2005,1,3,2005,2
2005-01-24,2005-01-24,2,Monday,24,24,5,January,1,1,2005,1,3,2005,2
2005-01-25,2005-01-25,3,Tuesday,25,25,5,January,1,1,2005,1,3,2005,2
2005-01-26,2005-01-26,4,Wednesday,26,26,5,January,1,1,2005,1,3,2005,2
2005-01-27,2005-01-27,5,Thursday,27,27,5,January,1,1,2005,1,3,2005,2
2005-01-28,2005-01-28,6,Friday,28,28,5,January,1,1,2005,1,3,2005,2
2005-01-29,2005-01-29,7,Saturday,29,29,5,January,1,1,2005,1,3,2005,2
2005-01-30,2005-01-30,1,Sunday,30,30,6,January,1,1,2005,1,3,2005,2
2005-01-31,2005-01-31,2,Monday,31,31,6,January,1,1,2005,1,3,2005,2
2005-02-01,2005-02-01,3,Tuesday,1,32,6,February,2,1,2005,1,3,2005,2
2005-02-02,2005-02-02,4,Wednesday,2,33,6,February,2,1,2005,1,3,2005,2
2005-02-03,2005-02-03,5,Thursday,3,34,6,February,2,1,2005,1,3,2005,2
2005-02-04,2005-02-04,6,Friday,4,35,6,February,2,1,2005,1,3,2005,2
2005-02-05,2005-02-05,7,Saturday,5,36,6,February,2,1,2005,1,3,2005,2
2005-02-06,2005-02-06,1,Sunday,6,37,7,February,2,1,2005,1,3,2005,2
2005-02-07,2005-02-07,2,Monday,7,38,7,February,2,1,2005,1,3,2005,2
2005-02-08,2005-02-08,3,Tuesday,8,39,7,February,2,1,2005,1,3,2005,2
2005-02-09,2005-02-09,4,Wednesday,9,40,7,February,2,1,2005,1,3,2005,2
2005-02-10,2005-02-10,5,Thursday,10,41,7,February,2,1,2005,1,3,2005,2
2005-02-11,2005-02-11,6,Friday,11,42,7,February,2,1,2005,1,3,2005,2
2005-02-12,2005-02-12,7,Saturday,12,43,7,February,2,1,2005,1,3,2005,2
2005-02-13,2005-02-13,1,Sunday,13,44,8,February,2,1,2005,1,3,2005,2
2005-02-14,2005-02-14,2,Monday,14,45,8,February,2,1,2005,1,3,2005,2
2005-02-15,2005-02-15,3,Tuesday,15,46,8,February,2,1,2005,1,3,2005,2
2005-02-16,2005-02-16,4,Wednesday,16,47,8,February,2,1,2005,1,3,2005,2
2005-02-17,2005-02-17,5,Thursday,17,48,8,February,2,1,2005,1,3,2005,2
2005-02-18,2005-02-18,6,Friday,18,49,8,February,2,1,2005,1,3,2005,2
2005-02-19,2005-02-19,7,Saturday,19,50,8,February,2,1,2005,1,3,2005,2
2005-02-20,2005-02-20,1,Sunday,20,51,9,February,2,1,2005,1,3,2005,2
2005-02-21,2005-02-21,2,Monday,21,52,9,February,2,1,2005,1,3,2005,2
2005-02-22,2005-02-22,3,Tuesday,22,53,9,February,2,1,2005,1,3,2005,2
2005-02-23,2005-02-23,4,Wednesday,23,54,9,February,2,1,2005,1,3,2005,2
2005-02-24,2005-02-24,5,Thursday,24,55,9,February,2,1,2005,1,3,2005,2
2005-02-25,2005-02-25,6,Friday,25,56,9,February,2,1,2005,1,3,2005,2
2005-02-26,2005-02-26,7,Saturday,26,57,9,February,2,1,2005,1,3,2005,2
2005-02-27,2005-02-27,1,Sunday,27,58,10,February,2,1,2005,1,3,2005,2
2005-02-28,2005-02-28,2,Monday,28,59,10,February,2,1,2005,1,3,2005,2
2005-03-01,2005-03-01,3,Tuesday,1,60,10,March,3,1,2005,1,3,2005,2
2005-03-02,2005-03-02,4,Wednesday,2,61,10,March,3,1,2005,1,3,2005,2
2005-03-03,2005-03-03,5,Thursday,3,62,10,March,3,1,2005,1,3,2005,2
2005-03-04,2005-03-04,6,Friday,4,63,10,March,3,1,2005,1,3,2005,2
2005-03-05,2005-03-05,7,Saturday,5,64,10,March,3,1,2005,1,3,2005,2
2005-03-06,2005-03-06,1,Sunday,6,65,11,March,3,1,2005,1,3,2005,2
2005-03-07,2005-03-07,2,Monday,7,66,11,March,3,1,2005,1,3,2005,2
2005-03-08,2005-03-08,3,Tuesday,8,67,11,March,3,1,2005,1,3,2005,2
2005-03-09,2005-03-09,4,Wednesday,9,68,11,March,3,1,2005,1,3,2005,2
2005-03-10,2005-03-10,5,Thursday,10,69,11,March,3,1,2005,1,3,2005,2
2005-03-11,2005-03-11,6,Friday,11,70,11,March,3,1,2005,1,3,2005,2
2005-03-12,2005-03-12,7,Saturday,12,71,11,March,3,1,2005,1,3,2005,2
2005-03-13,2005-03-13,1,Sunday,13,72,12,March,3,1,2005,1,3,2005,2
2005-03-14,2005-03-14,2,Monday,14,73,12,March,3,1,2005,1,3,2005,2
2005-03-15,2005-03-15,3,Tuesday,15,74,12,March,3,1,2005,1,3,2005,2
2005-03-16,2005-03-16,4,Wednesday,16,75,12,March,3,1,2005,1,3,2005,2
2005-03-17,2005-03-17,5,Thursday,17,76,12,March,3,1,2005,1,3,2005,2
2005-03-18,2005-03-18,6,Friday,18,77,12,March,3,1,2005,1,3,2005,2
2005-03-19,2005-03-19,7,Saturday,19,78,12,March,3,1,2005,1,3,2005,2
2005-03-20,2005-03-20,1,Sunday,20,79,13,March,3,1,2005,1,3,2005,2
2005-03-21,2005-03-21,2,Monday,21,80,13,March,3,1,2005,1,3,2005,2
2005-03-22,2005-03-22,3,Tuesday,22,81,13,March,3,1,2005,1,3,2005,2
2005-03-23,2005-03-23,4,Wednesday,23,82,13,March,3,1,2005,1,3,2005,2
2005-03-24,2005-03-24,5,Thursday,24,83,13,March,3,1,2005,1,3,2005,2
2005-03-25,2005-03-25,6,Friday,25,84,13,March,3,1,2005,1,3,2005,2
2005-03-26,2005-03-26,7,Saturday,26,85,13,March,3,1,2005,1,3,2005,2
2005-03-27,2005-03-27,1,Sunday,27,86,14,March,3,1,2005,1,3,2005,2
2005-03-28,2005-03-28,2,Monday,28,87,14,March,3,1,2005,1,3,2005,2
2005-03-29,2005-03-29,3,Tuesday,29,88,14,March,3,1,2005,1,3,2005,2
2005-03-30,2005-03-30,4,Wednesday,30,89,14,March,3,1,2005,1,3,2005,2
2005-03-31,2005-03-31,5,Thursday,31,90,14,March,3,1,2005,1,3,2005,2
2005-04-01,2005-04-01,6,Friday,1,91,14,April,4,2,2005,1,4,2005,2
2005-04-02,2005-04-02,7,Saturday,2,92,14,April,4,2,2005,1,4,2005,2
2005-04-03,2005-04-03,1,Sunday,3,93,15,April,4,2,2005,1,4,2005,2
2005-04-04,2005-04-04,2,Monday,4,94,15,April,4,2,2005,1,4,2005,2
2005-04-05,2005-04-05,3,Tuesday,5,95,15,April,4,2,2005,1,4,2005,2
2005-04-06,2005-04-06,4,Wednesday,6,96,15,April,4,2,2005,1,4,2005,2
2005-04-07,2005-04-07,5,Thursday,7,97,15,April,4,2,2005,1,4,2005,2
2005-04-08,2005-04-08,6,Friday,8,98,15,April,4,2,2005,1,4,2005,2
2005-04-09,2005-04-09,7,Saturday,9,99,15,April,4,2,2005,1,4,2005,2
2005-04-10,2005-04-10,1,Sunday,10,100,16,April,4,2,2005,1,4,2005,2
2005-04-11,2005-04-11,2,Monday,11,101,16,April,4,2,2005,1,4,2005,2
2005-04-12,2005-04-12,3,Tuesday,12,102,16,April,4,2,2005,1,4,2005,2
2005-04-13,2005-04-13,4,Wednesday,13,103,16,April,4,2,2005,1,4,2005,2
2005-04-14,2005-04-14,5,Thursday,14,104,16,April,4,2,2005,1,4,2005,2
2005-04-15,2005-04-15,6,Friday,15,105,16,April,4,2,2005,1,4,2005,2
2005-04-16,2005-04-16,7,Saturday,16,106,16,April,4,2,2005,1,4,2005,2
2005-04-17,2005-04-17,1,Sunday,17,107,17,April,4,2,2005,1,4,2005,2
2005-04-18,2005-04-18,2,Monday,18,108,17,April,4,2,2005,1,4,2005,2
2005-04-19,2005-04-19,3,Tuesday,19,109,17,April,4,2,2005,1,4,2005,2
2005-04-20,2005-04-20,4,Wednesday,20,110,17,April,4,2,2005,1,4,2005,2
2005-04-21,2005-04-21,5,Thursday,21,111,17,April,4,2,2005,1,4,2005,2
2005-04-22,2005-04-22,6,Friday,22,112,17,April,4,2,2005,1,4,2005,2
2005-04-23,2005-04-23,7,Saturday,23,113,17,April,4,2,2005,1,4,2005,2
2005-04-24,2005-04-24,1,Sunday,24,114,18,April,4,2,2005,1,4,2005,2
2005-04-25,2005-04-25,2,Monday,25,115,18,April,4,2,2005,1,4,2005,2
2005-04-26,2005-04-26,3,Tuesday,26,116,18,April,4,2,2005,1,4,2005,2
2005-04-27,2005-04-27,4,Wednesday,27,117,18,April,4,2,2005,1,4,2005,2
2005-04-28,2005-04-28,5,Thursday,28,118,18,April,4,2,2005,1,4,2005,2
2005-04-29,2005-04-29,6,Friday,29,119,18,April,4,2,2005,1,4,2005,2
2005-04-30,2005-04-30,7,Saturday,30,120,18,April,4,2,2005,1,4,2005,2
2005-05-01,2005-05-01,1,Sunday,1,121,19,May,5,2,2005,1,4,2005,2
2005-05-02,2005-05-02,2,Monday,2,122,19,May,5,2,2005,1,4,2005,2
2005-05-03,2005-05-03,3,Tuesday,3,123,19,May,5,2,2005,1,4,2005,2
2005-05-04,2005-05-04,4,Wednesday,4,124,19,May,5,2,2005,1,4,2005,2
2005-05-05,2005-05-05,5,Thursday,5,125,19,May,5,2,2005,1,4,2005,2
2005-05-06,2005-05-06,6,Friday,6,126,19,May,5,2,2005,1,4,2005,2
2005-05-07,2005-05-07,7,Saturday,7,127,19,May,5,2,2005,1,4,2005,2
2005-05-08,2005-05-08,1,Sunday,8,128,20,May,5,2,2005,1,4,2005,2
2005-05-09,2005-05-09,2,Monday,9,129,20,May,5,2,2005,1,4,2005,2
2005-05-10,2005-05-10,3,Tuesday,10,130,20,May,5,2,2005,1,4,2005,2
2005-05-11,2005-05-11,4,Wednesday,11,131,20,May,5,2,2005,1,4,2005,2
2005-05-12,2005-05-12,5,Thursday,12,132,20,May,5,2,2005,1,4,2005,2
2005-05-13,2005-05-13,6,Friday,13,133,20,May,5,2,2005,1,4,2005,2
2005-05-14,2005-05-14,7,Saturday,14,134,20,May,5,2,2005,1,4,2005,2
2005-05-15,2005-05-15,1,Sunday,15,135,21,May,5,2,2005,1,4,2005,2
2005-05-16,2005-05-16,2,Monday,16,136,21,May,5,2,2005,1,4,2005,2
2005-05-17,2005-05-17,3,Tuesday,17,137,21,May,5,2,2005,1,4,2005,2
2005-05-18,2005-05-18,4,Wednesday,18,138,21,May,5,2,2005,1,4,2005,2
2005-05-19,2005-05-19,5,Thursday,19,139,21,May,5,2,2005,1,4,2005,2
2005-05-20,2005-05-20,6,Friday,20,140,21,May,5,2,2005,1,4,2005,2
2005-05-21,2005-05-21,7,Saturday,21,141,21,May,5,2,2005,1,4,2005,2
2005-05-22,2005-05-22,1,Sunday,22,142,22,May,5,2,2005,1,4,2005,2
2005-05-23,2005-05-23,2,Monday,23,143,22,May,5,2,2005,1,4,2005,2
2005-05-24,2005-05-24,3,Tuesday,24,144,22,May,5,2,2005,1,4,2005,2
2005-05-25,2005-05-25,4,Wednesday,25,145,22,May,5,2,2005,1,4,2005,2
2005-05-26,2005-05-26,5,Thursday,26,146,22,May,5,2,2005,1,4,2005,2
2005-05-27,2005-05-27,6,Friday,27,147,22,May,5,2,2005,1,4,2005,2
2005-05-28,2005-05-28,7,Saturday,28,148,22,May,5,2,2005,1,4,2005,2
2005-05-29,2005-05-29,1,Sunday,29,149,23,May,5,2,2005,1,4,2005,2
2005-05-30,2005-05-30,2,Monday,30,150,23,May,5,2,2005,1,4,2005,2
2005-05-31,2005-05-31,3,Tuesday,31,151,23,May,5,2,2005,1,4,2005,2
2005-06-01,2005-06-01,4,Wednesday,1,152,23,June,6,2,2005,1,4,2005,2
2005-06-02,2005-06-02,5,Thursday,2,153,23,June,6,2,2005,1,4,2005,2
2005-06-03,2005-06-03,6,Friday,3,154,23,June,6,2,2005,1,4,2005,2
2005-06-04,2005-06-04,7,Saturday,4,155,23,June,6,2,2005,1,4,2005,2
2005-06-05,2005-06-05,1,Sunday,5,156,24,June,6,2,2005,1,4,2005,2
2005-06-06,2005-06-06,2,Monday,6,157,24,June,6,2,2005,1,4,2005,2
2005-06-07,2005-06-07,3,Tuesday,7,158,24,June,6,2,2005,1,4,2005,2
2005-06-08,2005-06-08,4,Wednesday,8,159,24,June,6,2,2005,1,4,2005,2
2005-06-09,2005-06-09,5,Thursday,9,160,24,June,6,2,2005,1,4,2005,2
2005-06-10,2005-06-10,6,Friday,10,161,24,June,6,2,2005,1,4,2005,2
2005-06-11,2005-06-11,7,Saturday,11,162,24,June,6,2,2005,1,4,2005,2
2005-06-12,2005-06-12,1,Sunday,12,163,25,June,6,2,2005,1,4,2005,2
2005-06-13,2005-06-13,2,Monday,13,164,25,June,6,2,2005,1,4,2005,2
2005-06-14,2005-06-14,3,Tuesday,14,165,25,June,6,2,2005,1,4,2005,2
2005-06-15,2005-06-15,4,Wednesday,15,166,25,June,6,2,2005,1,4,2005,2
2005-06-16,2005-06-16,5,Thursday,16,167,25,June,6,2,2005,1,4,2005,2
2005-06-17,2005-06-17,6,Friday,17,168,25,June,6,2,2005,1,4,2005,2
2005-06-18,2005-06-18,7,Saturday,18,169,25,June,6,2,2005,1,4,2005,2
2005-06-19,2005-06-19,1,Sunday,19,170,26,June,6,2,2005,1,4,2005,2
2005-06-20,2005-06-20,2,Monday,20,171,26,June,6,2,2005,1,4,2005,2
2005-06-21,2005-06-21,3,Tuesday,21,172,26,June,6,2,2005,1,4,2005,2
2005-06-22,2005-06-22,4,Wednesday,22,173,26,June,6,2,2005,1,4,2005,2
2005-06-23,2005-06-23,5,Thursday,23,174,26,June,6,2,2005,1,4,2005,2
2005-06-24,2005-06-24,6,Friday,24,175,26,June,6,2,2005,1,4,2005,2
2005-06-25,2005-06-25,7,Saturday,25,176,26,June,6,2,2005,1,4,2005,2
2005-06-26,2005-06-26,1,Sunday,26,177,27,June,6,2,2005,1,4,2005,2
2005-06-27,2005-06-27,2,Monday,27,178,27,June,6,2,2005,1,4,2005,2
2005-06-28,2005-06-28,3,Tuesday,28,179,27,June,6,2,2005,1,4,2005,2
2005-06-29,2005-06-29,4,Wednesday,29,180,27,June,6,2,2005,1,4,2005,2
2005-06-30,2005-06-30,5,Thursday,30,181,27,June,6,2,2005,1,4,2005,2
2005-07-01,2005-07-01,6,Friday,1,182,27,July,7,3,2005,2,1,2006,1
2005-07-02,2005-07-02,7,Saturday,2,183,27,July,7,3,2005,2,1,2006,1
2005-07-03,2005-07-03,1,Sunday,3,184,28,July,7,3,2005,2,1,2006,1
2005-07-04,2005-07-04,2,Monday,4,185,28,July,7,3,2005,2,1,2006,1
2005-07-05,2005-07-05,3,Tuesday,5,186,28,July,7,3,2005,2,1,2006,1
2005-07-06,2005-07-06,4,Wednesday,6,187,28,July,7,3,2005,2,1,2006,1
2005-07-07,2005-07-07,5,Thursday,7,188,28,July,7,3,2005,2,1,2006,1
2005-07-08,2005-07-08,6,Friday,8,189,28,July,7,3,2005,2,1,2006,1
2005-07-09,2005-07-09,7,Saturday,9,190,28,July,7,3,2005,2,1,2006,1
2005-07-10,2005-07-10,1,Sunday,10,191,29,July,7,3,2005,2,1,2006,1
2005-07-11,2005-07-11,2,Monday,11,192,29,July,7,3,2005,2,1,2006,1
2005-07-12,2005-07-12,3,Tuesday,12,193,29,July,7,3,2005,2,1,2006,1
2005-07-13,2005-07-13,4,Wednesday,13,194,29,July,7,3,2005,2,1,2006,1
2005-07-14,2005-07-14,5,Thursday,14,195,29,July,7,3,2005,2,1,2006,1
2005-07-15,2005-07-15,6,Friday,15,196,29,July,7,3,2005,2,1,2006,1
2005-07-16,2005-07-16,7,Saturday,16,197,29,July,7,3,2005,2,1,2006,1
2005-07-17,2005-07-17,1,Sunday,17,198,30,July,7,3,2005,2,1,2006,1
2005-07-18,2005-07-18,2,Monday,18,199,30,July,7,3,2005,2,1,2006,1
2005-07-19,2005-07-19,3,Tuesday,19,200,30,July,7,3,2005,2,1,2006,1
2005-07-20,2005-07-20,4,Wednesday,20,201,30,July,7,3,2005,2,1,2006,1
2005-07-21,2005-07-21,5,Thursday,21,202,30,July,7,3,2005,2,1,2006,1
2005-07-22,2005-07-22,6,Friday,22,203,30,July,7,3,2005,2,1,2006,1
2005-07-23,2005-07-23,7,Saturday,23,204,30,July,7,3,2005,2,1,2006,1
2005-07-24,2005-07-24,1,Sunday,24,205,31,July,7,3,2005,2,1,2006,1
2005-07-25,2005-07-25,2,Monday,25,206,31,July,7,3,2005,2,1,2006,1
2005-07-26,2005-07-26,3,Tuesday,26,207,31,July,7,3,2005,2,1,2006,1
2005-07-27,2005-07-27,4,Wednesday,27,208,31,July,7,3,2005,2,1,2006,1
2005-07-28,2005-07-28,5,Thursday,28,209,31,July,7,3,2005,2,1,2006,1
2005-07-29,2005-07-29,6,Friday,29,210,31,July,7,3,2005,2,1,2006,1
2005-07-30,2005-07-30,7,Saturday,30,211,31,July,7,3,2005,2,1,2006,1
2005-07-31,2005-07-31,1,Sunday,31,212,32,July,7,3,2005,2,1,2006,1
2005-08-01,2005-08-01,2,Monday,1,213,32,August,8,3,2005,2,1,2006,1
2005-08-02,2005-08-02,3,Tuesday,2,214,32,August,8,3,2005,2,1,2006,1
2005-08-03,2005-08-03,4,Wednesday,3,215,32,August,8,3,2005,2,1,2006,1
2005-08-04,2005-08-04,5,Thursday,4,216,32,August,8,3,2005,2,1,2006,1
2005-08-05,2005-08-05,6,Friday,5,217,32,August,8,3,2005,2,1,2006,1
2005-08-06,2005-08-06,7,Saturday,6,218,32,August,8,3,2005,2,1,2006,1
2005-08-07,2005-08-07,1,Sunday,7,219,33,August,8,3,2005,2,1,2006,1
2005-08-08,2005-08-08,2,Monday,8,220,33,August,8,3,2005,2,1,2006,1
2005-08-09,2005-08-09,3,Tuesday,9,221,33,August,8,3,2005,2,1,2006,1
2005-08-10,2005-08-10,4,Wednesday,10,222,33,August,8,3,2005,2,1,2006,1
2005-08-11,2005-08-11,5,Thursday,11,223,33,August,8,3,2005,2,1,2006,1
2005-08-12,2005-08-12,6,Friday,12,224,33,August,8,3,2005,2,1,2006,1
2005-08-13,2005-08-13,7,Saturday,13,225,33,August,8,3,2005,2,1,2006,1
2005-08-14,2005-08-14,1,Sunday,14,226,34,August,8,3,2005,2,1,2006,1
2005-08-15,2005-08-15,2,Monday,15,227,34,August,8,3,2005,2,1,2006,1
2005-08-16,2005-08-16,3,Tuesday,16,228,34,August,8,3,2005,2,1,2006,1
2005-08-17,2005-08-17,4,Wednesday,17,229,34,August,8,3,2005,2,1,2006,1
2005-08-18,2005-08-18,5,Thursday,18,230,34,August,8,3,2005,2,1,2006,1
2005-08-19,2005-08-19,6,Friday,19,231,34,August,8,3,2005,2,1,2006,1
2005-08-20,2005-08-20,7,Saturday,20,232,34,August,8,3,2005,2,1,2006,1
2005-08-21,2005-08-21,1,Sunday,21,233,35,August,8,3,2005,2,1,2006,1
2005-08-22,2005-08-22,2,Monday,22,234,35,August,8,3,2005,2,1,2006,1
2005-08-23,2005-08-23,3,Tuesday,23,235,35,August,8,3,2005,2,1,2006,1
2005-08-24,2005-08-24,4,Wednesday,24,236,35,August,8,3,2005,2,1,2006,1
2005-08-25,2005-08-25,5,Thursday,25,237,35,August,8,3,2005,2,1,2006,1
2005-08-26,2005-08-26,6,Friday,26,238,35,August,8,3,2005,2,1,2006,1
2005-08-27,2005-08-27,7,Saturday,27,239,35,August,8,3,2005,2,1,2006,1
2005-08-28,2005-08-28,1,Sunday,28,240,36,August,8,3,2005,2,1,2006,1
2005-08-29,2005-08-29,2,Monday,29,241,36,August,8,3,2005,2,1,2006,1
2005-08-30,2005-08-30,3,Tuesday,30,242,36,August,8,3,2005,2,1,2006,1
2005-08-31,2005-08-31,4,Wednesday,31,243,36,August,8,3,2005,2,1,2006,1
2005-09-01,2005-09-01,5,Thursday,1,244,36,September,9,3,2005,2,1,2006,1
2005-09-02,2005-09-02,6,Friday,2,245,36,September,9,3,2005,2,1,2006,1
2005-09-03,2005-09-03,7,Saturday,3,246,36,September,9,3,2005,2,1,2006,1
2005-09-04,2005-09-04,1,Sunday,4,247,37,September,9,3,2005,2,1,2006,1
2005-09-05,2005-09-05,2,Monday,5,248,37,September,9,3,2005,2,1,2006,1
2005-09-06,2005-09-06,3,Tuesday,6,249,37,September,9,3,2005,2,1,2006,1
2005-09-07,2005-09-07,4,Wednesday,7,250,37,September,9,3,2005,2,1,2006,1
2005-09-08,2005-09-08,5,Thursday,8,251,37,September,9,3,2005,2,1,2006,1
2005-09-09,2005-09-09,6,Friday,9,252,37,September,9,3,2005,2,1,2006,1
2005-09-10,2005-09-10,7,Saturday,10,253,37,September,9,3,2005,2,1,2006,1
2005-09-11,2005-09-11,1,Sunday,11,254,38,September,9,3,2005,2,1,2006,1
2005-09-12,2005-09-12,2,Monday,12,255,38,September,9,3,2005,2,1,2006,1
2005-09-13,2005-09-13,3,Tuesday,13,256,38,September,9,3,2005,2,1,2006,1
2005-09-14,2005-09-14,4,Wednesday,14,257,38,September,9,3,2005,2,1,2006,1
2005-09-15,2005-09-15,5,Thursday,15,258,38,September,9,3,2005,2,1,2006,1
2005-09-16,2005-09-16,6,Friday,16,259,38,September,9,3,2005,2,1,2006,1
2005-09-17,2005-09-17,7,Saturday,17,260,38,September,9,3,2005,2,1,2006,1
2005-09-18,2005-09-18,1,Sunday,18,261,39,September,9,3,2005,2,1,2006,1
2005-09-19,2005-09-19,2,Monday,19,262,39,September,9,3,2005,2,1,2006,1
2005-09-20,2005-09-20,3,Tuesday,20,263,39,September,9,3,2005,2,1,2006,1
2005-09-21,2005-09-21,4,Wednesday,21,264,39,September,9,3,2005,2,1,2006,1
2005-09-22,2005-09-22,5,Thursday,22,265,39,September,9,3,2005,2,1,2006,1
2005-09-23,2005-09-23,6,Friday,23,266,39,September,9,3,2005,2,1,2006,1
2005-09-24,2005-09-24,7,Saturday,24,267,39,September,9,3,2005,2,1,2006,1
2005-09-25,2005-09-25,1,Sunday,25,268,40,September,9,3,2005,2,1,2006,1
2005-09-26,2005-09-26,2,Monday,26,269,40,September,9,3,2005,2,1,2006,1
2005-09-27,2005-09-27,3,Tuesday,27,270,40,September,9,3,2005,2,1,2006,1
2005-09-28,2005-09-28,4,Wednesday,28,271,40,September,9,3,2005,2,1,2006,1
2005-09-29,2005-09-29,5,Thursday,29,272,40,September,9,3,2005,2,1,2006,1
2005-09-30,2005-09-30,6,Friday,30,273,40,September,9,3,2005,2,1,2006,1
2005-10-01,2005-10-01,7,Saturday,1,274,40,October,10,4,2005,2,2,2006,1
2005-10-02,2005-10-02,1,Sunday,2,275,41,October,10,4,2005,2,2,2006,1
2005-10-03,2005-10-03,2,Monday,3,276,41,October,10,4,2005,2,2,2006,1
2005-10-04,2005-10-04,3,Tuesday,4,277,41,October,10,4,2005,2,2,2006,1
2005-10-05,2005-10-05,4,Wednesday,5,278,41,October,10,4,2005,2,2,2006,1
2005-10-06,2005-10-06,5,Thursday,6,279,41,October,10,4,2005,2,2,2006,1
2005-10-07,2005-10-07,6,Friday,7,280,41,October,10,4,2005,2,2,2006,1
2005-10-08,2005-10-08,7,Saturday,8,281,41,October,10,4,2005,2,2,2006,1
2005-10-09,2005-10-09,1,Sunday,9,282,42,October,10,4,2005,2,2,2006,1
2005-10-10,2005-10-10,2,Monday,10,283,42,October,10,4,2005,2,2,2006,1
2005-10-11,2005-10-11,3,Tuesday,11,284,42,October,10,4,2005,2,2,2006,1
2005-10-12,2005-10-12,4,Wednesday,12,285,42,October,10,4,2005,2,2,2006,1
2005-10-13,2005-10-13,5,Thursday,13,286,42,October,10,4,2005,2,2,2006,1
2005-10-14,2005-10-14,6,Friday,14,287,42,October,10,4,2005,2,2,2006,1
2005-10-15,2005-10-15,7,Saturday,15,288,42,October,10,4,2005,2,2,2006,1
2005-10-16,2005-10-16,1,Sunday,16,289,43,October,10,4,2005,2,2,2006,1
2005-10-17,2005-10-17,2,Monday,17,290,43,October,10,4,2005,2,2,2006,1
2005-10-18,2005-10-18,3,Tuesday,18,291,43,October,10,4,2005,2,2,2006,1
2005-10-19,2005-10-19,4,Wednesday,19,292,43,October,10,4,2005,2,2,2006,1
2005-10-20,2005-10-20,5,Thursday,20,293,43,October,10,4,2005,2,2,2006,1
2005-10-21,2005-10-21,6,Friday,21,294,43,October,10,4,2005,2,2,2006,1
2005-10-22,2005-10-22,7,Saturday,22,295,43,October,10,4,2005,2,2,2006,1
2005-10-23,2005-10-23,1,Sunday,23,296,44,October,10,4,2005,2,2,2006,1
2005-10-24,2005-10-24,2,Monday,24,297,44,October,10,4,2005,2,2,2006,1
2005-10-25,2005-10-25,3,Tuesday,25,298,44,October,10,4,2005,2,2,2006,1
2005-10-26,2005-10-26,4,Wednesday,26,299,44,October,10,4,2005,2,2,2006,1
2005-10-27,2005-10-27,5,Thursday,27,300,44,October,10,4,2005,2,2,2006,1
2005-10-28,2005-10-28,6,Friday,28,301,44,October,10,4,2005,2,2,2006,1
2005-10-29,2005-10-29,7,Saturday,29,302,44,October,10,4,2005,2,2,2006,1
2005-10-30,2005-10-30,1,Sunday,30,303,45,October,10,4,2005,2,2,2006,1
2005-10-31,2005-10-31,2,Monday,31,304,45,October,10,4,2005,2,2,2006,1
2005-11-01,2005-11-01,3,Tuesday,1,305,45,November,11,4,2005,2,2,2006,1
2005-11-02,2005-11-02,4,Wednesday,2,306,45,November,11,4,2005,2,2,2006,1
2005-11-03,2005-11-03,5,Thursday,3,307,45,November,11,4,2005,2,2,2006,1
2005-11-04,2005-11-04,6,Friday,4,308,45,November,11,4,2005,2,2,2006,1
2005-11-05,2005-11-05,7,Saturday,5,309,45,November,11,4,2005,2,2,2006,1
2005-11-06,2005-11-06,1,Sunday,6,310,46,November,11,4,2005,2,2,2006,1
2005-11-07,2005-11-07,2,Monday,7,311,46,November,11,4,2005,2,2,2006,1
2005-11-08,2005-11-08,3,Tuesday,8,312,46,November,11,4,2005,2,2,2006,1
2005-11-09,2005-11-09,4,Wednesday,9,313,46,November,11,4,2005,2,2,2006,1
2005-11-10,2005-11-10,5,Thursday,10,314,46,November,11,4,2005,2,2,2006,1
2005-11-11,2005-11-11,6,Friday,11,315,46,November,11,4,2005,2,2,2006,1
2005-11-12,2005-11-12,7,Saturday,12,316,46,November,11,4,2005,2,2,2006,1
2005-11-13,2005-11-13,1,Sunday,13,317,47,November,11,4,2005,2,2,2006,1
2005-11-14,2005-11-14,2,Monday,14,318,47,November,11,4,2005,2,2,2006,1
2005-11-15,2005-11-15,3,Tuesday,15,319,47,November,11,4,2005,2,2,2006,1
2005-11-16,2005-11-16,4,Wednesday,16,320,47,November,11,4,2005,2,2,2006,1
2005-11-17,2005-11-17,5,Thursday,17,321,47,November,11,4,2005,2,2,2006,1
2005-11-18,2005-11-18,6,Friday,18,322,47,November,11,4,2005,2,2,2006,1
2005-11-19,2005-11-19,7,Saturday,19,323,47,November,11,4,2005,2,2,2006,1
2005-11-20,2005-11-20,1,Sunday,20,324,48,November,11,4,2005,2,2,2006,1
2005-11-21,2005-11-21,2,Monday,21,325,48,November,11,4,2005,2,2,2006,1
2005-11-22,2005-11-22,3,Tuesday,22,326,48,November,11,4,2005,2,2,2006,1
2005-11-23,2005-11-23,4,Wednesday,23,327,48,November,11,4,2005,2,2,2006,1
2005-11-24,2005-11-24,5,Thursday,24,328,48,November,11,4,2005,2,2,2006,1
2005-11-25,2005-11-25,6,Friday,25,329,48,November,11,4,2005,2,2,2006,1
2005-11-26,2005-11-26,7,Saturday,26,330,48,November,11,4,2005,2,2,2006,1
2005-11-27,2005-11-27,1,Sunday,27,331,49,November,11,4,2005,2,2,2006,1
2005-11-28,2005-11-28,2,Monday,28,332,49,November,11,4,2005,2,2,2006,1
2005-11-29,2005-11-29,3,Tuesday,29,333,49,November,11,4,2005,2,2,2006,1
2005-11-30,2005-11-30,4,Wednesday,30,334,49,November,11,4,2005,2,2,2006,1
2005-12-01,2005-12-01,5,Thursday,1,335,49,December,12,4,2005,2,2,2006,1
2005-12-02,2005-12-02,6,Friday,2,336,49,December,12,4,2005,2,2,2006,1
2005-12-03,2005-12-03,7,Saturday,3,337,49,December,12,4,2005,2,2,2006,1
2005-12-04,2005-12-04,1,Sunday,4,338,50,December,12,4,2005,2,2,2006,1
2005-12-05,2005-12-05,2,Monday,5,339,50,December,12,4,2005,2,2,2006,1
2005-12-06,2005-12-06,3,Tuesday,6,340,50,December,12,4,2005,2,2,2006,1
2005-12-07,2005-12-07,4,Wednesday,7,341,50,December,12,4,2005,2,2,2006,1
2005-12-08,2005-12-08,5,Thursday,8,342,50,December,12,4,2005,2,2,2006,1
2005-12-09,2005-12-09,6,Friday,9,343,50,December,12,4,2005,2,2,2006,1
2005-12-10,2005-12-10,7,Saturday,10,344,50,December,12,4,2005,2,2,2006,1
2005-12-11,2005-12-11,1,Sunday,11,345,51,December,12,4,2005,2,2,2006,1
2005-12-12,2005-12-12,2,Monday,12,346,51,December,12,4,2005,2,2,2006,1
2005-12-13,2005-12-13,3,Tuesday,13,347,51,December,12,4,2005,2,2,2006,1
2005-12-14,2005-12-14,4,Wednesday,14,348,51,December,12,4,2005,2,2,2006,1
2005-12-15,2005-12-15,5,Thursday,15,349,51,December,12,4,2005,2,2,2006,1
2005-12-16,2005-12-16,6,Friday,16,350,51,December,12,4,2005,2,2,2006,1
2005-12-17,2005-12-17,7,Saturday,17,351,51,December,12,4,2005,2,2,2006,1
2005-12-18,2005-12-18,1,Sunday,18,352,52,December,12,4,2005,2,2,2006,1
2005-12-19,2005-12-19,2,Monday,19,353,52,December,12,4,2005,2,2,2006,1
2005-12-20,2005-12-20,3,Tuesday,20,354,52,December,12,4,2005,2,2,2006,1
2005-12-21,2005-12-21,4,Wednesday,21,355,52,December,12,4,2005,2,2,2006,1
2005-12-22,2005-12-22,5,Thursday,22,356,52,December,12,4,2005,2,2,2006,1
2005-12-23,2005-12-23,6,Friday,23,357,52,December,12,4,2005,2,2,2006,1
2005-12-24,2005-12-24,7,Saturday,24,358,52,December,12,4,2005,2,2,2006,1
2005-12-25,2005-12-25,1,Sunday,25,359,53,December,12,4,2005,2,2,2006,1
2005-12-26,2005-12-26,2,Monday,26,360,53,December,12,4,2005,2,2,2006,1
2005-12-27,2005-12-27,3,Tuesday,27,361,53,December,12,4,2005,2,2,2006,1
2005-12-28,2005-12-28,4,Wednesday,28,362,53,December,12,4,2005,2,2,2006,1
2005-12-29,2005-12-29,5,Thursday,29,363,53,December,12,4,2005,2,2,2006,1
2005-12-30,2005-12-30,6,Friday,30,364,53,December,12,4,2005,2,2,2006,1
2005-12-31,2005-12-31,7,Saturday,31,365,53,December,12,4,2005,2,2,2006,1
2006-01-01,2006-01-01,1,Sunday,1,1,1,January,1,1,2006,1,3,2006,2
2006-01-02,2006-01-02,2,Monday,2,2,1,January,1,1,2006,1,3,2006,2
2006-01-03,2006-01-03,3,Tuesday,3,3,1,January,1,1,2006,1,3,2006,2
2006-01-04,2006-01-04,4,Wednesday,4,4,1,January,1,1,2006,1,3,2006,2
2006-01-05,2006-01-05,5,Thursday,5,5,1,January,1,1,2006,1,3,2006,2
2006-01-06,2006-01-06,6,Friday,6,6,1,January,1,1,2006,1,3,2006,2
2006-01-07,2006-01-07,7,Saturday,7,7,1,January,1,1,2006,1,3,2006,2
2006-01-08,2006-01-08,1,Sunday,8,8,2,January,1,1,2006,1,3,2006,2
2006-01-09,2006-01-09,2,Monday,9,9,2,January,1,1,2006,1,3,2006,2
2006-01-10,2006-01-10,3,Tuesday,10,10,2,January,1,1,2006,1,3,2006,2
2006-01-11,2006-01-11,4,Wednesday,11,11,2,January,1,1,2006,1,3,2006,2
2006-01-12,2006-01-12,5,Thursday,12,12,2,January,1,1,2006,1,3,2006,2
2006-01-13,2006-01-13,6,Friday,13,13,2,January,1,1,2006,1,3,2006,2
2006-01-14,2006-01-14,7,Saturday,14,14,2,January,1,1,2006,1,3,2006,2
2006-01-15,2006-01-15,1,Sunday,15,15,3,January,1,1,2006,1,3,2006,2
2006-01-16,2006-01-16,2,Monday,16,16,3,January,1,1,2006,1,3,2006,2
2006-01-17,2006-01-17,3,Tuesday,17,17,3,January,1,1,2006,1,3,2006,2
2006-01-18,2006-01-18,4,Wednesday,18,18,3,January,1,1,2006,1,3,2006,2
2006-01-19,2006-01-19,5,Thursday,19,19,3,January,1,1,2006,1,3,2006,2
2006-01-20,2006-01-20,6,Friday,20,20,3,January,1,1,2006,1,3,2006,2
2006-01-21,2006-01-21,7,Saturday,21,21,3,January,1,1,2006,1,3,2006,2
2006-01-22,2006-01-22,1,Sunday,22,22,4,January,1,1,2006,1,3,2006,2
2006-01-23,2006-01-23,2,Monday,23,23,4,January,1,1,2006,1,3,2006,2
2006-01-24,2006-01-24,3,Tuesday,24,24,4,January,1,1,2006,1,3,2006,2
2006-01-25,2006-01-25,4,Wednesday,25,25,4,January,1,1,2006,1,3,2006,2
2006-01-26,2006-01-26,5,Thursday,26,26,4,January,1,1,2006,1,3,2006,2
2006-01-27,2006-01-27,6,Friday,27,27,4,January,1,1,2006,1,3,2006,2
2006-01-28,2006-01-28,7,Saturday,28,28,4,January,1,1,2006,1,3,2006,2
2006-01-29,2006-01-29,1,Sunday,29,29,5,January,1,1,2006,1,3,2006,2
2006-01-30,2006-01-30,2,Monday,30,30,5,January,1,1,2006,1,3,2006,2
2006-01-31,2006-01-31,3,Tuesday,31,31,5,January,1,1,2006,1,3,2006,2
2006-02-01,2006-02-01,4,Wednesday,1,32,5,February,2,1,2006,1,3,2006,2
2006-02-02,2006-02-02,5,Thursday,2,33,5,February,2,1,2006,1,3,2006,2
2006-02-03,2006-02-03,6,Friday,3,34,5,February,2,1,2006,1,3,2006,2
2006-02-04,2006-02-04,7,Saturday,4,35,5,February,2,1,2006,1,3,2006,2
2006-02-05,2006-02-05,1,Sunday,5,36,6,February,2,1,2006,1,3,2006,2
2006-02-06,2006-02-06,2,Monday,6,37,6,February,2,1,2006,1,3,2006,2
2006-02-07,2006-02-07,3,Tuesday,7,38,6,February,2,1,2006,1,3,2006,2
2006-02-08,2006-02-08,4,Wednesday,8,39,6,February,2,1,2006,1,3,2006,2
2006-02-09,2006-02-09,5,Thursday,9,40,6,February,2,1,2006,1,3,2006,2
2006-02-10,2006-02-10,6,Friday,10,41,6,February,2,1,2006,1,3,2006,2
2006-02-11,2006-02-11,7,Saturday,11,42,6,February,2,1,2006,1,3,2006,2
2006-02-12,2006-02-12,1,Sunday,12,43,7,February,2,1,2006,1,3,2006,2
2006-02-13,2006-02-13,2,Monday,13,44,7,February,2,1,2006,1,3,2006,2
2006-02-14,2006-02-14,3,Tuesday,14,45,7,February,2,1,2006,1,3,2006,2
2006-02-15,2006-02-15,4,Wednesday,15,46,7,February,2,1,2006,1,3,2006,2
2006-02-16,2006-02-16,5,Thursday,16,47,7,February,2,1,2006,1,3,2006,2
2006-02-17,2006-02-17,6,Friday,17,48,7,February,2,1,2006,1,3,2006,2
2006-02-18,2006-02-18,7,Saturday,18,49,7,February,2,1,2006,1,3,2006,2
2006-02-19,2006-02-19,1,Sunday,19,50,8,February,2,1,2006,1,3,2006,2
2006-02-20,2006-02-20,2,Monday,20,51,8,February,2,1,2006,1,3,2006,2
2006-02-21,2006-02-21,3,Tuesday,21,52,8,February,2,1,2006,1,3,2006,2
2006-02-22,2006-02-22,4,Wednesday,22,53,8,February,2,1,2006,1,3,2006,2
2006-02-23,2006-02-23,5,Thursday,23,54,8,February,2,1,2006,1,3,2006,2
2006-02-24,2006-02-24,6,Friday,24,55,8,February,2,1,2006,1,3,2006,2
2006-02-25,2006-02-25,7,Saturday,25,56,8,February,2,1,2006,1,3,2006,2
2006-02-26,2006-02-26,1,Sunday,26,57,9,February,2,1,2006,1,3,2006,2
2006-02-27,2006-02-27,2,Monday,27,58,9,February,2,1,2006,1,3,2006,2
2006-02-28,2006-02-28,3,Tuesday,28,59,9,February,2,1,2006,1,3,2006,2
2006-03-01,2006-03-01,4,Wednesday,1,60,9,March,3,1,2006,1,3,2006,2
2006-03-02,2006-03-02,5,Thursday,2,61,9,March,3,1,2006,1,3,2006,2
2006-03-03,2006-03-03,6,Friday,3,62,9,March,3,1,2006,1,3,2006,2
2006-03-04,2006-03-04,7,Saturday,4,63,9,March,3,1,2006,1,3,2006,2
2006-03-05,2006-03-05,1,Sunday,5,64,10,March,3,1,2006,1,3,2006,2
2006-03-06,2006-03-06,2,Monday,6,65,10,March,3,1,2006,1,3,2006,2
2006-03-07,2006-03-07,3,Tuesday,7,66,10,March,3,1,2006,1,3,2006,2
2006-03-08,2006-03-08,4,Wednesday,8,67,10,March,3,1,2006,1,3,2006,2
2006-03-09,2006-03-09,5,Thursday,9,68,10,March,3,1,2006,1,3,2006,2
2006-03-10,2006-03-10,6,Friday,10,69,10,March,3,1,2006,1,3,2006,2
2006-03-11,2006-03-11,7,Saturday,11,70,10,March,3,1,2006,1,3,2006,2
2006-03-12,2006-03-12,1,Sunday,12,71,11,March,3,1,2006,1,3,2006,2
2006-03-13,2006-03-13,2,Monday,13,72,11,March,3,1,2006,1,3,2006,2
2006-03-14,2006-03-14,3,Tuesday,14,73,11,March,3,1,2006,1,3,2006,2
2006-03-15,2006-03-15,4,Wednesday,15,74,11,March,3,1,2006,1,3,2006,2
2006-03-16,2006-03-16,5,Thursday,16,75,11,March,3,1,2006,1,3,2006,2
2006-03-17,2006-03-17,6,Friday,17,76,11,March,3,1,2006,1,3,2006,2
2006-03-18,2006-03-18,7,Saturday,18,77,11,March,3,1,2006,1,3,2006,2
2006-03-19,2006-03-19,1,Sunday,19,78,12,March,3,1,2006,1,3,2006,2
2006-03-20,2006-03-20,2,Monday,20,79,12,March,3,1,2006,1,3,2006,2
2006-03-21,2006-03-21,3,Tuesday,21,80,12,March,3,1,2006,1,3,2006,2
2006-03-22,2006-03-22,4,Wednesday,22,81,12,March,3,1,2006,1,3,2006,2
2006-03-23,2006-03-23,5,Thursday,23,82,12,March,3,1,2006,1,3,2006,2
2006-03-24,2006-03-24,6,Friday,24,83,12,March,3,1,2006,1,3,2006,2
2006-03-25,2006-03-25,7,Saturday,25,84,12,March,3,1,2006,1,3,2006,2
2006-03-26,2006-03-26,1,Sunday,26,85,13,March,3,1,2006,1,3,2006,2
2006-03-27,2006-03-27,2,Monday,27,86,13,March,3,1,2006,1,3,2006,2
2006-03-28,2006-03-28,3,Tuesday,28,87,13,March,3,1,2006,1,3,2006,2
2006-03-29,2006-03-29,4,Wednesday,29,88,13,March,3,1,2006,1,3,2006,2
2006-03-30,2006-03-30,5,Thursday,30,89,13,March,3,1,2006,1,3,2006,2
2006-03-31,2006-03-31,6,Friday,31,90,13,March,3,1,2006,1,3,2006,2
2006-04-01,2006-04-01,7,Saturday,1,91,13,April,4,2,2006,1,4,2006,2
2006-04-02,2006-04-02,1,Sunday,2,92,14,April,4,2,2006,1,4,2006,2
2006-04-03,2006-04-03,2,Monday,3,93,14,April,4,2,2006,1,4,2006,2
2006-04-04,2006-04-04,3,Tuesday,4,94,14,April,4,2,2006,1,4,2006,2
2006-04-05,2006-04-05,4,Wednesday,5,95,14,April,4,2,2006,1,4,2006,2
2006-04-06,2006-04-06,5,Thursday,6,96,14,April,4,2,2006,1,4,2006,2
2006-04-07,2006-04-07,6,Friday,7,97,14,April,4,2,2006,1,4,2006,2
2006-04-08,2006-04-08,7,Saturday,8,98,14,April,4,2,2006,1,4,2006,2
2006-04-09,2006-04-09,1,Sunday,9,99,15,April,4,2,2006,1,4,2006,2
2006-04-10,2006-04-10,2,Monday,10,100,15,April,4,2,2006,1,4,2006,2
2006-04-11,2006-04-11,3,Tuesday,11,101,15,April,4,2,2006,1,4,2006,2
2006-04-12,2006-04-12,4,Wednesday,12,102,15,April,4,2,2006,1,4,2006,2
2006-04-13,2006-04-13,5,Thursday,13,103,15,April,4,2,2006,1,4,2006,2
2006-04-14,2006-04-14,6,Friday,14,104,15,April,4,2,2006,1,4,2006,2
2006-04-15,2006-04-15,7,Saturday,15,105,15,April,4,2,2006,1,4,2006,2
2006-04-16,2006-04-16,1,Sunday,16,106,16,April,4,2,2006,1,4,2006,2
2006-04-17,2006-04-17,2,Monday,17,107,16,April,4,2,2006,1,4,2006,2
2006-04-18,2006-04-18,3,Tuesday,18,108,16,April,4,2,2006,1,4,2006,2
2006-04-19,2006-04-19,4,Wednesday,19,109,16,April,4,2,2006,1,4,2006,2
2006-04-20,2006-04-20,5,Thursday,20,110,16,April,4,2,2006,1,4,2006,2
2006-04-21,2006-04-21,6,Friday,21,111,16,April,4,2,2006,1,4,2006,2
2006-04-22,2006-04-22,7,Saturday,22,112,16,April,4,2,2006,1,4,2006,2
2006-04-23,2006-04-23,1,Sunday,23,113,17,April,4,2,2006,1,4,2006,2
2006-04-24,2006-04-24,2,Monday,24,114,17,April,4,2,2006,1,4,2006,2
2006-04-25,2006-04-25,3,Tuesday,25,115,17,April,4,2,2006,1,4,2006,2
2006-04-26,2006-04-26,4,Wednesday,26,116,17,April,4,2,2006,1,4,2006,2
2006-04-27,2006-04-27,5,Thursday,27,117,17,April,4,2,2006,1,4,2006,2
2006-04-28,2006-04-28,6,Friday,28,118,17,April,4,2,2006,1,4,2006,2
2006-04-29,2006-04-29,7,Saturday,29,119,17,April,4,2,2006,1,4,2006,2
2006-04-30,2006-04-30,1,Sunday,30,120,18,April,4,2,2006,1,4,2006,2
2006-05-01,2006-05-01,2,Monday,1,121,18,May,5,2,2006,1,4,2006,2
2006-05-02,2006-05-02,3,Tuesday,2,122,18,May,5,2,2006,1,4,2006,2
2006-05-03,2006-05-03,4,Wednesday,3,123,18,May,5,2,2006,1,4,2006,2
2006-05-04,2006-05-04,5,Thursday,4,124,18,May,5,2,2006,1,4,2006,2
2006-05-05,2006-05-05,6,Friday,5,125,18,May,5,2,2006,1,4,2006,2
2006-05-06,2006-05-06,7,Saturday,6,126,18,May,5,2,2006,1,4,2006,2
2006-05-07,2006-05-07,1,Sunday,7,127,19,May,5,2,2006,1,4,2006,2
2006-05-08,2006-05-08,2,Monday,8,128,19,May,5,2,2006,1,4,2006,2
2006-05-09,2006-05-09,3,Tuesday,9,129,19,May,5,2,2006,1,4,2006,2
2006-05-10,2006-05-10,4,Wednesday,10,130,19,May,5,2,2006,1,4,2006,2
2006-05-11,2006-05-11,5,Thursday,11,131,19,May,5,2,2006,1,4,2006,2
2006-05-12,2006-05-12,6,Friday,12,132,19,May,5,2,2006,1,4,2006,2
2006-05-13,2006-05-13,7,Saturday,13,133,19,May,5,2,2006,1,4,2006,2
2006-05-14,2006-05-14,1,Sunday,14,134,20,May,5,2,2006,1,4,2006,2
2006-05-15,2006-05-15,2,Monday,15,135,20,May,5,2,2006,1,4,2006,2
2006-05-16,2006-05-16,3,Tuesday,16,136,20,May,5,2,2006,1,4,2006,2
2006-05-17,2006-05-17,4,Wednesday,17,137,20,May,5,2,2006,1,4,2006,2
2006-05-18,2006-05-18,5,Thursday,18,138,20,May,5,2,2006,1,4,2006,2
2006-05-19,2006-05-19,6,Friday,19,139,20,May,5,2,2006,1,4,2006,2
2006-05-20,2006-05-20,7,Saturday,20,140,20,May,5,2,2006,1,4,2006,2
2006-05-21,2006-05-21,1,Sunday,21,141,21,May,5,2,2006,1,4,2006,2
2006-05-22,2006-05-22,2,Monday,22,142,21,May,5,2,2006,1,4,2006,2
2006-05-23,2006-05-23,3,Tuesday,23,143,21,May,5,2,2006,1,4,2006,2
2006-05-24,2006-05-24,4,Wednesday,24,144,21,May,5,2,2006,1,4,2006,2
2006-05-25,2006-05-25,5,Thursday,25,145,21,May,5,2,2006,1,4,2006,2
2006-05-26,2006-05-26,6,Friday,26,146,21,May,5,2,2006,1,4,2006,2
2006-05-27,2006-05-27,7,Saturday,27,147,21,May,5,2,2006,1,4,2006,2
2006-05-28,2006-05-28,1,Sunday,28,148,22,May,5,2,2006,1,4,2006,2
2006-05-29,2006-05-29,2,Monday,29,149,22,May,5,2,2006,1,4,2006,2
2006-05-30,2006-05-30,3,Tuesday,30,150,22,May,5,2,2006,1,4,2006,2
2006-05-31,2006-05-31,4,Wednesday,31,151,22,May,5,2,2006,1,4,2006,2
2006-06-01,2006-06-01,5,Thursday,1,152,22,June,6,2,2006,1,4,2006,2
2006-06-02,2006-06-02,6,Friday,2,153,22,June,6,2,2006,1,4,2006,2
2006-06-03,2006-06-03,7,Saturday,3,154,22,June,6,2,2006,1,4,2006,2
2006-06-04,2006-06-04,1,Sunday,4,155,23,June,6,2,2006,1,4,2006,2
2006-06-05,2006-06-05,2,Monday,5,156,23,June,6,2,2006,1,4,2006,2
2006-06-06,2006-06-06,3,Tuesday,6,157,23,June,6,2,2006,1,4,2006,2
2006-06-07,2006-06-07,4,Wednesday,7,158,23,June,6,2,2006,1,4,2006,2
2006-06-08,2006-06-08,5,Thursday,8,159,23,June,6,2,2006,1,4,2006,2
2006-06-09,2006-06-09,6,Friday,9,160,23,June,6,2,2006,1,4,2006,2
2006-06-10,2006-06-10,7,Saturday,10,161,23,June,6,2,2006,1,4,2006,2
2006-06-11,2006-06-11,1,Sunday,11,162,24,June,6,2,2006,1,4,2006,2
2006-06-12,2006-06-12,2,Monday,12,163,24,June,6,2,2006,1,4,2006,2
2006-06-13,2006-06-13,3,Tuesday,13,164,24,June,6,2,2006,1,4,2006,2
2006-06-14,2006-06-14,4,Wednesday,14,165,24,June,6,2,2006,1,4,2006,2
2006-06-15,2006-06-15,5,Thursday,15,166,24,June,6,2,2006,1,4,2006,2
2006-06-16,2006-06-16,6,Friday,16,167,24,June,6,2,2006,1,4,2006,2
2006-06-17,2006-06-17,7,Saturday,17,168,24,June,6,2,2006,1,4,2006,2
2006-06-18,2006-06-18,1,Sunday,18,169,25,June,6,2,2006,1,4,2006,2
2006-06-19,2006-06-19,2,Monday,19,170,25,June,6,2,2006,1,4,2006,2
2006-06-20,2006-06-20,3,Tuesday,20,171,25,June,6,2,2006,1,4,2006,2
2006-06-21,2006-06-21,4,Wednesday,21,172,25,June,6,2,2006,1,4,2006,2
2006-06-22,2006-06-22,5,Thursday,22,173,25,June,6,2,2006,1,4,2006,2
2006-06-23,2006-06-23,6,Friday,23,174,25,June,6,2,2006,1,4,2006,2
2006-06-24,2006-06-24,7,Saturday,24,175,25,June,6,2,2006,1,4,2006,2
2006-06-25,2006-06-25,1,Sunday,25,176,26,June,6,2,2006,1,4,2006,2
2006-06-26,2006-06-26,2,Monday,26,177,26,June,6,2,2006,1,4,2006,2
2006-06-27,2006-06-27,3,Tuesday,27,178,26,June,6,2,2006,1,4,2006,2
2006-06-28,2006-06-28,4,Wednesday,28,179,26,June,6,2,2006,1,4,2006,2
2006-06-29,2006-06-29,5,Thursday,29,180,26,June,6,2,2006,1,4,2006,2
2006-06-30,2006-06-30,6,Friday,30,181,26,June,6,2,2006,1,4,2006,2
2006-07-01,2006-07-01,7,Saturday,1,182,26,July,7,3,2006,2,1,2007,1
2006-07-02,2006-07-02,1,Sunday,2,183,27,July,7,3,2006,2,1,2007,1
2006-07-03,2006-07-03,2,Monday,3,184,27,July,7,3,2006,2,1,2007,1
2006-07-04,2006-07-04,3,Tuesday,4,185,27,July,7,3,2006,2,1,2007,1
2006-07-05,2006-07-05,4,Wednesday,5,186,27,July,7,3,2006,2,1,2007,1
2006-07-06,2006-07-06,5,Thursday,6,187,27,July,7,3,2006,2,1,2007,1
2006-07-07,2006-07-07,6,Friday,7,188,27,July,7,3,2006,2,1,2007,1
2006-07-08,2006-07-08,7,Saturday,8,189,27,July,7,3,2006,2,1,2007,1
2006-07-09,2006-07-09,1,Sunday,9,190,28,July,7,3,2006,2,1,2007,1
2006-07-10,2006-07-10,2,Monday,10,191,28,July,7,3,2006,2,1,2007,1
2006-07-11,2006-07-11,3,Tuesday,11,192,28,July,7,3,2006,2,1,2007,1
2006-07-12,2006-07-12,4,Wednesday,12,193,28,July,7,3,2006,2,1,2007,1
2006-07-13,2006-07-13,5,Thursday,13,194,28,July,7,3,2006,2,1,2007,1
2006-07-14,2006-07-14,6,Friday,14,195,28,July,7,3,2006,2,1,2007,1
2006-07-15,2006-07-15,7,Saturday,15,196,28,July,7,3,2006,2,1,2007,1
2006-07-16,2006-07-16,1,Sunday,16,197,29,July,7,3,2006,2,1,2007,1
2006-07-17,2006-07-17,2,Monday,17,198,29,July,7,3,2006,2,1,2007,1
2006-07-18,2006-07-18,3,Tuesday,18,199,29,July,7,3,2006,2,1,2007,1
2006-07-19,2006-07-19,4,Wednesday,19,200,29,July,7,3,2006,2,1,2007,1
2006-07-20,2006-07-20,5,Thursday,20,201,29,July,7,3,2006,2,1,2007,1
2006-07-21,2006-07-21,6,Friday,21,202,29,July,7,3,2006,2,1,2007,1
2006-07-22,2006-07-22,7,Saturday,22,203,29,July,7,3,2006,2,1,2007,1
2006-07-23,2006-07-23,1,Sunday,23,204,30,July,7,3,2006,2,1,2007,1
2006-07-24,2006-07-24,2,Monday,24,205,30,July,7,3,2006,2,1,2007,1
2006-07-25,2006-07-25,3,Tuesday,25,206,30,July,7,3,2006,2,1,2007,1
2006-07-26,2006-07-26,4,Wednesday,26,207,30,July,7,3,2006,2,1,2007,1
2006-07-27,2006-07-27,5,Thursday,27,208,30,July,7,3,2006,2,1,2007,1
2006-07-28,2006-07-28,6,Friday,28,209,30,July,7,3,2006,2,1,2007,1
2006-07-29,2006-07-29,7,Saturday,29,210,30,July,7,3,2006,2,1,2007,1
2006-07-30,2006-07-30,1,Sunday,30,211,31,July,7,3,2006,2,1,2007,1
2006-07-31,2006-07-31,2,Monday,31,212,31,July,7,3,2006,2,1,2007,1
2006-08-01,2006-08-01,3,Tuesday,1,213,31,August,8,3,2006,2,1,2007,1
2006-08-02,2006-08-02,4,Wednesday,2,214,31,August,8,3,2006,2,1,2007,1
2006-08-03,2006-08-03,5,Thursday,3,215,31,August,8,3,2006,2,1,2007,1
2006-08-04,2006-08-04,6,Friday,4,216,31,August,8,3,2006,2,1,2007,1
2006-08-05,2006-08-05,7,Saturday,5,217,31,August,8,3,2006,2,1,2007,1
2006-08-06,2006-08-06,1,Sunday,6,218,32,August,8,3,2006,2,1,2007,1
2006-08-07,2006-08-07,2,Monday,7,219,32,August,8,3,2006,2,1,2007,1
2006-08-08,2006-08-08,3,Tuesday,8,220,32,August,8,3,2006,2,1,2007,1
2006-08-09,2006-08-09,4,Wednesday,9,221,32,August,8,3,2006,2,1,2007,1
2006-08-10,2006-08-10,5,Thursday,10,222,32,August,8,3,2006,2,1,2007,1
2006-08-11,2006-08-11,6,Friday,11,223,32,August,8,3,2006,2,1,2007,1
2006-08-12,2006-08-12,7,Saturday,12,224,32,August,8,3,2006,2,1,2007,1
2006-08-13,2006-08-13,1,Sunday,13,225,33,August,8,3,2006,2,1,2007,1
2006-08-14,2006-08-14,2,Monday,14,226,33,August,8,3,2006,2,1,2007,1
2006-08-15,2006-08-15,3,Tuesday,15,227,33,August,8,3,2006,2,1,2007,1
2006-08-16,2006-08-16,4,Wednesday,16,228,33,August,8,3,2006,2,1,2007,1
2006-08-17,2006-08-17,5,Thursday,17,229,33,August,8,3,2006,2,1,2007,1
2006-08-18,2006-08-18,6,Friday,18,230,33,August,8,3,2006,2,1,2007,1
2006-08-19,2006-08-19,7,Saturday,19,231,33,August,8,3,2006,2,1,2007,1
2006-08-20,2006-08-20,1,Sunday,20,232,34,August,8,3,2006,2,1,2007,1
2006-08-21,2006-08-21,2,Monday,21,233,34,August,8,3,2006,2,1,2007,1
2006-08-22,2006-08-22,3,Tuesday,22,234,34,August,8,3,2006,2,1,2007,1
2006-08-23,2006-08-23,4,Wednesday,23,235,34,August,8,3,2006,2,1,2007,1
2006-08-24,2006-08-24,5,Thursday,24,236,34,August,8,3,2006,2,1,2007,1
2006-08-25,2006-08-25,6,Friday,25,237,34,August,8,3,2006,2,1,2007,1
2006-08-26,2006-08-26,7,Saturday,26,238,34,August,8,3,2006,2,1,2007,1
2006-08-27,2006-08-27,1,Sunday,27,239,35,August,8,3,2006,2,1,2007,1
2006-08-28,2006-08-28,2,Monday,28,240,35,August,8,3,2006,2,1,2007,1
2006-08-29,2006-08-29,3,Tuesday,29,241,35,August,8,3,2006,2,1,2007,1
2006-08-30,2006-08-30,4,Wednesday,30,242,35,August,8,3,2006,2,1,2007,1
2006-08-31,2006-08-31,5,Thursday,31,243,35,August,8,3,2006,2,1,2007,1
2006-09-01,2006-09-01,6,Friday,1,244,35,September,9,3,2006,2,1,2007,1
2006-09-02,2006-09-02,7,Saturday,2,245,35,September,9,3,2006,2,1,2007,1
2006-09-03,2006-09-03,1,Sunday,3,246,36,September,9,3,2006,2,1,2007,1
2006-09-04,2006-09-04,2,Monday,4,247,36,September,9,3,2006,2,1,2007,1
2006-09-05,2006-09-05,3,Tuesday,5,248,36,September,9,3,2006,2,1,2007,1
2006-09-06,2006-09-06,4,Wednesday,6,249,36,September,9,3,2006,2,1,2007,1
2006-09-07,2006-09-07,5,Thursday,7,250,36,September,9,3,2006,2,1,2007,1
2006-09-08,2006-09-08,6,Friday,8,251,36,September,9,3,2006,2,1,2007,1
2006-09-09,2006-09-09,7,Saturday,9,252,36,September,9,3,2006,2,1,2007,1
2006-09-10,2006-09-10,1,Sunday,10,253,37,September,9,3,2006,2,1,2007,1
2006-09-11,2006-09-11,2,Monday,11,254,37,September,9,3,2006,2,1,2007,1
2006-09-12,2006-09-12,3,Tuesday,12,255,37,September,9,3,2006,2,1,2007,1
2006-09-13,2006-09-13,4,Wednesday,13,256,37,September,9,3,2006,2,1,2007,1
2006-09-14,2006-09-14,5,Thursday,14,257,37,September,9,3,2006,2,1,2007,1
2006-09-15,2006-09-15,6,Friday,15,258,37,September,9,3,2006,2,1,2007,1
2006-09-16,2006-09-16,7,Saturday,16,259,37,September,9,3,2006,2,1,2007,1
2006-09-17,2006-09-17,1,Sunday,17,260,38,September,9,3,2006,2,1,2007,1
2006-09-18,2006-09-18,2,Monday,18,261,38,September,9,3,2006,2,1,2007,1
2006-09-19,2006-09-19,3,Tuesday,19,262,38,September,9,3,2006,2,1,2007,1
2006-09-20,2006-09-20,4,Wednesday,20,263,38,September,9,3,2006,2,1,2007,1
2006-09-21,2006-09-21,5,Thursday,21,264,38,September,9,3,2006,2,1,2007,1
2006-09-22,2006-09-22,6,Friday,22,265,38,September,9,3,2006,2,1,2007,1
2006-09-23,2006-09-23,7,Saturday,23,266,38,September,9,3,2006,2,1,2007,1
2006-09-24,2006-09-24,1,Sunday,24,267,39,September,9,3,2006,2,1,2007,1
2006-09-25,2006-09-25,2,Monday,25,268,39,September,9,3,2006,2,1,2007,1
2006-09-26,2006-09-26,3,Tuesday,26,269,39,September,9,3,2006,2,1,2007,1
2006-09-27,2006-09-27,4,Wednesday,27,270,39,September,9,3,2006,2,1,2007,1
2006-09-28,2006-09-28,5,Thursday,28,271,39,September,9,3,2006,2,1,2007,1
2006-09-29,2006-09-29,6,Friday,29,272,39,September,9,3,2006,2,1,2007,1
2006-09-30,2006-09-30,7,Saturday,30,273,39,September,9,3,2006,2,1,2007,1
2006-10-01,2006-10-01,1,Sunday,1,274,40,October,10,4,2006,2,2,2007,1
2006-10-02,2006-10-02,2,Monday,2,275,40,October,10,4,2006,2,2,2007,1
2006-10-03,2006-10-03,3,Tuesday,3,276,40,October,10,4,2006,2,2,2007,1
2006-10-04,2006-10-04,4,Wednesday,4,277,40,October,10,4,2006,2,2,2007,1
2006-10-05,2006-10-05,5,Thursday,5,278,40,October,10,4,2006,2,2,2007,1
2006-10-06,2006-10-06,6,Friday,6,279,40,October,10,4,2006,2,2,2007,1
2006-10-07,2006-10-07,7,Saturday,7,280,40,October,10,4,2006,2,2,2007,1
2006-10-08,2006-10-08,1,Sunday,8,281,41,October,10,4,2006,2,2,2007,1
2006-10-09,2006-10-09,2,Monday,9,282,41,October,10,4,2006,2,2,2007,1
2006-10-10,2006-10-10,3,Tuesday,10,283,41,October,10,4,2006,2,2,2007,1
2006-10-11,2006-10-11,4,Wednesday,11,284,41,October,10,4,2006,2,2,2007,1
2006-10-12,2006-10-12,5,Thursday,12,285,41,October,10,4,2006,2,2,2007,1
2006-10-13,2006-10-13,6,Friday,13,286,41,October,10,4,2006,2,2,2007,1
2006-10-14,2006-10-14,7,Saturday,14,287,41,October,10,4,2006,2,2,2007,1
2006-10-15,2006-10-15,1,Sunday,15,288,42,October,10,4,2006,2,2,2007,1
2006-10-16,2006-10-16,2,Monday,16,289,42,October,10,4,2006,2,2,2007,1
2006-10-17,2006-10-17,3,Tuesday,17,290,42,October,10,4,2006,2,2,2007,1
2006-10-18,2006-10-18,4,Wednesday,18,291,42,October,10,4,2006,2,2,2007,1
2006-10-19,2006-10-19,5,Thursday,19,292,42,October,10,4,2006,2,2,2007,1
2006-10-20,2006-10-20,6,Friday,20,293,42,October,10,4,2006,2,2,2007,1
2006-10-21,2006-10-21,7,Saturday,21,294,42,October,10,4,2006,2,2,2007,1
2006-10-22,2006-10-22,1,Sunday,22,295,43,October,10,4,2006,2,2,2007,1
2006-10-23,2006-10-23,2,Monday,23,296,43,October,10,4,2006,2,2,2007,1
2006-10-24,2006-10-24,3,Tuesday,24,297,43,October,10,4,2006,2,2,2007,1
2006-10-25,2006-10-25,4,Wednesday,25,298,43,October,10,4,2006,2,2,2007,1
2006-10-26,2006-10-26,5,Thursday,26,299,43,October,10,4,2006,2,2,2007,1
2006-10-27,2006-10-27,6,Friday,27,300,43,October,10,4,2006,2,2,2007,1
2006-10-28,2006-10-28,7,Saturday,28,301,43,October,10,4,2006,2,2,2007,1
2006-10-29,2006-10-29,1,Sunday,29,302,44,October,10,4,2006,2,2,2007,1
2006-10-30,2006-10-30,2,Monday,30,303,44,October,10,4,2006,2,2,2007,1
2006-10-31,2006-10-31,3,Tuesday,31,304,44,October,10,4,2006,2,2,2007,1
2006-11-01,2006-11-01,4,Wednesday,1,305,44,November,11,4,2006,2,2,2007,1
2006-11-02,2006-11-02,5,Thursday,2,306,44,November,11,4,2006,2,2,2007,1
2006-11-03,2006-11-03,6,Friday,3,307,44,November,11,4,2006,2,2,2007,1
2006-11-04,2006-11-04,7,Saturday,4,308,44,November,11,4,2006,2,2,2007,1
2006-11-05,2006-11-05,1,Sunday,5,309,45,November,11,4,2006,2,2,2007,1
2006-11-06,2006-11-06,2,Monday,6,310,45,November,11,4,2006,2,2,2007,1
2006-11-07,2006-11-07,3,Tuesday,7,311,45,November,11,4,2006,2,2,2007,1
2006-11-08,2006-11-08,4,Wednesday,8,312,45,November,11,4,2006,2,2,2007,1
2006-11-09,2006-11-09,5,Thursday,9,313,45,November,11,4,2006,2,2,2007,1
2006-11-10,2006-11-10,6,Friday,10,314,45,November,11,4,2006,2,2,2007,1
2006-11-11,2006-11-11,7,Saturday,11,315,45,November,11,4,2006,2,2,2007,1
2006-11-12,2006-11-12,1,Sunday,12,316,46,November,11,4,2006,2,2,2007,1
2006-11-13,2006-11-13,2,Monday,13,317,46,November,11,4,2006,2,2,2007,1
2006-11-14,2006-11-14,3,Tuesday,14,318,46,November,11,4,2006,2,2,2007,1
2006-11-15,2006-11-15,4,Wednesday,15,319,46,November,11,4,2006,2,2,2007,1
2006-11-16,2006-11-16,5,Thursday,16,320,46,November,11,4,2006,2,2,2007,1
2006-11-17,2006-11-17,6,Friday,17,321,46,November,11,4,2006,2,2,2007,1
2006-11-18,2006-11-18,7,Saturday,18,322,46,November,11,4,2006,2,2,2007,1
2006-11-19,2006-11-19,1,Sunday,19,323,47,November,11,4,2006,2,2,2007,1
2006-11-20,2006-11-20,2,Monday,20,324,47,November,11,4,2006,2,2,2007,1
2006-11-21,2006-11-21,3,Tuesday,21,325,47,November,11,4,2006,2,2,2007,1
2006-11-22,2006-11-22,4,Wednesday,22,326,47,November,11,4,2006,2,2,2007,1
2006-11-23,2006-11-23,5,Thursday,23,327,47,November,11,4,2006,2,2,2007,1
2006-11-24,2006-11-24,6,Friday,24,328,47,November,11,4,2006,2,2,2007,1
2006-11-25,2006-11-25,7,Saturday,25,329,47,November,11,4,2006,2,2,2007,1
2006-11-26,2006-11-26,1,Sunday,26,330,48,November,11,4,2006,2,2,2007,1
2006-11-27,2006-11-27,2,Monday,27,331,48,November,11,4,2006,2,2,2007,1
2006-11-28,2006-11-28,3,Tuesday,28,332,48,November,11,4,2006,2,2,2007,1
2006-11-29,2006-11-29,4,Wednesday,29,333,48,November,11,4,2006,2,2,2007,1
2006-11-30,2006-11-30,5,Thursday,30,334,48,November,11,4,2006,2,2,2007,1
2006-12-01,2006-12-01,6,Friday,1,335,48,December,12,4,2006,2,2,2007,1
2006-12-02,2006-12-02,7,Saturday,2,336,48,December,12,4,2006,2,2,2007,1
2006-12-03,2006-12-03,1,Sunday,3,337,49,December,12,4,2006,2,2,2007,1
2006-12-04,2006-12-04,2,Monday,4,338,49,December,12,4,2006,2,2,2007,1
2006-12-05,2006-12-05,3,Tuesday,5,339,49,December,12,4,2006,2,2,2007,1
2006-12-06,2006-12-06,4,Wednesday,6,340,49,December,12,4,2006,2,2,2007,1
2006-12-07,2006-12-07,5,Thursday,7,341,49,December,12,4,2006,2,2,2007,1
2006-12-08,2006-12-08,6,Friday,8,342,49,December,12,4,2006,2,2,2007,1
2006-12-09,2006-12-09,7,Saturday,9,343,49,December,12,4,2006,2,2,2007,1
2006-12-10,2006-12-10,1,Sunday,10,344,50,December,12,4,2006,2,2,2007,1
2006-12-11,2006-12-11,2,Monday,11,345,50,December,12,4,2006,2,2,2007,1
2006-12-12,2006-12-12,3,Tuesday,12,346,50,December,12,4,2006,2,2,2007,1
2006-12-13,2006-12-13,4,Wednesday,13,347,50,December,12,4,2006,2,2,2007,1
2006-12-14,2006-12-14,5,Thursday,14,348,50,December,12,4,2006,2,2,2007,1
2006-12-15,2006-12-15,6,Friday,15,349,50,December,12,4,2006,2,2,2007,1
2006-12-16,2006-12-16,7,Saturday,16,350,50,December,12,4,2006,2,2,2007,1
2006-12-17,2006-12-17,1,Sunday,17,351,51,December,12,4,2006,2,2,2007,1
2006-12-18,2006-12-18,2,Monday,18,352,51,December,12,4,2006,2,2,2007,1
2006-12-19,2006-12-19,3,Tuesday,19,353,51,December,12,4,2006,2,2,2007,1
2006-12-20,2006-12-20,4,Wednesday,20,354,51,December,12,4,2006,2,2,2007,1
2006-12-21,2006-12-21,5,Thursday,21,355,51,December,12,4,2006,2,2,2007,1
2006-12-22,2006-12-22,6,Friday,22,356,51,December,12,4,2006,2,2,2007,1
2006-12-23,2006-12-23,7,Saturday,23,357,51,December,12,4,2006,2,2,2007,1
2006-12-24,2006-12-24,1,Sunday,24,358,52,December,12,4,2006,2,2,2007,1
2006-12-25,2006-12-25,2,Monday,25,359,52,December,12,4,2006,2,2,2007,1
2006-12-26,2006-12-26,3,Tuesday,26,360,52,December,12,4,2006,2,2,2007,1
2006-12-27,2006-12-27,4,Wednesday,27,361,52,December,12,4,2006,2,2,2007,1
2006-12-28,2006-12-28,5,Thursday,28,362,52,December,12,4,2006,2,2,2007,1
2006-12-29,2006-12-29,6,Friday,29,363,52,December,12,4,2006,2,2,2007,1
2006-12-30,2006-12-30,7,Saturday,30,364,52,December,12,4,2006,2,2,2007,1
2006-12-31,2006-12-31,1,Sunday,31,365,53,December,12,4,2006,2,2,2007,1
2007-01-01,2007-01-01,2,Monday,1,1,1,January,1,1,2007,1,3,2007,2
2007-01-02,2007-01-02,3,Tuesday,2,2,1,January,1,1,2007,1,3,2007,2
2007-01-03,2007-01-03,4,Wednesday,3,3,1,January,1,1,2007,1,3,2007,2
2007-01-04,2007-01-04,5,Thursday,4,4,1,January,1,1,2007,1,3,2007,2
2007-01-05,2007-01-05,6,Friday,5,5,1,January,1,1,2007,1,3,2007,2
2007-01-06,2007-01-06,7,Saturday,6,6,1,January,1,1,2007,1,3,2007,2
2007-01-07,2007-01-07,1,Sunday,7,7,2,January,1,1,2007,1,3,2007,2
2007-01-08,2007-01-08,2,Monday,8,8,2,January,1,1,2007,1,3,2007,2
2007-01-09,2007-01-09,3,Tuesday,9,9,2,January,1,1,2007,1,3,2007,2
2007-01-10,2007-01-10,4,Wednesday,10,10,2,January,1,1,2007,1,3,2007,2
2007-01-11,2007-01-11,5,Thursday,11,11,2,January,1,1,2007,1,3,2007,2
2007-01-12,2007-01-12,6,Friday,12,12,2,January,1,1,2007,1,3,2007,2
2007-01-13,2007-01-13,7,Saturday,13,13,2,January,1,1,2007,1,3,2007,2
2007-01-14,2007-01-14,1,Sunday,14,14,3,January,1,1,2007,1,3,2007,2
2007-01-15,2007-01-15,2,Monday,15,15,3,January,1,1,2007,1,3,2007,2
2007-01-16,2007-01-16,3,Tuesday,16,16,3,January,1,1,2007,1,3,2007,2
2007-01-17,2007-01-17,4,Wednesday,17,17,3,January,1,1,2007,1,3,2007,2
2007-01-18,2007-01-18,5,Thursday,18,18,3,January,1,1,2007,1,3,2007,2
2007-01-19,2007-01-19,6,Friday,19,19,3,January,1,1,2007,1,3,2007,2
2007-01-20,2007-01-20,7,Saturday,20,20,3,January,1,1,2007,1,3,2007,2
2007-01-21,2007-01-21,1,Sunday,21,21,4,January,1,1,2007,1,3,2007,2
2007-01-22,2007-01-22,2,Monday,22,22,4,January,1,1,2007,1,3,2007,2
2007-01-23,2007-01-23,3,Tuesday,23,23,4,January,1,1,2007,1,3,2007,2
2007-01-24,2007-01-24,4,Wednesday,24,24,4,January,1,1,2007,1,3,2007,2
2007-01-25,2007-01-25,5,Thursday,25,25,4,January,1,1,2007,1,3,2007,2
2007-01-26,2007-01-26,6,Friday,26,26,4,January,1,1,2007,1,3,2007,2
2007-01-27,2007-01-27,7,Saturday,27,27,4,January,1,1,2007,1,3,2007,2
2007-01-28,2007-01-28,1,Sunday,28,28,5,January,1,1,2007,1,3,2007,2
2007-01-29,2007-01-29,2,Monday,29,29,5,January,1,1,2007,1,3,2007,2
2007-01-30,2007-01-30,3,Tuesday,30,30,5,January,1,1,2007,1,3,2007,2
2007-01-31,2007-01-31,4,Wednesday,31,31,5,January,1,1,2007,1,3,2007,2
2007-02-01,2007-02-01,5,Thursday,1,32,5,February,2,1,2007,1,3,2007,2
2007-02-02,2007-02-02,6,Friday,2,33,5,February,2,1,2007,1,3,2007,2
2007-02-03,2007-02-03,7,Saturday,3,34,5,February,2,1,2007,1,3,2007,2
2007-02-04,2007-02-04,1,Sunday,4,35,6,February,2,1,2007,1,3,2007,2
2007-02-05,2007-02-05,2,Monday,5,36,6,February,2,1,2007,1,3,2007,2
2007-02-06,2007-02-06,3,Tuesday,6,37,6,February,2,1,2007,1,3,2007,2
2007-02-07,2007-02-07,4,Wednesday,7,38,6,February,2,1,2007,1,3,2007,2
2007-02-08,2007-02-08,5,Thursday,8,39,6,February,2,1,2007,1,3,2007,2
2007-02-09,2007-02-09,6,Friday,9,40,6,February,2,1,2007,1,3,2007,2
2007-02-10,2007-02-10,7,Saturday,10,41,6,February,2,1,2007,1,3,2007,2
2007-02-11,2007-02-11,1,Sunday,11,42,7,February,2,1,2007,1,3,2007,2
2007-02-12,2007-02-12,2,Monday,12,43,7,February,2,1,2007,1,3,2007,2
2007-02-13,2007-02-13,3,Tuesday,13,44,7,February,2,1,2007,1,3,2007,2
2007-02-14,2007-02-14,4,Wednesday,14,45,7,February,2,1,2007,1,3,2007,2
2007-02-15,2007-02-15,5,Thursday,15,46,7,February,2,1,2007,1,3,2007,2
2007-02-16,2007-02-16,6,Friday,16,47,7,February,2,1,2007,1,3,2007,2
2007-02-17,2007-02-17,7,Saturday,17,48,7,February,2,1,2007,1,3,2007,2
2007-02-18,2007-02-18,1,Sunday,18,49,8,February,2,1,2007,1,3,2007,2
2007-02-19,2007-02-19,2,Monday,19,50,8,February,2,1,2007,1,3,2007,2
2007-02-20,2007-02-20,3,Tuesday,20,51,8,February,2,1,2007,1,3,2007,2
2007-02-21,2007-02-21,4,Wednesday,21,52,8,February,2,1,2007,1,3,2007,2
2007-02-22,2007-02-22,5,Thursday,22,53,8,February,2,1,2007,1,3,2007,2
2007-02-23,2007-02-23,6,Friday,23,54,8,February,2,1,2007,1,3,2007,2
2007-02-24,2007-02-24,7,Saturday,24,55,8,February,2,1,2007,1,3,2007,2
2007-02-25,2007-02-25,1,Sunday,25,56,9,February,2,1,2007,1,3,2007,2
2007-02-26,2007-02-26,2,Monday,26,57,9,February,2,1,2007,1,3,2007,2
2007-02-27,2007-02-27,3,Tuesday,27,58,9,February,2,1,2007,1,3,2007,2
2007-02-28,2007-02-28,4,Wednesday,28,59,9,February,2,1,2007,1,3,2007,2
2007-03-01,2007-03-01,5,Thursday,1,60,9,March,3,1,2007,1,3,2007,2
2007-03-02,2007-03-02,6,Friday,2,61,9,March,3,1,2007,1,3,2007,2
2007-03-03,2007-03-03,7,Saturday,3,62,9,March,3,1,2007,1,3,2007,2
2007-03-04,2007-03-04,1,Sunday,4,63,10,March,3,1,2007,1,3,2007,2
2007-03-05,2007-03-05,2,Monday,5,64,10,March,3,1,2007,1,3,2007,2
2007-03-06,2007-03-06,3,Tuesday,6,65,10,March,3,1,2007,1,3,2007,2
2007-03-07,2007-03-07,4,Wednesday,7,66,10,March,3,1,2007,1,3,2007,2
2007-03-08,2007-03-08,5,Thursday,8,67,10,March,3,1,2007,1,3,2007,2
2007-03-09,2007-03-09,6,Friday,9,68,10,March,3,1,2007,1,3,2007,2
2007-03-10,2007-03-10,7,Saturday,10,69,10,March,3,1,2007,1,3,2007,2
2007-03-11,2007-03-11,1,Sunday,11,70,11,March,3,1,2007,1,3,2007,2
2007-03-12,2007-03-12,2,Monday,12,71,11,March,3,1,2007,1,3,2007,2
2007-03-13,2007-03-13,3,Tuesday,13,72,11,March,3,1,2007,1,3,2007,2
2007-03-14,2007-03-14,4,Wednesday,14,73,11,March,3,1,2007,1,3,2007,2
2007-03-15,2007-03-15,5,Thursday,15,74,11,March,3,1,2007,1,3,2007,2
2007-03-16,2007-03-16,6,Friday,16,75,11,March,3,1,2007,1,3,2007,2
2007-03-17,2007-03-17,7,Saturday,17,76,11,March,3,1,2007,1,3,2007,2
2007-03-18,2007-03-18,1,Sunday,18,77,12,March,3,1,2007,1,3,2007,2
2007-03-19,2007-03-19,2,Monday,19,78,12,March,3,1,2007,1,3,2007,2
2007-03-20,2007-03-20,3,Tuesday,20,79,12,March,3,1,2007,1,3,2007,2
2007-03-21,2007-03-21,4,Wednesday,21,80,12,March,3,1,2007,1,3,2007,2
2007-03-22,2007-03-22,5,Thursday,22,81,12,March,3,1,2007,1,3,2007,2
2007-03-23,2007-03-23,6,Friday,23,82,12,March,3,1,2007,1,3,2007,2
2007-03-24,2007-03-24,7,Saturday,24,83,12,March,3,1,2007,1,3,2007,2
2007-03-25,2007-03-25,1,Sunday,25,84,13,March,3,1,2007,1,3,2007,2
2007-03-26,2007-03-26,2,Monday,26,85,13,March,3,1,2007,1,3,2007,2
2007-03-27,2007-03-27,3,Tuesday,27,86,13,March,3,1,2007,1,3,2007,2
2007-03-28,2007-03-28,4,Wednesday,28,87,13,March,3,1,2007,1,3,2007,2
2007-03-29,2007-03-29,5,Thursday,29,88,13,March,3,1,2007,1,3,2007,2
2007-03-30,2007-03-30,6,Friday,30,89,13,March,3,1,2007,1,3,2007,2
2007-03-31,2007-03-31,7,Saturday,31,90,13,March,3,1,2007,1,3,2007,2
2007-04-01,2007-04-01,1,Sunday,1,91,14,April,4,2,2007,1,4,2007,2
2007-04-02,2007-04-02,2,Monday,2,92,14,April,4,2,2007,1,4,2007,2
2007-04-03,2007-04-03,3,Tuesday,3,93,14,April,4,2,2007,1,4,2007,2
2007-04-04,2007-04-04,4,Wednesday,4,94,14,April,4,2,2007,1,4,2007,2
2007-04-05,2007-04-05,5,Thursday,5,95,14,April,4,2,2007,1,4,2007,2
2007-04-06,2007-04-06,6,Friday,6,96,14,April,4,2,2007,1,4,2007,2
2007-04-07,2007-04-07,7,Saturday,7,97,14,April,4,2,2007,1,4,2007,2
2007-04-08,2007-04-08,1,Sunday,8,98,15,April,4,2,2007,1,4,2007,2
2007-04-09,2007-04-09,2,Monday,9,99,15,April,4,2,2007,1,4,2007,2
2007-04-10,2007-04-10,3,Tuesday,10,100,15,April,4,2,2007,1,4,2007,2
2007-04-11,2007-04-11,4,Wednesday,11,101,15,April,4,2,2007,1,4,2007,2
2007-04-12,2007-04-12,5,Thursday,12,102,15,April,4,2,2007,1,4,2007,2
2007-04-13,2007-04-13,6,Friday,13,103,15,April,4,2,2007,1,4,2007,2
2007-04-14,2007-04-14,7,Saturday,14,104,15,April,4,2,2007,1,4,2007,2
2007-04-15,2007-04-15,1,Sunday,15,105,16,April,4,2,2007,1,4,2007,2
2007-04-16,2007-04-16,2,Monday,16,106,16,April,4,2,2007,1,4,2007,2
2007-04-17,2007-04-17,3,Tuesday,17,107,16,April,4,2,2007,1,4,2007,2
2007-04-18,2007-04-18,4,Wednesday,18,108,16,April,4,2,2007,1,4,2007,2
2007-04-19,2007-04-19,5,Thursday,19,109,16,April,4,2,2007,1,4,2007,2
2007-04-20,2007-04-20,6,Friday,20,110,16,April,4,2,2007,1,4,2007,2
2007-04-21,2007-04-21,7,Saturday,21,111,16,April,4,2,2007,1,4,2007,2
2007-04-22,2007-04-22,1,Sunday,22,112,17,April,4,2,2007,1,4,2007,2
2007-04-23,2007-04-23,2,Monday,23,113,17,April,4,2,2007,1,4,2007,2
2007-04-24,2007-04-24,3,Tuesday,24,114,17,April,4,2,2007,1,4,2007,2
2007-04-25,2007-04-25,4,Wednesday,25,115,17,April,4,2,2007,1,4,2007,2
2007-04-26,2007-04-26,5,Thursday,26,116,17,April,4,2,2007,1,4,2007,2
2007-04-27,2007-04-27,6,Friday,27,117,17,April,4,2,2007,1,4,2007,2
2007-04-28,2007-04-28,7,Saturday,28,118,17,April,4,2,2007,1,4,2007,2
2007-04-29,2007-04-29,1,Sunday,29,119,18,April,4,2,2007,1,4,2007,2
2007-04-30,2007-04-30,2,Monday,30,120,18,April,4,2,2007,1,4,2007,2
2007-05-01,2007-05-01,3,Tuesday,1,121,18,May,5,2,2007,1,4,2007,2
2007-05-02,2007-05-02,4,Wednesday,2,122,18,May,5,2,2007,1,4,2007,2
2007-05-03,2007-05-03,5,Thursday,3,123,18,May,5,2,2007,1,4,2007,2
2007-05-04,2007-05-04,6,Friday,4,124,18,May,5,2,2007,1,4,2007,2
2007-05-05,2007-05-05,7,Saturday,5,125,18,May,5,2,2007,1,4,2007,2
2007-05-06,2007-05-06,1,Sunday,6,126,19,May,5,2,2007,1,4,2007,2
2007-05-07,2007-05-07,2,Monday,7,127,19,May,5,2,2007,1,4,2007,2
2007-05-08,2007-05-08,3,Tuesday,8,128,19,May,5,2,2007,1,4,2007,2
2007-05-09,2007-05-09,4,Wednesday,9,129,19,May,5,2,2007,1,4,2007,2
2007-05-10,2007-05-10,5,Thursday,10,130,19,May,5,2,2007,1,4,2007,2
2007-05-11,2007-05-11,6,Friday,11,131,19,May,5,2,2007,1,4,2007,2
2007-05-12,2007-05-12,7,Saturday,12,132,19,May,5,2,2007,1,4,2007,2
2007-05-13,2007-05-13,1,Sunday,13,133,20,May,5,2,2007,1,4,2007,2
2007-05-14,2007-05-14,2,Monday,14,134,20,May,5,2,2007,1,4,2007,2
2007-05-15,2007-05-15,3,Tuesday,15,135,20,May,5,2,2007,1,4,2007,2
2007-05-16,2007-05-16,4,Wednesday,16,136,20,May,5,2,2007,1,4,2007,2
2007-05-17,2007-05-17,5,Thursday,17,137,20,May,5,2,2007,1,4,2007,2
2007-05-18,2007-05-18,6,Friday,18,138,20,May,5,2,2007,1,4,2007,2
2007-05-19,2007-05-19,7,Saturday,19,139,20,May,5,2,2007,1,4,2007,2
2007-05-20,2007-05-20,1,Sunday,20,140,21,May,5,2,2007,1,4,2007,2
2007-05-21,2007-05-21,2,Monday,21,141,21,May,5,2,2007,1,4,2007,2
2007-05-22,2007-05-22,3,Tuesday,22,142,21,May,5,2,2007,1,4,2007,2
2007-05-23,2007-05-23,4,Wednesday,23,143,21,May,5,2,2007,1,4,2007,2
2007-05-24,2007-05-24,5,Thursday,24,144,21,May,5,2,2007,1,4,2007,2
2007-05-25,2007-05-25,6,Friday,25,145,21,May,5,2,2007,1,4,2007,2
2007-05-26,2007-05-26,7,Saturday,26,146,21,May,5,2,2007,1,4,2007,2
2007-05-27,2007-05-27,1,Sunday,27,147,22,May,5,2,2007,1,4,2007,2
2007-05-28,2007-05-28,2,Monday,28,148,22,May,5,2,2007,1,4,2007,2
2007-05-29,2007-05-29,3,Tuesday,29,149,22,May,5,2,2007,1,4,2007,2
2007-05-30,2007-05-30,4,Wednesday,30,150,22,May,5,2,2007,1,4,2007,2
2007-05-31,2007-05-31,5,Thursday,31,151,22,May,5,2,2007,1,4,2007,2
2007-06-01,2007-06-01,6,Friday,1,152,22,June,6,2,2007,1,4,2007,2
2007-06-02,2007-06-02,7,Saturday,2,153,22,June,6,2,2007,1,4,2007,2
2007-06-03,2007-06-03,1,Sunday,3,154,23,June,6,2,2007,1,4,2007,2
2007-06-04,2007-06-04,2,Monday,4,155,23,June,6,2,2007,1,4,2007,2
2007-06-05,2007-06-05,3,Tuesday,5,156,23,June,6,2,2007,1,4,2007,2
2007-06-06,2007-06-06,4,Wednesday,6,157,23,June,6,2,2007,1,4,2007,2
2007-06-07,2007-06-07,5,Thursday,7,158,23,June,6,2,2007,1,4,2007,2
2007-06-08,2007-06-08,6,Friday,8,159,23,June,6,2,2007,1,4,2007,2
2007-06-09,2007-06-09,7,Saturday,9,160,23,June,6,2,2007,1,4,2007,2
2007-06-10,2007-06-10,1,Sunday,10,161,24,June,6,2,2007,1,4,2007,2
2007-06-11,2007-06-11,2,Monday,11,162,24,June,6,2,2007,1,4,2007,2
2007-06-12,2007-06-12,3,Tuesday,12,163,24,June,6,2,2007,1,4,2007,2
2007-06-13,2007-06-13,4,Wednesday,13,164,24,June,6,2,2007,1,4,2007,2
2007-06-14,2007-06-14,5,Thursday,14,165,24,June,6,2,2007,1,4,2007,2
2007-06-15,2007-06-15,6,Friday,15,166,24,June,6,2,2007,1,4,2007,2
2007-06-16,2007-06-16,7,Saturday,16,167,24,June,6,2,2007,1,4,2007,2
2007-06-17,2007-06-17,1,Sunday,17,168,25,June,6,2,2007,1,4,2007,2
2007-06-18,2007-06-18,2,Monday,18,169,25,June,6,2,2007,1,4,2007,2
2007-06-19,2007-06-19,3,Tuesday,19,170,25,June,6,2,2007,1,4,2007,2
2007-06-20,2007-06-20,4,Wednesday,20,171,25,June,6,2,2007,1,4,2007,2
2007-06-21,2007-06-21,5,Thursday,21,172,25,June,6,2,2007,1,4,2007,2
2007-06-22,2007-06-22,6,Friday,22,173,25,June,6,2,2007,1,4,2007,2
2007-06-23,2007-06-23,7,Saturday,23,174,25,June,6,2,2007,1,4,2007,2
2007-06-24,2007-06-24,1,Sunday,24,175,26,June,6,2,2007,1,4,2007,2
2007-06-25,2007-06-25,2,Monday,25,176,26,June,6,2,2007,1,4,2007,2
2007-06-26,2007-06-26,3,Tuesday,26,177,26,June,6,2,2007,1,4,2007,2
2007-06-27,2007-06-27,4,Wednesday,27,178,26,June,6,2,2007,1,4,2007,2
2007-06-28,2007-06-28,5,Thursday,28,179,26,June,6,2,2007,1,4,2007,2
2007-06-29,2007-06-29,6,Friday,29,180,26,June,6,2,2007,1,4,2007,2
2007-06-30,2007-06-30,7,Saturday,30,181,26,June,6,2,2007,1,4,2007,2
2007-07-01,2007-07-01,1,Sunday,1,182,27,July,7,3,2007,2,1,2008,1
2007-07-02,2007-07-02,2,Monday,2,183,27,July,7,3,2007,2,1,2008,1
2007-07-03,2007-07-03,3,Tuesday,3,184,27,July,7,3,2007,2,1,2008,1
2007-07-04,2007-07-04,4,Wednesday,4,185,27,July,7,3,2007,2,1,2008,1
2007-07-05,2007-07-05,5,Thursday,5,186,27,July,7,3,2007,2,1,2008,1
2007-07-06,2007-07-06,6,Friday,6,187,27,July,7,3,2007,2,1,2008,1
2007-07-07,2007-07-07,7,Saturday,7,188,27,July,7,3,2007,2,1,2008,1
2007-07-08,2007-07-08,1,Sunday,8,189,28,July,7,3,2007,2,1,2008,1
2007-07-09,2007-07-09,2,Monday,9,190,28,July,7,3,2007,2,1,2008,1
2007-07-10,2007-07-10,3,Tuesday,10,191,28,July,7,3,2007,2,1,2008,1
2007-07-11,2007-07-11,4,Wednesday,11,192,28,July,7,3,2007,2,1,2008,1
2007-07-12,2007-07-12,5,Thursday,12,193,28,July,7,3,2007,2,1,2008,1
2007-07-13,2007-07-13,6,Friday,13,194,28,July,7,3,2007,2,1,2008,1
2007-07-14,2007-07-14,7,Saturday,14,195,28,July,7,3,2007,2,1,2008,1
2007-07-15,2007-07-15,1,Sunday,15,196,29,July,7,3,2007,2,1,2008,1
2007-07-16,2007-07-16,2,Monday,16,197,29,July,7,3,2007,2,1,2008,1
2007-07-17,2007-07-17,3,Tuesday,17,198,29,July,7,3,2007,2,1,2008,1
2007-07-18,2007-07-18,4,Wednesday,18,199,29,July,7,3,2007,2,1,2008,1
2007-07-19,2007-07-19,5,Thursday,19,200,29,July,7,3,2007,2,1,2008,1
2007-07-20,2007-07-20,6,Friday,20,201,29,July,7,3,2007,2,1,2008,1
2007-07-21,2007-07-21,7,Saturday,21,202,29,July,7,3,2007,2,1,2008,1
2007-07-22,2007-07-22,1,Sunday,22,203,30,July,7,3,2007,2,1,2008,1
2007-07-23,2007-07-23,2,Monday,23,204,30,July,7,3,2007,2,1,2008,1
2007-07-24,2007-07-24,3,Tuesday,24,205,30,July,7,3,2007,2,1,2008,1
2007-07-25,2007-07-25,4,Wednesday,25,206,30,July,7,3,2007,2,1,2008,1
2007-07-26,2007-07-26,5,Thursday,26,207,30,July,7,3,2007,2,1,2008,1
2007-07-27,2007-07-27,6,Friday,27,208,30,July,7,3,2007,2,1,2008,1
2007-07-28,2007-07-28,7,Saturday,28,209,30,July,7,3,2007,2,1,2008,1
2007-07-29,2007-07-29,1,Sunday,29,210,31,July,7,3,2007,2,1,2008,1
2007-07-30,2007-07-30,2,Monday,30,211,31,July,7,3,2007,2,1,2008,1
2007-07-31,2007-07-31,3,Tuesday,31,212,31,July,7,3,2007,2,1,2008,1
2007-08-01,2007-08-01,4,Wednesday,1,213,31,August,8,3,2007,2,1,2008,1
2007-08-02,2007-08-02,5,Thursday,2,214,31,August,8,3,2007,2,1,2008,1
2007-08-03,2007-08-03,6,Friday,3,215,31,August,8,3,2007,2,1,2008,1
2007-08-04,2007-08-04,7,Saturday,4,216,31,August,8,3,2007,2,1,2008,1
2007-08-05,2007-08-05,1,Sunday,5,217,32,August,8,3,2007,2,1,2008,1
2007-08-06,2007-08-06,2,Monday,6,218,32,August,8,3,2007,2,1,2008,1
2007-08-07,2007-08-07,3,Tuesday,7,219,32,August,8,3,2007,2,1,2008,1
2007-08-08,2007-08-08,4,Wednesday,8,220,32,August,8,3,2007,2,1,2008,1
2007-08-09,2007-08-09,5,Thursday,9,221,32,August,8,3,2007,2,1,2008,1
2007-08-10,2007-08-10,6,Friday,10,222,32,August,8,3,2007,2,1,2008,1
2007-08-11,2007-08-11,7,Saturday,11,223,32,August,8,3,2007,2,1,2008,1
2007-08-12,2007-08-12,1,Sunday,12,224,33,August,8,3,2007,2,1,2008,1
2007-08-13,2007-08-13,2,Monday,13,225,33,August,8,3,2007,2,1,2008,1
2007-08-14,2007-08-14,3,Tuesday,14,226,33,August,8,3,2007,2,1,2008,1
2007-08-15,2007-08-15,4,Wednesday,15,227,33,August,8,3,2007,2,1,2008,1
2007-08-16,2007-08-16,5,Thursday,16,228,33,August,8,3,2007,2,1,2008,1
2007-08-17,2007-08-17,6,Friday,17,229,33,August,8,3,2007,2,1,2008,1
2007-08-18,2007-08-18,7,Saturday,18,230,33,August,8,3,2007,2,1,2008,1
2007-08-19,2007-08-19,1,Sunday,19,231,34,August,8,3,2007,2,1,2008,1
2007-08-20,2007-08-20,2,Monday,20,232,34,August,8,3,2007,2,1,2008,1
2007-08-21,2007-08-21,3,Tuesday,21,233,34,August,8,3,2007,2,1,2008,1
2007-08-22,2007-08-22,4,Wednesday,22,234,34,August,8,3,2007,2,1,2008,1
2007-08-23,2007-08-23,5,Thursday,23,235,34,August,8,3,2007,2,1,2008,1
2007-08-24,2007-08-24,6,Friday,24,236,34,August,8,3,2007,2,1,2008,1
2007-08-25,2007-08-25,7,Saturday,25,237,34,August,8,3,2007,2,1,2008,1
2007-08-26,2007-08-26,1,Sunday,26,238,35,August,8,3,2007,2,1,2008,1
2007-08-27,2007-08-27,2,Monday,27,239,35,August,8,3,2007,2,1,2008,1
2007-08-28,2007-08-28,3,Tuesday,28,240,35,August,8,3,2007,2,1,2008,1
2007-08-29,2007-08-29,4,Wednesday,29,241,35,August,8,3,2007,2,1,2008,1
2007-08-30,2007-08-30,5,Thursday,30,242,35,August,8,3,2007,2,1,2008,1
2007-08-31,2007-08-31,6,Friday,31,243,35,August,8,3,2007,2,1,2008,1
2007-09-01,2007-09-01,7,Saturday,1,244,35,September,9,3,2007,2,1,2008,1
2007-09-02,2007-09-02,1,Sunday,2,245,36,September,9,3,2007,2,1,2008,1
2007-09-03,2007-09-03,2,Monday,3,246,36,September,9,3,2007,2,1,2008,1
2007-09-04,2007-09-04,3,Tuesday,4,247,36,September,9,3,2007,2,1,2008,1
2007-09-05,2007-09-05,4,Wednesday,5,248,36,September,9,3,2007,2,1,2008,1
2007-09-06,2007-09-06,5,Thursday,6,249,36,September,9,3,2007,2,1,2008,1
2007-09-07,2007-09-07,6,Friday,7,250,36,September,9,3,2007,2,1,2008,1
2007-09-08,2007-09-08,7,Saturday,8,251,36,September,9,3,2007,2,1,2008,1
2007-09-09,2007-09-09,1,Sunday,9,252,37,September,9,3,2007,2,1,2008,1
2007-09-10,2007-09-10,2,Monday,10,253,37,September,9,3,2007,2,1,2008,1
2007-09-11,2007-09-11,3,Tuesday,11,254,37,September,9,3,2007,2,1,2008,1
2007-09-12,2007-09-12,4,Wednesday,12,255,37,September,9,3,2007,2,1,2008,1
2007-09-13,2007-09-13,5,Thursday,13,256,37,September,9,3,2007,2,1,2008,1
2007-09-14,2007-09-14,6,Friday,14,257,37,September,9,3,2007,2,1,2008,1
2007-09-15,2007-09-15,7,Saturday,15,258,37,September,9,3,2007,2,1,2008,1
2007-09-16,2007-09-16,1,Sunday,16,259,38,September,9,3,2007,2,1,2008,1
2007-09-17,2007-09-17,2,Monday,17,260,38,September,9,3,2007,2,1,2008,1
2007-09-18,2007-09-18,3,Tuesday,18,261,38,September,9,3,2007,2,1,2008,1
2007-09-19,2007-09-19,4,Wednesday,19,262,38,September,9,3,2007,2,1,2008,1
2007-09-20,2007-09-20,5,Thursday,20,263,38,September,9,3,2007,2,1,2008,1
2007-09-21,2007-09-21,6,Friday,21,264,38,September,9,3,2007,2,1,2008,1
2007-09-22,2007-09-22,7,Saturday,22,265,38,September,9,3,2007,2,1,2008,1
2007-09-23,2007-09-23,1,Sunday,23,266,39,September,9,3,2007,2,1,2008,1
2007-09-24,2007-09-24,2,Monday,24,267,39,September,9,3,2007,2,1,2008,1
2007-09-25,2007-09-25,3,Tuesday,25,268,39,September,9,3,2007,2,1,2008,1
2007-09-26,2007-09-26,4,Wednesday,26,269,39,September,9,3,2007,2,1,2008,1
2007-09-27,2007-09-27,5,Thursday,27,270,39,September,9,3,2007,2,1,2008,1
2007-09-28,2007-09-28,6,Friday,28,271,39,September,9,3,2007,2,1,2008,1
2007-09-29,2007-09-29,7,Saturday,29,272,39,September,9,3,2007,2,1,2008,1
2007-09-30,2007-09-30,1,Sunday,30,273,40,September,9,3,2007,2,1,2008,1
2007-10-01,2007-10-01,2,Monday,1,274,40,October,10,4,2007,2,2,2008,1
2007-10-02,2007-10-02,3,Tuesday,2,275,40,October,10,4,2007,2,2,2008,1
2007-10-03,2007-10-03,4,Wednesday,3,276,40,October,10,4,2007,2,2,2008,1
2007-10-04,2007-10-04,5,Thursday,4,277,40,October,10,4,2007,2,2,2008,1
2007-10-05,2007-10-05,6,Friday,5,278,40,October,10,4,2007,2,2,2008,1
2007-10-06,2007-10-06,7,Saturday,6,279,40,October,10,4,2007,2,2,2008,1
2007-10-07,2007-10-07,1,Sunday,7,280,41,October,10,4,2007,2,2,2008,1
2007-10-08,2007-10-08,2,Monday,8,281,41,October,10,4,2007,2,2,2008,1
2007-10-09,2007-10-09,3,Tuesday,9,282,41,October,10,4,2007,2,2,2008,1
2007-10-10,2007-10-10,4,Wednesday,10,283,41,October,10,4,2007,2,2,2008,1
2007-10-11,2007-10-11,5,Thursday,11,284,41,October,10,4,2007,2,2,2008,1
2007-10-12,2007-10-12,6,Friday,12,285,41,October,10,4,2007,2,2,2008,1
2007-10-13,2007-10-13,7,Saturday,13,286,41,October,10,4,2007,2,2,2008,1
2007-10-14,2007-10-14,1,Sunday,14,287,42,October,10,4,2007,2,2,2008,1
2007-10-15,2007-10-15,2,Monday,15,288,42,October,10,4,2007,2,2,2008,1
2007-10-16,2007-10-16,3,Tuesday,16,289,42,October,10,4,2007,2,2,2008,1
2007-10-17,2007-10-17,4,Wednesday,17,290,42,October,10,4,2007,2,2,2008,1
2007-10-18,2007-10-18,5,Thursday,18,291,42,October,10,4,2007,2,2,2008,1
2007-10-19,2007-10-19,6,Friday,19,292,42,October,10,4,2007,2,2,2008,1
2007-10-20,2007-10-20,7,Saturday,20,293,42,October,10,4,2007,2,2,2008,1
2007-10-21,2007-10-21,1,Sunday,21,294,43,October,10,4,2007,2,2,2008,1
2007-10-22,2007-10-22,2,Monday,22,295,43,October,10,4,2007,2,2,2008,1
2007-10-23,2007-10-23,3,Tuesday,23,296,43,October,10,4,2007,2,2,2008,1
2007-10-24,2007-10-24,4,Wednesday,24,297,43,October,10,4,2007,2,2,2008,1
2007-10-25,2007-10-25,5,Thursday,25,298,43,October,10,4,2007,2,2,2008,1
2007-10-26,2007-10-26,6,Friday,26,299,43,October,10,4,2007,2,2,2008,1
2007-10-27,2007-10-27,7,Saturday,27,300,43,October,10,4,2007,2,2,2008,1
2007-10-28,2007-10-28,1,Sunday,28,301,44,October,10,4,2007,2,2,2008,1
2007-10-29,2007-10-29,2,Monday,29,302,44,October,10,4,2007,2,2,2008,1
2007-10-30,2007-10-30,3,Tuesday,30,303,44,October,10,4,2007,2,2,2008,1
2007-10-31,2007-10-31,4,Wednesday,31,304,44,October,10,4,2007,2,2,2008,1
2007-11-01,2007-11-01,5,Thursday,1,305,44,November,11,4,2007,2,2,2008,1
2007-11-02,2007-11-02,6,Friday,2,306,44,November,11,4,2007,2,2,2008,1
2007-11-03,2007-11-03,7,Saturday,3,307,44,November,11,4,2007,2,2,2008,1
2007-11-04,2007-11-04,1,Sunday,4,308,45,November,11,4,2007,2,2,2008,1
2007-11-05,2007-11-05,2,Monday,5,309,45,November,11,4,2007,2,2,2008,1
2007-11-06,2007-11-06,3,Tuesday,6,310,45,November,11,4,2007,2,2,2008,1
2007-11-07,2007-11-07,4,Wednesday,7,311,45,November,11,4,2007,2,2,2008,1
2007-11-08,2007-11-08,5,Thursday,8,312,45,November,11,4,2007,2,2,2008,1
2007-11-09,2007-11-09,6,Friday,9,313,45,November,11,4,2007,2,2,2008,1
2007-11-10,2007-11-10,7,Saturday,10,314,45,November,11,4,2007,2,2,2008,1
2007-11-11,2007-11-11,1,Sunday,11,315,46,November,11,4,2007,2,2,2008,1
2007-11-12,2007-11-12,2,Monday,12,316,46,November,11,4,2007,2,2,2008,1
2007-11-13,2007-11-13,3,Tuesday,13,317,46,November,11,4,2007,2,2,2008,1
2007-11-14,2007-11-14,4,Wednesday,14,318,46,November,11,4,2007,2,2,2008,1
2007-11-15,2007-11-15,5,Thursday,15,319,46,November,11,4,2007,2,2,2008,1
2007-11-16,2007-11-16,6,Friday,16,320,46,November,11,4,2007,2,2,2008,1
2007-11-17,2007-11-17,7,Saturday,17,321,46,November,11,4,2007,2,2,2008,1
2007-11-18,2007-11-18,1,Sunday,18,322,47,November,11,4,2007,2,2,2008,1
2007-11-19,2007-11-19,2,Monday,19,323,47,November,11,4,2007,2,2,2008,1
2007-11-20,2007-11-20,3,Tuesday,20,324,47,November,11,4,2007,2,2,2008,1
2007-11-21,2007-11-21,4,Wednesday,21,325,47,November,11,4,2007,2,2,2008,1
2007-11-22,2007-11-22,5,Thursday,22,326,47,November,11,4,2007,2,2,2008,1
2007-11-23,2007-11-23,6,Friday,23,327,47,November,11,4,2007,2,2,2008,1
2007-11-24,2007-11-24,7,Saturday,24,328,47,November,11,4,2007,2,2,2008,1
2007-11-25,2007-11-25,1,Sunday,25,329,48,November,11,4,2007,2,2,2008,1
2007-11-26,2007-11-26,2,Monday,26,330,48,November,11,4,2007,2,2,2008,1
2007-11-27,2007-11-27,3,Tuesday,27,331,48,November,11,4,2007,2,2,2008,1
2007-11-28,2007-11-28,4,Wednesday,28,332,48,November,11,4,2007,2,2,2008,1
2007-11-29,2007-11-29,5,Thursday,29,333,48,November,11,4,2007,2,2,2008,1
2007-11-30,2007-11-30,6,Friday,30,334,48,November,11,4,2007,2,2,2008,1
2007-12-01,2007-12-01,7,Saturday,1,335,48,December,12,4,2007,2,2,2008,1
2007-12-02,2007-12-02,1,Sunday,2,336,49,December,12,4,2007,2,2,2008,1
2007-12-03,2007-12-03,2,Monday,3,337,49,December,12,4,2007,2,2,2008,1
2007-12-04,2007-12-04,3,Tuesday,4,338,49,December,12,4,2007,2,2,2008,1
2007-12-05,2007-12-05,4,Wednesday,5,339,49,December,12,4,2007,2,2,2008,1
2007-12-06,2007-12-06,5,Thursday,6,340,49,December,12,4,2007,2,2,2008,1
2007-12-07,2007-12-07,6,Friday,7,341,49,December,12,4,2007,2,2,2008,1
2007-12-08,2007-12-08,7,Saturday,8,342,49,December,12,4,2007,2,2,2008,1
2007-12-09,2007-12-09,1,Sunday,9,343,50,December,12,4,2007,2,2,2008,1
2007-12-10,2007-12-10,2,Monday,10,344,50,December,12,4,2007,2,2,2008,1
2007-12-11,2007-12-11,3,Tuesday,11,345,50,December,12,4,2007,2,2,2008,1
2007-12-12,2007-12-12,4,Wednesday,12,346,50,December,12,4,2007,2,2,2008,1
2007-12-13,2007-12-13,5,Thursday,13,347,50,December,12,4,2007,2,2,2008,1
2007-12-14,2007-12-14,6,Friday,14,348,50,December,12,4,2007,2,2,2008,1
2007-12-15,2007-12-15,7,Saturday,15,349,50,December,12,4,2007,2,2,2008,1
2007-12-16,2007-12-16,1,Sunday,16,350,51,December,12,4,2007,2,2,2008,1
2007-12-17,2007-12-17,2,Monday,17,351,51,December,12,4,2007,2,2,2008,1
2007-12-18,2007-12-18,3,Tuesday,18,352,51,December,12,4,2007,2,2,2008,1
2007-12-19,2007-12-19,4,Wednesday,19,353,51,December,12,4,2007,2,2,2008,1
2007-12-20,2007-12-20,5,Thursday,20,354,51,December,12,4,2007,2,2,2008,1
2007-12-21,2007-12-21,6,Friday,21,355,51,December,12,4,2007,2,2,2008,1
2007-12-22,2007-12-22,7,Saturday,22,356,51,December,12,4,2007,2,2,2008,1
2007-12-23,2007-12-23,1,Sunday,23,357,52,December,12,4,2007,2,2,2008,1
2007-12-24,2007-12-24,2,Monday,24,358,52,December,12,4,2007,2,2,2008,1
2007-12-25,2007-12-25,3,Tuesday,25,359,52,December,12,4,2007,2,2,2008,1
2007-12-26,2007-12-26,4,Wednesday,26,360,52,December,12,4,2007,2,2,2008,1
2007-12-27,2007-12-27,5,Thursday,27,361,52,December,12,4,2007,2,2,2008,1
2007-12-28,2007-12-28,6,Friday,28,362,52,December,12,4,2007,2,2,2008,1
2007-12-29,2007-12-29,7,Saturday,29,363,52,December,12,4,2007,2,2,2008,1
2007-12-30,2007-12-30,1,Sunday,30,364,53,December,12,4,2007,2,2,2008,1
2007-12-31,2007-12-31,2,Monday,31,365,53,December,12,4,2007,2,2,2008,1
2008-01-01,2008-01-01,3,Tuesday,1,1,1,January,1,1,2008,1,3,2008,2
2008-01-02,2008-01-02,4,Wednesday,2,2,1,January,1,1,2008,1,3,2008,2
2008-01-03,2008-01-03,5,Thursday,3,3,1,January,1,1,2008,1,3,2008,2
2008-01-04,2008-01-04,6,Friday,4,4,1,January,1,1,2008,1,3,2008,2
2008-01-05,2008-01-05,7,Saturday,5,5,1,January,1,1,2008,1,3,2008,2
2008-01-06,2008-01-06,1,Sunday,6,6,2,January,1,1,2008,1,3,2008,2
2008-01-07,2008-01-07,2,Monday,7,7,2,January,1,1,2008,1,3,2008,2
2008-01-08,2008-01-08,3,Tuesday,8,8,2,January,1,1,2008,1,3,2008,2
2008-01-09,2008-01-09,4,Wednesday,9,9,2,January,1,1,2008,1,3,2008,2
2008-01-10,2008-01-10,5,Thursday,10,10,2,January,1,1,2008,1,3,2008,2
2008-01-11,2008-01-11,6,Friday,11,11,2,January,1,1,2008,1,3,2008,2
2008-01-12,2008-01-12,7,Saturday,12,12,2,January,1,1,2008,1,3,2008,2
2008-01-13,2008-01-13,1,Sunday,13,13,3,January,1,1,2008,1,3,2008,2
2008-01-14,2008-01-14,2,Monday,14,14,3,January,1,1,2008,1,3,2008,2
2008-01-15,2008-01-15,3,Tuesday,15,15,3,January,1,1,2008,1,3,2008,2
2008-01-16,2008-01-16,4,Wednesday,16,16,3,January,1,1,2008,1,3,2008,2
2008-01-17,2008-01-17,5,Thursday,17,17,3,January,1,1,2008,1,3,2008,2
2008-01-18,2008-01-18,6,Friday,18,18,3,January,1,1,2008,1,3,2008,2
2008-01-19,2008-01-19,7,Saturday,19,19,3,January,1,1,2008,1,3,2008,2
2008-01-20,2008-01-20,1,Sunday,20,20,4,January,1,1,2008,1,3,2008,2
2008-01-21,2008-01-21,2,Monday,21,21,4,January,1,1,2008,1,3,2008,2
2008-01-22,2008-01-22,3,Tuesday,22,22,4,January,1,1,2008,1,3,2008,2
2008-01-23,2008-01-23,4,Wednesday,23,23,4,January,1,1,2008,1,3,2008,2
2008-01-24,2008-01-24,5,Thursday,24,24,4,January,1,1,2008,1,3,2008,2
2008-01-25,2008-01-25,6,Friday,25,25,4,January,1,1,2008,1,3,2008,2
2008-01-26,2008-01-26,7,Saturday,26,26,4,January,1,1,2008,1,3,2008,2
2008-01-27,2008-01-27,1,Sunday,27,27,5,January,1,1,2008,1,3,2008,2
2008-01-28,2008-01-28,2,Monday,28,28,5,January,1,1,2008,1,3,2008,2
2008-01-29,2008-01-29,3,Tuesday,29,29,5,January,1,1,2008,1,3,2008,2
2008-01-30,2008-01-30,4,Wednesday,30,30,5,January,1,1,2008,1,3,2008,2
2008-01-31,2008-01-31,5,Thursday,31,31,5,January,1,1,2008,1,3,2008,2
2008-02-01,2008-02-01,6,Friday,1,32,5,February,2,1,2008,1,3,2008,2
2008-02-02,2008-02-02,7,Saturday,2,33,5,February,2,1,2008,1,3,2008,2
2008-02-03,2008-02-03,1,Sunday,3,34,6,February,2,1,2008,1,3,2008,2
2008-02-04,2008-02-04,2,Monday,4,35,6,February,2,1,2008,1,3,2008,2
2008-02-05,2008-02-05,3,Tuesday,5,36,6,February,2,1,2008,1,3,2008,2
2008-02-06,2008-02-06,4,Wednesday,6,37,6,February,2,1,2008,1,3,2008,2
2008-02-07,2008-02-07,5,Thursday,7,38,6,February,2,1,2008,1,3,2008,2
2008-02-08,2008-02-08,6,Friday,8,39,6,February,2,1,2008,1,3,2008,2
2008-02-09,2008-02-09,7,Saturday,9,40,6,February,2,1,2008,1,3,2008,2
2008-02-10,2008-02-10,1,Sunday,10,41,7,February,2,1,2008,1,3,2008,2
2008-02-11,2008-02-11,2,Monday,11,42,7,February,2,1,2008,1,3,2008,2
2008-02-12,2008-02-12,3,Tuesday,12,43,7,February,2,1,2008,1,3,2008,2
2008-02-13,2008-02-13,4,Wednesday,13,44,7,February,2,1,2008,1,3,2008,2
2008-02-14,2008-02-14,5,Thursday,14,45,7,February,2,1,2008,1,3,2008,2
2008-02-15,2008-02-15,6,Friday,15,46,7,February,2,1,2008,1,3,2008,2
2008-02-16,2008-02-16,7,Saturday,16,47,7,February,2,1,2008,1,3,2008,2
2008-02-17,2008-02-17,1,Sunday,17,48,8,February,2,1,2008,1,3,2008,2
2008-02-18,2008-02-18,2,Monday,18,49,8,February,2,1,2008,1,3,2008,2
2008-02-19,2008-02-19,3,Tuesday,19,50,8,February,2,1,2008,1,3,2008,2
2008-02-20,2008-02-20,4,Wednesday,20,51,8,February,2,1,2008,1,3,2008,2
2008-02-21,2008-02-21,5,Thursday,21,52,8,February,2,1,2008,1,3,2008,2
2008-02-22,2008-02-22,6,Friday,22,53,8,February,2,1,2008,1,3,2008,2
2008-02-23,2008-02-23,7,Saturday,23,54,8,February,2,1,2008,1,3,2008,2
2008-02-24,2008-02-24,1,Sunday,24,55,9,February,2,1,2008,1,3,2008,2
2008-02-25,2008-02-25,2,Monday,25,56,9,February,2,1,2008,1,3,2008,2
2008-02-26,2008-02-26,3,Tuesday,26,57,9,February,2,1,2008,1,3,2008,2
2008-02-27,2008-02-27,4,Wednesday,27,58,9,February,2,1,2008,1,3,2008,2
2008-02-28,2008-02-28,5,Thursday,28,59,9,February,2,1,2008,1,3,2008,2
2008-02-29,2008-02-29,6,Friday,29,60,9,February,2,1,2008,1,3,2008,2
2008-03-01,2008-03-01,7,Saturday,1,61,9,March,3,1,2008,1,3,2008,2
2008-03-02,2008-03-02,1,Sunday,2,62,10,March,3,1,2008,1,3,2008,2
2008-03-03,2008-03-03,2,Monday,3,63,10,March,3,1,2008,1,3,2008,2
2008-03-04,2008-03-04,3,Tuesday,4,64,10,March,3,1,2008,1,3,2008,2
2008-03-05,2008-03-05,4,Wednesday,5,65,10,March,3,1,2008,1,3,2008,2
2008-03-06,2008-03-06,5,Thursday,6,66,10,March,3,1,2008,1,3,2008,2
2008-03-07,2008-03-07,6,Friday,7,67,10,March,3,1,2008,1,3,2008,2
2008-03-08,2008-03-08,7,Saturday,8,68,10,March,3,1,2008,1,3,2008,2
2008-03-09,2008-03-09,1,Sunday,9,69,11,March,3,1,2008,1,3,2008,2
2008-03-10,2008-03-10,2,Monday,10,70,11,March,3,1,2008,1,3,2008,2
2008-03-11,2008-03-11,3,Tuesday,11,71,11,March,3,1,2008,1,3,2008,2
2008-03-12,2008-03-12,4,Wednesday,12,72,11,March,3,1,2008,1,3,2008,2
2008-03-13,2008-03-13,5,Thursday,13,73,11,March,3,1,2008,1,3,2008,2
2008-03-14,2008-03-14,6,Friday,14,74,11,March,3,1,2008,1,3,2008,2
2008-03-15,2008-03-15,7,Saturday,15,75,11,March,3,1,2008,1,3,2008,2
2008-03-16,2008-03-16,1,Sunday,16,76,12,March,3,1,2008,1,3,2008,2
2008-03-17,2008-03-17,2,Monday,17,77,12,March,3,1,2008,1,3,2008,2
2008-03-18,2008-03-18,3,Tuesday,18,78,12,March,3,1,2008,1,3,2008,2
2008-03-19,2008-03-19,4,Wednesday,19,79,12,March,3,1,2008,1,3,2008,2
2008-03-20,2008-03-20,5,Thursday,20,80,12,March,3,1,2008,1,3,2008,2
2008-03-21,2008-03-21,6,Friday,21,81,12,March,3,1,2008,1,3,2008,2
2008-03-22,2008-03-22,7,Saturday,22,82,12,March,3,1,2008,1,3,2008,2
2008-03-23,2008-03-23,1,Sunday,23,83,13,March,3,1,2008,1,3,2008,2
2008-03-24,2008-03-24,2,Monday,24,84,13,March,3,1,2008,1,3,2008,2
2008-03-25,2008-03-25,3,Tuesday,25,85,13,March,3,1,2008,1,3,2008,2
2008-03-26,2008-03-26,4,Wednesday,26,86,13,March,3,1,2008,1,3,2008,2
2008-03-27,2008-03-27,5,Thursday,27,87,13,March,3,1,2008,1,3,2008,2
2008-03-28,2008-03-28,6,Friday,28,88,13,March,3,1,2008,1,3,2008,2
2008-03-29,2008-03-29,7,Saturday,29,89,13,March,3,1,2008,1,3,2008,2
2008-03-30,2008-03-30,1,Sunday,30,90,14,March,3,1,2008,1,3,2008,2
2008-03-31,2008-03-31,2,Monday,31,91,14,March,3,1,2008,1,3,2008,2
2008-04-01,2008-04-01,3,Tuesday,1,92,14,April,4,2,2008,1,4,2008,2
2008-04-02,2008-04-02,4,Wednesday,2,93,14,April,4,2,2008,1,4,2008,2
2008-04-03,2008-04-03,5,Thursday,3,94,14,April,4,2,2008,1,4,2008,2
2008-04-04,2008-04-04,6,Friday,4,95,14,April,4,2,2008,1,4,2008,2
2008-04-05,2008-04-05,7,Saturday,5,96,14,April,4,2,2008,1,4,2008,2
2008-04-06,2008-04-06,1,Sunday,6,97,15,April,4,2,2008,1,4,2008,2
2008-04-07,2008-04-07,2,Monday,7,98,15,April,4,2,2008,1,4,2008,2
2008-04-08,2008-04-08,3,Tuesday,8,99,15,April,4,2,2008,1,4,2008,2
2008-04-09,2008-04-09,4,Wednesday,9,100,15,April,4,2,2008,1,4,2008,2
2008-04-10,2008-04-10,5,Thursday,10,101,15,April,4,2,2008,1,4,2008,2
2008-04-11,2008-04-11,6,Friday,11,102,15,April,4,2,2008,1,4,2008,2
2008-04-12,2008-04-12,7,Saturday,12,103,15,April,4,2,2008,1,4,2008,2
2008-04-13,2008-04-13,1,Sunday,13,104,16,April,4,2,2008,1,4,2008,2
2008-04-14,2008-04-14,2,Monday,14,105,16,April,4,2,2008,1,4,2008,2
2008-04-15,2008-04-15,3,Tuesday,15,106,16,April,4,2,2008,1,4,2008,2
2008-04-16,2008-04-16,4,Wednesday,16,107,16,April,4,2,2008,1,4,2008,2
2008-04-17,2008-04-17,5,Thursday,17,108,16,April,4,2,2008,1,4,2008,2
2008-04-18,2008-04-18,6,Friday,18,109,16,April,4,2,2008,1,4,2008,2
2008-04-19,2008-04-19,7,Saturday,19,110,16,April,4,2,2008,1,4,2008,2
2008-04-20,2008-04-20,1,Sunday,20,111,17,April,4,2,2008,1,4,2008,2
2008-04-21,2008-04-21,2,Monday,21,112,17,April,4,2,2008,1,4,2008,2
2008-04-22,2008-04-22,3,Tuesday,22,113,17,April,4,2,2008,1,4,2008,2
2008-04-23,2008-04-23,4,Wednesday,23,114,17,April,4,2,2008,1,4,2008,2
2008-04-24,2008-04-24,5,Thursday,24,115,17,April,4,2,2008,1,4,2008,2
2008-04-25,2008-04-25,6,Friday,25,116,17,April,4,2,2008,1,4,2008,2
2008-04-26,2008-04-26,7,Saturday,26,117,17,April,4,2,2008,1,4,2008,2
2008-04-27,2008-04-27,1,Sunday,27,118,18,April,4,2,2008,1,4,2008,2
2008-04-28,2008-04-28,2,Monday,28,119,18,April,4,2,2008,1,4,2008,2
2008-04-29,2008-04-29,3,Tuesday,29,120,18,April,4,2,2008,1,4,2008,2
2008-04-30,2008-04-30,4,Wednesday,30,121,18,April,4,2,2008,1,4,2008,2
2008-05-01,2008-05-01,5,Thursday,1,122,18,May,5,2,2008,1,4,2008,2
2008-05-02,2008-05-02,6,Friday,2,123,18,May,5,2,2008,1,4,2008,2
2008-05-03,2008-05-03,7,Saturday,3,124,18,May,5,2,2008,1,4,2008,2
2008-05-04,2008-05-04,1,Sunday,4,125,19,May,5,2,2008,1,4,2008,2
2008-05-05,2008-05-05,2,Monday,5,126,19,May,5,2,2008,1,4,2008,2
2008-05-06,2008-05-06,3,Tuesday,6,127,19,May,5,2,2008,1,4,2008,2
2008-05-07,2008-05-07,4,Wednesday,7,128,19,May,5,2,2008,1,4,2008,2
2008-05-08,2008-05-08,5,Thursday,8,129,19,May,5,2,2008,1,4,2008,2
2008-05-09,2008-05-09,6,Friday,9,130,19,May,5,2,2008,1,4,2008,2
2008-05-10,2008-05-10,7,Saturday,10,131,19,May,5,2,2008,1,4,2008,2
2008-05-11,2008-05-11,1,Sunday,11,132,20,May,5,2,2008,1,4,2008,2
2008-05-12,2008-05-12,2,Monday,12,133,20,May,5,2,2008,1,4,2008,2
2008-05-13,2008-05-13,3,Tuesday,13,134,20,May,5,2,2008,1,4,2008,2
2008-05-14,2008-05-14,4,Wednesday,14,135,20,May,5,2,2008,1,4,2008,2
2008-05-15,2008-05-15,5,Thursday,15,136,20,May,5,2,2008,1,4,2008,2
2008-05-16,2008-05-16,6,Friday,16,137,20,May,5,2,2008,1,4,2008,2
2008-05-17,2008-05-17,7,Saturday,17,138,20,May,5,2,2008,1,4,2008,2
2008-05-18,2008-05-18,1,Sunday,18,139,21,May,5,2,2008,1,4,2008,2
2008-05-19,2008-05-19,2,Monday,19,140,21,May,5,2,2008,1,4,2008,2
2008-05-20,2008-05-20,3,Tuesday,20,141,21,May,5,2,2008,1,4,2008,2
2008-05-21,2008-05-21,4,Wednesday,21,142,21,May,5,2,2008,1,4,2008,2
2008-05-22,2008-05-22,5,Thursday,22,143,21,May,5,2,2008,1,4,2008,2
2008-05-23,2008-05-23,6,Friday,23,144,21,May,5,2,2008,1,4,2008,2
2008-05-24,2008-05-24,7,Saturday,24,145,21,May,5,2,2008,1,4,2008,2
2008-05-25,2008-05-25,1,Sunday,25,146,22,May,5,2,2008,1,4,2008,2
2008-05-26,2008-05-26,2,Monday,26,147,22,May,5,2,2008,1,4,2008,2
2008-05-27,2008-05-27,3,Tuesday,27,148,22,May,5,2,2008,1,4,2008,2
2008-05-28,2008-05-28,4,Wednesday,28,149,22,May,5,2,2008,1,4,2008,2
2008-05-29,2008-05-29,5,Thursday,29,150,22,May,5,2,2008,1,4,2008,2
2008-05-30,2008-05-30,6,Friday,30,151,22,May,5,2,2008,1,4,2008,2
2008-05-31,2008-05-31,7,Saturday,31,152,22,May,5,2,2008,1,4,2008,2
2008-06-01,2008-06-01,1,Sunday,1,153,23,June,6,2,2008,1,4,2008,2
2008-06-02,2008-06-02,2,Monday,2,154,23,June,6,2,2008,1,4,2008,2
2008-06-03,2008-06-03,3,Tuesday,3,155,23,June,6,2,2008,1,4,2008,2
2008-06-04,2008-06-04,4,Wednesday,4,156,23,June,6,2,2008,1,4,2008,2
2008-06-05,2008-06-05,5,Thursday,5,157,23,June,6,2,2008,1,4,2008,2
2008-06-06,2008-06-06,6,Friday,6,158,23,June,6,2,2008,1,4,2008,2
2008-06-07,2008-06-07,7,Saturday,7,159,23,June,6,2,2008,1,4,2008,2
2008-06-08,2008-06-08,1,Sunday,8,160,24,June,6,2,2008,1,4,2008,2
2008-06-09,2008-06-09,2,Monday,9,161,24,June,6,2,2008,1,4,2008,2
2008-06-10,2008-06-10,3,Tuesday,10,162,24,June,6,2,2008,1,4,2008,2
2008-06-11,2008-06-11,4,Wednesday,11,163,24,June,6,2,2008,1,4,2008,2
2008-06-12,2008-06-12,5,Thursday,12,164,24,June,6,2,2008,1,4,2008,2
2008-06-13,2008-06-13,6,Friday,13,165,24,June,6,2,2008,1,4,2008,2
2008-06-14,2008-06-14,7,Saturday,14,166,24,June,6,2,2008,1,4,2008,2
2008-06-15,2008-06-15,1,Sunday,15,167,25,June,6,2,2008,1,4,2008,2
2008-06-16,2008-06-16,2,Monday,16,168,25,June,6,2,2008,1,4,2008,2
2008-06-17,2008-06-17,3,Tuesday,17,169,25,June,6,2,2008,1,4,2008,2
2008-06-18,2008-06-18,4,Wednesday,18,170,25,June,6,2,2008,1,4,2008,2
2008-06-19,2008-06-19,5,Thursday,19,171,25,June,6,2,2008,1,4,2008,2
2008-06-20,2008-06-20,6,Friday,20,172,25,June,6,2,2008,1,4,2008,2
2008-06-21,2008-06-21,7,Saturday,21,173,25,June,6,2,2008,1,4,2008,2
2008-06-22,2008-06-22,1,Sunday,22,174,26,June,6,2,2008,1,4,2008,2
2008-06-23,2008-06-23,2,Monday,23,175,26,June,6,2,2008,1,4,2008,2
2008-06-24,2008-06-24,3,Tuesday,24,176,26,June,6,2,2008,1,4,2008,2
2008-06-25,2008-06-25,4,Wednesday,25,177,26,June,6,2,2008,1,4,2008,2
2008-06-26,2008-06-26,5,Thursday,26,178,26,June,6,2,2008,1,4,2008,2
2008-06-27,2008-06-27,6,Friday,27,179,26,June,6,2,2008,1,4,2008,2
2008-06-28,2008-06-28,7,Saturday,28,180,26,June,6,2,2008,1,4,2008,2
2008-06-29,2008-06-29,1,Sunday,29,181,27,June,6,2,2008,1,4,2008,2
2008-06-30,2008-06-30,2,Monday,30,182,27,June,6,2,2008,1,4,2008,2
2008-07-01,2008-07-01,3,Tuesday,1,183,27,July,7,3,2008,2,1,2009,1
2008-07-02,2008-07-02,4,Wednesday,2,184,27,July,7,3,2008,2,1,2009,1
2008-07-03,2008-07-03,5,Thursday,3,185,27,July,7,3,2008,2,1,2009,1
2008-07-04,2008-07-04,6,Friday,4,186,27,July,7,3,2008,2,1,2009,1
2008-07-05,2008-07-05,7,Saturday,5,187,27,July,7,3,2008,2,1,2009,1
2008-07-06,2008-07-06,1,Sunday,6,188,28,July,7,3,2008,2,1,2009,1
2008-07-07,2008-07-07,2,Monday,7,189,28,July,7,3,2008,2,1,2009,1
2008-07-08,2008-07-08,3,Tuesday,8,190,28,July,7,3,2008,2,1,2009,1
2008-07-09,2008-07-09,4,Wednesday,9,191,28,July,7,3,2008,2,1,2009,1
2008-07-10,2008-07-10,5,Thursday,10,192,28,July,7,3,2008,2,1,2009,1
2008-07-11,2008-07-11,6,Friday,11,193,28,July,7,3,2008,2,1,2009,1
2008-07-12,2008-07-12,7,Saturday,12,194,28,July,7,3,2008,2,1,2009,1
2008-07-13,2008-07-13,1,Sunday,13,195,29,July,7,3,2008,2,1,2009,1
2008-07-14,2008-07-14,2,Monday,14,196,29,July,7,3,2008,2,1,2009,1
2008-07-15,2008-07-15,3,Tuesday,15,197,29,July,7,3,2008,2,1,2009,1
2008-07-16,2008-07-16,4,Wednesday,16,198,29,July,7,3,2008,2,1,2009,1
2008-07-17,2008-07-17,5,Thursday,17,199,29,July,7,3,2008,2,1,2009,1
2008-07-18,2008-07-18,6,Friday,18,200,29,July,7,3,2008,2,1,2009,1
2008-07-19,2008-07-19,7,Saturday,19,201,29,July,7,3,2008,2,1,2009,1
2008-07-20,2008-07-20,1,Sunday,20,202,30,July,7,3,2008,2,1,2009,1
2008-07-21,2008-07-21,2,Monday,21,203,30,July,7,3,2008,2,1,2009,1
2008-07-22,2008-07-22,3,Tuesday,22,204,30,July,7,3,2008,2,1,2009,1
2008-07-23,2008-07-23,4,Wednesday,23,205,30,July,7,3,2008,2,1,2009,1
2008-07-24,2008-07-24,5,Thursday,24,206,30,July,7,3,2008,2,1,2009,1
2008-07-25,2008-07-25,6,Friday,25,207,30,July,7,3,2008,2,1,2009,1
2008-07-26,2008-07-26,7,Saturday,26,208,30,July,7,3,2008,2,1,2009,1
2008-07-27,2008-07-27,1,Sunday,27,209,31,July,7,3,2008,2,1,2009,1
2008-07-28,2008-07-28,2,Monday,28,210,31,July,7,3,2008,2,1,2009,1
2008-07-29,2008-07-29,3,Tuesday,29,211,31,July,7,3,2008,2,1,2009,1
2008-07-30,2008-07-30,4,Wednesday,30,212,31,July,7,3,2008,2,1,2009,1
2008-07-31,2008-07-31,5,Thursday,31,213,31,July,7,3,2008,2,1,2009,1
2008-08-01,2008-08-01,6,Friday,1,214,31,August,8,3,2008,2,1,2009,1
2008-08-02,2008-08-02,7,Saturday,2,215,31,August,8,3,2008,2,1,2009,1
2008-08-03,2008-08-03,1,Sunday,3,216,32,August,8,3,2008,2,1,2009,1
2008-08-04,2008-08-04,2,Monday,4,217,32,August,8,3,2008,2,1,2009,1
2008-08-05,2008-08-05,3,Tuesday,5,218,32,August,8,3,2008,2,1,2009,1
2008-08-06,2008-08-06,4,Wednesday,6,219,32,August,8,3,2008,2,1,2009,1
2008-08-07,2008-08-07,5,Thursday,7,220,32,August,8,3,2008,2,1,2009,1
2008-08-08,2008-08-08,6,Friday,8,221,32,August,8,3,2008,2,1,2009,1
2008-08-09,2008-08-09,7,Saturday,9,222,32,August,8,3,2008,2,1,2009,1
2008-08-10,2008-08-10,1,Sunday,10,223,33,August,8,3,2008,2,1,2009,1
2008-08-11,2008-08-11,2,Monday,11,224,33,August,8,3,2008,2,1,2009,1
2008-08-12,2008-08-12,3,Tuesday,12,225,33,August,8,3,2008,2,1,2009,1
2008-08-13,2008-08-13,4,Wednesday,13,226,33,August,8,3,2008,2,1,2009,1
2008-08-14,2008-08-14,5,Thursday,14,227,33,August,8,3,2008,2,1,2009,1
2008-08-15,2008-08-15,6,Friday,15,228,33,August,8,3,2008,2,1,2009,1
2008-08-16,2008-08-16,7,Saturday,16,229,33,August,8,3,2008,2,1,2009,1
2008-08-17,2008-08-17,1,Sunday,17,230,34,August,8,3,2008,2,1,2009,1
2008-08-18,2008-08-18,2,Monday,18,231,34,August,8,3,2008,2,1,2009,1
2008-08-19,2008-08-19,3,Tuesday,19,232,34,August,8,3,2008,2,1,2009,1
2008-08-20,2008-08-20,4,Wednesday,20,233,34,August,8,3,2008,2,1,2009,1
2008-08-21,2008-08-21,5,Thursday,21,234,34,August,8,3,2008,2,1,2009,1
2008-08-22,2008-08-22,6,Friday,22,235,34,August,8,3,2008,2,1,2009,1
2008-08-23,2008-08-23,7,Saturday,23,236,34,August,8,3,2008,2,1,2009,1
2008-08-24,2008-08-24,1,Sunday,24,237,35,August,8,3,2008,2,1,2009,1
2008-08-25,2008-08-25,2,Monday,25,238,35,August,8,3,2008,2,1,2009,1
2008-08-26,2008-08-26,3,Tuesday,26,239,35,August,8,3,2008,2,1,2009,1
2008-08-27,2008-08-27,4,Wednesday,27,240,35,August,8,3,2008,2,1,2009,1
2008-08-28,2008-08-28,5,Thursday,28,241,35,August,8,3,2008,2,1,2009,1
2008-08-29,2008-08-29,6,Friday,29,242,35,August,8,3,2008,2,1,2009,1
2008-08-30,2008-08-30,7,Saturday,30,243,35,August,8,3,2008,2,1,2009,1
2008-08-31,2008-08-31,1,Sunday,31,244,36,August,8,3,2008,2,1,2009,1
2008-09-01,2008-09-01,2,Monday,1,245,36,September,9,3,2008,2,1,2009,1
2008-09-02,2008-09-02,3,Tuesday,2,246,36,September,9,3,2008,2,1,2009,1
2008-09-03,2008-09-03,4,Wednesday,3,247,36,September,9,3,2008,2,1,2009,1
2008-09-04,2008-09-04,5,Thursday,4,248,36,September,9,3,2008,2,1,2009,1
2008-09-05,2008-09-05,6,Friday,5,249,36,September,9,3,2008,2,1,2009,1
2008-09-06,2008-09-06,7,Saturday,6,250,36,September,9,3,2008,2,1,2009,1
2008-09-07,2008-09-07,1,Sunday,7,251,37,September,9,3,2008,2,1,2009,1
2008-09-08,2008-09-08,2,Monday,8,252,37,September,9,3,2008,2,1,2009,1
2008-09-09,2008-09-09,3,Tuesday,9,253,37,September,9,3,2008,2,1,2009,1
2008-09-10,2008-09-10,4,Wednesday,10,254,37,September,9,3,2008,2,1,2009,1
2008-09-11,2008-09-11,5,Thursday,11,255,37,September,9,3,2008,2,1,2009,1
2008-09-12,2008-09-12,6,Friday,12,256,37,September,9,3,2008,2,1,2009,1
2008-09-13,2008-09-13,7,Saturday,13,257,37,September,9,3,2008,2,1,2009,1
2008-09-14,2008-09-14,1,Sunday,14,258,38,September,9,3,2008,2,1,2009,1
2008-09-15,2008-09-15,2,Monday,15,259,38,September,9,3,2008,2,1,2009,1
2008-09-16,2008-09-16,3,Tuesday,16,260,38,September,9,3,2008,2,1,2009,1
2008-09-17,2008-09-17,4,Wednesday,17,261,38,September,9,3,2008,2,1,2009,1
2008-09-18,2008-09-18,5,Thursday,18,262,38,September,9,3,2008,2,1,2009,1
2008-09-19,2008-09-19,6,Friday,19,263,38,September,9,3,2008,2,1,2009,1
2008-09-20,2008-09-20,7,Saturday,20,264,38,September,9,3,2008,2,1,2009,1
2008-09-21,2008-09-21,1,Sunday,21,265,39,September,9,3,2008,2,1,2009,1
2008-09-22,2008-09-22,2,Monday,22,266,39,September,9,3,2008,2,1,2009,1
2008-09-23,2008-09-23,3,Tuesday,23,267,39,September,9,3,2008,2,1,2009,1
2008-09-24,2008-09-24,4,Wednesday,24,268,39,September,9,3,2008,2,1,2009,1
2008-09-25,2008-09-25,5,Thursday,25,269,39,September,9,3,2008,2,1,2009,1
2008-09-26,2008-09-26,6,Friday,26,270,39,September,9,3,2008,2,1,2009,1
2008-09-27,2008-09-27,7,Saturday,27,271,39,September,9,3,2008,2,1,2009,1
2008-09-28,2008-09-28,1,Sunday,28,272,40,September,9,3,2008,2,1,2009,1
2008-09-29,2008-09-29,2,Monday,29,273,40,September,9,3,2008,2,1,2009,1
2008-09-30,2008-09-30,3,Tuesday,30,274,40,September,9,3,2008,2,1,2009,1
2008-10-01,2008-10-01,4,Wednesday,1,275,40,October,10,4,2008,2,2,2009,1
2008-10-02,2008-10-02,5,Thursday,2,276,40,October,10,4,2008,2,2,2009,1
2008-10-03,2008-10-03,6,Friday,3,277,40,October,10,4,2008,2,2,2009,1
2008-10-04,2008-10-04,7,Saturday,4,278,40,October,10,4,2008,2,2,2009,1
2008-10-05,2008-10-05,1,Sunday,5,279,41,October,10,4,2008,2,2,2009,1
2008-10-06,2008-10-06,2,Monday,6,280,41,October,10,4,2008,2,2,2009,1
2008-10-07,2008-10-07,3,Tuesday,7,281,41,October,10,4,2008,2,2,2009,1
2008-10-08,2008-10-08,4,Wednesday,8,282,41,October,10,4,2008,2,2,2009,1
2008-10-09,2008-10-09,5,Thursday,9,283,41,October,10,4,2008,2,2,2009,1
2008-10-10,2008-10-10,6,Friday,10,284,41,October,10,4,2008,2,2,2009,1
2008-10-11,2008-10-11,7,Saturday,11,285,41,October,10,4,2008,2,2,2009,1
2008-10-12,2008-10-12,1,Sunday,12,286,42,October,10,4,2008,2,2,2009,1
2008-10-13,2008-10-13,2,Monday,13,287,42,October,10,4,2008,2,2,2009,1
2008-10-14,2008-10-14,3,Tuesday,14,288,42,October,10,4,2008,2,2,2009,1
2008-10-15,2008-10-15,4,Wednesday,15,289,42,October,10,4,2008,2,2,2009,1
2008-10-16,2008-10-16,5,Thursday,16,290,42,October,10,4,2008,2,2,2009,1
2008-10-17,2008-10-17,6,Friday,17,291,42,October,10,4,2008,2,2,2009,1
2008-10-18,2008-10-18,7,Saturday,18,292,42,October,10,4,2008,2,2,2009,1
2008-10-19,2008-10-19,1,Sunday,19,293,43,October,10,4,2008,2,2,2009,1
2008-10-20,2008-10-20,2,Monday,20,294,43,October,10,4,2008,2,2,2009,1
2008-10-21,2008-10-21,3,Tuesday,21,295,43,October,10,4,2008,2,2,2009,1
2008-10-22,2008-10-22,4,Wednesday,22,296,43,October,10,4,2008,2,2,2009,1
2008-10-23,2008-10-23,5,Thursday,23,297,43,October,10,4,2008,2,2,2009,1
2008-10-24,2008-10-24,6,Friday,24,298,43,October,10,4,2008,2,2,2009,1
2008-10-25,2008-10-25,7,Saturday,25,299,43,October,10,4,2008,2,2,2009,1
2008-10-26,2008-10-26,1,Sunday,26,300,44,October,10,4,2008,2,2,2009,1
2008-10-27,2008-10-27,2,Monday,27,301,44,October,10,4,2008,2,2,2009,1
2008-10-28,2008-10-28,3,Tuesday,28,302,44,October,10,4,2008,2,2,2009,1
2008-10-29,2008-10-29,4,Wednesday,29,303,44,October,10,4,2008,2,2,2009,1
2008-10-30,2008-10-30,5,Thursday,30,304,44,October,10,4,2008,2,2,2009,1
2008-10-31,2008-10-31,6,Friday,31,305,44,October,10,4,2008,2,2,2009,1
2008-11-01,2008-11-01,7,Saturday,1,306,44,November,11,4,2008,2,2,2009,1
2008-11-02,2008-11-02,1,Sunday,2,307,45,November,11,4,2008,2,2,2009,1
2008-11-03,2008-11-03,2,Monday,3,308,45,November,11,4,2008,2,2,2009,1
2008-11-04,2008-11-04,3,Tuesday,4,309,45,November,11,4,2008,2,2,2009,1
2008-11-05,2008-11-05,4,Wednesday,5,310,45,November,11,4,2008,2,2,2009,1
2008-11-06,2008-11-06,5,Thursday,6,311,45,November,11,4,2008,2,2,2009,1
2008-11-07,2008-11-07,6,Friday,7,312,45,November,11,4,2008,2,2,2009,1
2008-11-08,2008-11-08,7,Saturday,8,313,45,November,11,4,2008,2,2,2009,1
2008-11-09,2008-11-09,1,Sunday,9,314,46,November,11,4,2008,2,2,2009,1
2008-11-10,2008-11-10,2,Monday,10,315,46,November,11,4,2008,2,2,2009,1
2008-11-11,2008-11-11,3,Tuesday,11,316,46,November,11,4,2008,2,2,2009,1
2008-11-12,2008-11-12,4,Wednesday,12,317,46,November,11,4,2008,2,2,2009,1
2008-11-13,2008-11-13,5,Thursday,13,318,46,November,11,4,2008,2,2,2009,1
2008-11-14,2008-11-14,6,Friday,14,319,46,November,11,4,2008,2,2,2009,1
2008-11-15,2008-11-15,7,Saturday,15,320,46,November,11,4,2008,2,2,2009,1
2008-11-16,2008-11-16,1,Sunday,16,321,47,November,11,4,2008,2,2,2009,1
2008-11-17,2008-11-17,2,Monday,17,322,47,November,11,4,2008,2,2,2009,1
2008-11-18,2008-11-18,3,Tuesday,18,323,47,November,11,4,2008,2,2,2009,1
2008-11-19,2008-11-19,4,Wednesday,19,324,47,November,11,4,2008,2,2,2009,1
2008-11-20,2008-11-20,5,Thursday,20,325,47,November,11,4,2008,2,2,2009,1
2008-11-21,2008-11-21,6,Friday,21,326,47,November,11,4,2008,2,2,2009,1
2008-11-22,2008-11-22,7,Saturday,22,327,47,November,11,4,2008,2,2,2009,1
2008-11-23,2008-11-23,1,Sunday,23,328,48,November,11,4,2008,2,2,2009,1
2008-11-24,2008-11-24,2,Monday,24,329,48,November,11,4,2008,2,2,2009,1
2008-11-25,2008-11-25,3,Tuesday,25,330,48,November,11,4,2008,2,2,2009,1
2008-11-26,2008-11-26,4,Wednesday,26,331,48,November,11,4,2008,2,2,2009,1
2008-11-27,2008-11-27,5,Thursday,27,332,48,November,11,4,2008,2,2,2009,1
2008-11-28,2008-11-28,6,Friday,28,333,48,November,11,4,2008,2,2,2009,1
2008-11-29,2008-11-29,7,Saturday,29,334,48,November,11,4,2008,2,2,2009,1
2008-11-30,2008-11-30,1,Sunday,30,335,49,November,11,4,2008,2,2,2009,1
2008-12-01,2008-12-01,2,Monday,1,336,49,December,12,4,2008,2,2,2009,1
2008-12-02,2008-12-02,3,Tuesday,2,337,49,December,12,4,2008,2,2,2009,1
2008-12-03,2008-12-03,4,Wednesday,3,338,49,December,12,4,2008,2,2,2009,1
2008-12-04,2008-12-04,5,Thursday,4,339,49,December,12,4,2008,2,2,2009,1
2008-12-05,2008-12-05,6,Friday,5,340,49,December,12,4,2008,2,2,2009,1
2008-12-06,2008-12-06,7,Saturday,6,341,49,December,12,4,2008,2,2,2009,1
2008-12-07,2008-12-07,1,Sunday,7,342,50,December,12,4,2008,2,2,2009,1
2008-12-08,2008-12-08,2,Monday,8,343,50,December,12,4,2008,2,2,2009,1
2008-12-09,2008-12-09,3,Tuesday,9,344,50,December,12,4,2008,2,2,2009,1
2008-12-10,2008-12-10,4,Wednesday,10,345,50,December,12,4,2008,2,2,2009,1
2008-12-11,2008-12-11,5,Thursday,11,346,50,December,12,4,2008,2,2,2009,1
2008-12-12,2008-12-12,6,Friday,12,347,50,December,12,4,2008,2,2,2009,1
2008-12-13,2008-12-13,7,Saturday,13,348,50,December,12,4,2008,2,2,2009,1
2008-12-14,2008-12-14,1,Sunday,14,349,51,December,12,4,2008,2,2,2009,1
2008-12-15,2008-12-15,2,Monday,15,350,51,December,12,4,2008,2,2,2009,1
2008-12-16,2008-12-16,3,Tuesday,16,351,51,December,12,4,2008,2,2,2009,1
2008-12-17,2008-12-17,4,Wednesday,17,352,51,December,12,4,2008,2,2,2009,1
2008-12-18,2008-12-18,5,Thursday,18,353,51,December,12,4,2008,2,2,2009,1
2008-12-19,2008-12-19,6,Friday,19,354,51,December,12,4,2008,2,2,2009,1
2008-12-20,2008-12-20,7,Saturday,20,355,51,December,12,4,2008,2,2,2009,1
2008-12-21,2008-12-21,1,Sunday,21,356,52,December,12,4,2008,2,2,2009,1
2008-12-22,2008-12-22,2,Monday,22,357,52,December,12,4,2008,2,2,2009,1
2008-12-23,2008-12-23,3,Tuesday,23,358,52,December,12,4,2008,2,2,2009,1
2008-12-24,2008-12-24,4,Wednesday,24,359,52,December,12,4,2008,2,2,2009,1
2008-12-25,2008-12-25,5,Thursday,25,360,52,December,12,4,2008,2,2,2009,1
2008-12-26,2008-12-26,6,Friday,26,361,52,December,12,4,2008,2,2,2009,1
2008-12-27,2008-12-27,7,Saturday,27,362,52,December,12,4,2008,2,2,2009,1
2008-12-28,2008-12-28,1,Sunday,28,363,53,December,12,4,2008,2,2,2009,1
2008-12-29,2008-12-29,2,Monday,29,364,53,December,12,4,2008,2,2,2009,1
2008-12-30,2008-12-30,3,Tuesday,30,365,53,December,12,4,2008,2,2,2009,1
2008-12-31,2008-12-31,4,Wednesday,31,366,53,December,12,4,2008,2,2,2009,1
2009-01-01,2009-01-01,5,Thursday,1,1,1,January,1,1,2009,1,3,2009,2
2009-01-02,2009-01-02,6,Friday,2,2,1,January,1,1,2009,1,3,2009,2
2009-01-03,2009-01-03,7,Saturday,3,3,1,January,1,1,2009,1,3,2009,2
2009-01-04,2009-01-04,1,Sunday,4,4,2,January,1,1,2009,1,3,2009,2
2009-01-05,2009-01-05,2,Monday,5,5,2,January,1,1,2009,1,3,2009,2
2009-01-06,2009-01-06,3,Tuesday,6,6,2,January,1,1,2009,1,3,2009,2
2009-01-07,2009-01-07,4,Wednesday,7,7,2,January,1,1,2009,1,3,2009,2
2009-01-08,2009-01-08,5,Thursday,8,8,2,January,1,1,2009,1,3,2009,2
2009-01-09,2009-01-09,6,Friday,9,9,2,January,1,1,2009,1,3,2009,2
2009-01-10,2009-01-10,7,Saturday,10,10,2,January,1,1,2009,1,3,2009,2
2009-01-11,2009-01-11,1,Sunday,11,11,3,January,1,1,2009,1,3,2009,2
2009-01-12,2009-01-12,2,Monday,12,12,3,January,1,1,2009,1,3,2009,2
2009-01-13,2009-01-13,3,Tuesday,13,13,3,January,1,1,2009,1,3,2009,2
2009-01-14,2009-01-14,4,Wednesday,14,14,3,January,1,1,2009,1,3,2009,2
2009-01-15,2009-01-15,5,Thursday,15,15,3,January,1,1,2009,1,3,2009,2
2009-01-16,2009-01-16,6,Friday,16,16,3,January,1,1,2009,1,3,2009,2
2009-01-17,2009-01-17,7,Saturday,17,17,3,January,1,1,2009,1,3,2009,2
2009-01-18,2009-01-18,1,Sunday,18,18,4,January,1,1,2009,1,3,2009,2
2009-01-19,2009-01-19,2,Monday,19,19,4,January,1,1,2009,1,3,2009,2
2009-01-20,2009-01-20,3,Tuesday,20,20,4,January,1,1,2009,1,3,2009,2
2009-01-21,2009-01-21,4,Wednesday,21,21,4,January,1,1,2009,1,3,2009,2
2009-01-22,2009-01-22,5,Thursday,22,22,4,January,1,1,2009,1,3,2009,2
2009-01-23,2009-01-23,6,Friday,23,23,4,January,1,1,2009,1,3,2009,2
2009-01-24,2009-01-24,7,Saturday,24,24,4,January,1,1,2009,1,3,2009,2
2009-01-25,2009-01-25,1,Sunday,25,25,5,January,1,1,2009,1,3,2009,2
2009-01-26,2009-01-26,2,Monday,26,26,5,January,1,1,2009,1,3,2009,2
2009-01-27,2009-01-27,3,Tuesday,27,27,5,January,1,1,2009,1,3,2009,2
2009-01-28,2009-01-28,4,Wednesday,28,28,5,January,1,1,2009,1,3,2009,2
2009-01-29,2009-01-29,5,Thursday,29,29,5,January,1,1,2009,1,3,2009,2
2009-01-30,2009-01-30,6,Friday,30,30,5,January,1,1,2009,1,3,2009,2
2009-01-31,2009-01-31,7,Saturday,31,31,5,January,1,1,2009,1,3,2009,2
2009-02-01,2009-02-01,1,Sunday,1,32,6,February,2,1,2009,1,3,2009,2
2009-02-02,2009-02-02,2,Monday,2,33,6,February,2,1,2009,1,3,2009,2
2009-02-03,2009-02-03,3,Tuesday,3,34,6,February,2,1,2009,1,3,2009,2
2009-02-04,2009-02-04,4,Wednesday,4,35,6,February,2,1,2009,1,3,2009,2
2009-02-05,2009-02-05,5,Thursday,5,36,6,February,2,1,2009,1,3,2009,2
2009-02-06,2009-02-06,6,Friday,6,37,6,February,2,1,2009,1,3,2009,2
2009-02-07,2009-02-07,7,Saturday,7,38,6,February,2,1,2009,1,3,2009,2
2009-02-08,2009-02-08,1,Sunday,8,39,7,February,2,1,2009,1,3,2009,2
2009-02-09,2009-02-09,2,Monday,9,40,7,February,2,1,2009,1,3,2009,2
2009-02-10,2009-02-10,3,Tuesday,10,41,7,February,2,1,2009,1,3,2009,2
2009-02-11,2009-02-11,4,Wednesday,11,42,7,February,2,1,2009,1,3,2009,2
2009-02-12,2009-02-12,5,Thursday,12,43,7,February,2,1,2009,1,3,2009,2
2009-02-13,2009-02-13,6,Friday,13,44,7,February,2,1,2009,1,3,2009,2
2009-02-14,2009-02-14,7,Saturday,14,45,7,February,2,1,2009,1,3,2009,2
2009-02-15,2009-02-15,1,Sunday,15,46,8,February,2,1,2009,1,3,2009,2
2009-02-16,2009-02-16,2,Monday,16,47,8,February,2,1,2009,1,3,2009,2
2009-02-17,2009-02-17,3,Tuesday,17,48,8,February,2,1,2009,1,3,2009,2
2009-02-18,2009-02-18,4,Wednesday,18,49,8,February,2,1,2009,1,3,2009,2
2009-02-19,2009-02-19,5,Thursday,19,50,8,February,2,1,2009,1,3,2009,2
2009-02-20,2009-02-20,6,Friday,20,51,8,February,2,1,2009,1,3,2009,2
2009-02-21,2009-02-21,7,Saturday,21,52,8,February,2,1,2009,1,3,2009,2
2009-02-22,2009-02-22,1,Sunday,22,53,9,February,2,1,2009,1,3,2009,2
2009-02-23,2009-02-23,2,Monday,23,54,9,February,2,1,2009,1,3,2009,2
2009-02-24,2009-02-24,3,Tuesday,24,55,9,February,2,1,2009,1,3,2009,2
2009-02-25,2009-02-25,4,Wednesday,25,56,9,February,2,1,2009,1,3,2009,2
2009-02-26,2009-02-26,5,Thursday,26,57,9,February,2,1,2009,1,3,2009,2
2009-02-27,2009-02-27,6,Friday,27,58,9,February,2,1,2009,1,3,2009,2
2009-02-28,2009-02-28,7,Saturday,28,59,9,February,2,1,2009,1,3,2009,2
2009-03-01,2009-03-01,1,Sunday,1,60,10,March,3,1,2009,1,3,2009,2
2009-03-02,2009-03-02,2,Monday,2,61,10,March,3,1,2009,1,3,2009,2
2009-03-03,2009-03-03,3,Tuesday,3,62,10,March,3,1,2009,1,3,2009,2
2009-03-04,2009-03-04,4,Wednesday,4,63,10,March,3,1,2009,1,3,2009,2
2009-03-05,2009-03-05,5,Thursday,5,64,10,March,3,1,2009,1,3,2009,2
2009-03-06,2009-03-06,6,Friday,6,65,10,March,3,1,2009,1,3,2009,2
2009-03-07,2009-03-07,7,Saturday,7,66,10,March,3,1,2009,1,3,2009,2
2009-03-08,2009-03-08,1,Sunday,8,67,11,March,3,1,2009,1,3,2009,2
2009-03-09,2009-03-09,2,Monday,9,68,11,March,3,1,2009,1,3,2009,2
2009-03-10,2009-03-10,3,Tuesday,10,69,11,March,3,1,2009,1,3,2009,2
2009-03-11,2009-03-11,4,Wednesday,11,70,11,March,3,1,2009,1,3,2009,2
2009-03-12,2009-03-12,5,Thursday,12,71,11,March,3,1,2009,1,3,2009,2
2009-03-13,2009-03-13,6,Friday,13,72,11,March,3,1,2009,1,3,2009,2
2009-03-14,2009-03-14,7,Saturday,14,73,11,March,3,1,2009,1,3,2009,2
2009-03-15,2009-03-15,1,Sunday,15,74,12,March,3,1,2009,1,3,2009,2
2009-03-16,2009-03-16,2,Monday,16,75,12,March,3,1,2009,1,3,2009,2
2009-03-17,2009-03-17,3,Tuesday,17,76,12,March,3,1,2009,1,3,2009,2
2009-03-18,2009-03-18,4,Wednesday,18,77,12,March,3,1,2009,1,3,2009,2
2009-03-19,2009-03-19,5,Thursday,19,78,12,March,3,1,2009,1,3,2009,2
2009-03-20,2009-03-20,6,Friday,20,79,12,March,3,1,2009,1,3,2009,2
2009-03-21,2009-03-21,7,Saturday,21,80,12,March,3,1,2009,1,3,2009,2
2009-03-22,2009-03-22,1,Sunday,22,81,13,March,3,1,2009,1,3,2009,2
2009-03-23,2009-03-23,2,Monday,23,82,13,March,3,1,2009,1,3,2009,2
2009-03-24,2009-03-24,3,Tuesday,24,83,13,March,3,1,2009,1,3,2009,2
2009-03-25,2009-03-25,4,Wednesday,25,84,13,March,3,1,2009,1,3,2009,2
2009-03-26,2009-03-26,5,Thursday,26,85,13,March,3,1,2009,1,3,2009,2
2009-03-27,2009-03-27,6,Friday,27,86,13,March,3,1,2009,1,3,2009,2
2009-03-28,2009-03-28,7,Saturday,28,87,13,March,3,1,2009,1,3,2009,2
2009-03-29,2009-03-29,1,Sunday,29,88,14,March,3,1,2009,1,3,2009,2
2009-03-30,2009-03-30,2,Monday,30,89,14,March,3,1,2009,1,3,2009,2
2009-03-31,2009-03-31,3,Tuesday,31,90,14,March,3,1,2009,1,3,2009,2
2009-04-01,2009-04-01,4,Wednesday,1,91,14,April,4,2,2009,1,4,2009,2
2009-04-02,2009-04-02,5,Thursday,2,92,14,April,4,2,2009,1,4,2009,2
2009-04-03,2009-04-03,6,Friday,3,93,14,April,4,2,2009,1,4,2009,2
2009-04-04,2009-04-04,7,Saturday,4,94,14,April,4,2,2009,1,4,2009,2
2009-04-05,2009-04-05,1,Sunday,5,95,15,April,4,2,2009,1,4,2009,2
2009-04-06,2009-04-06,2,Monday,6,96,15,April,4,2,2009,1,4,2009,2
2009-04-07,2009-04-07,3,Tuesday,7,97,15,April,4,2,2009,1,4,2009,2
2009-04-08,2009-04-08,4,Wednesday,8,98,15,April,4,2,2009,1,4,2009,2
2009-04-09,2009-04-09,5,Thursday,9,99,15,April,4,2,2009,1,4,2009,2
2009-04-10,2009-04-10,6,Friday,10,100,15,April,4,2,2009,1,4,2009,2
2009-04-11,2009-04-11,7,Saturday,11,101,15,April,4,2,2009,1,4,2009,2
2009-04-12,2009-04-12,1,Sunday,12,102,16,April,4,2,2009,1,4,2009,2
2009-04-13,2009-04-13,2,Monday,13,103,16,April,4,2,2009,1,4,2009,2
2009-04-14,2009-04-14,3,Tuesday,14,104,16,April,4,2,2009,1,4,2009,2
2009-04-15,2009-04-15,4,Wednesday,15,105,16,April,4,2,2009,1,4,2009,2
2009-04-16,2009-04-16,5,Thursday,16,106,16,April,4,2,2009,1,4,2009,2
2009-04-17,2009-04-17,6,Friday,17,107,16,April,4,2,2009,1,4,2009,2
2009-04-18,2009-04-18,7,Saturday,18,108,16,April,4,2,2009,1,4,2009,2
2009-04-19,2009-04-19,1,Sunday,19,109,17,April,4,2,2009,1,4,2009,2
2009-04-20,2009-04-20,2,Monday,20,110,17,April,4,2,2009,1,4,2009,2
2009-04-21,2009-04-21,3,Tuesday,21,111,17,April,4,2,2009,1,4,2009,2
2009-04-22,2009-04-22,4,Wednesday,22,112,17,April,4,2,2009,1,4,2009,2
2009-04-23,2009-04-23,5,Thursday,23,113,17,April,4,2,2009,1,4,2009,2
2009-04-24,2009-04-24,6,Friday,24,114,17,April,4,2,2009,1,4,2009,2
2009-04-25,2009-04-25,7,Saturday,25,115,17,April,4,2,2009,1,4,2009,2
2009-04-26,2009-04-26,1,Sunday,26,116,18,April,4,2,2009,1,4,2009,2
2009-04-27,2009-04-27,2,Monday,27,117,18,April,4,2,2009,1,4,2009,2
2009-04-28,2009-04-28,3,Tuesday,28,118,18,April,4,2,2009,1,4,2009,2
2009-04-29,2009-04-29,4,Wednesday,29,119,18,April,4,2,2009,1,4,2009,2
2009-04-30,2009-04-30,5,Thursday,30,120,18,April,4,2,2009,1,4,2009,2
2009-05-01,2009-05-01,6,Friday,1,121,18,May,5,2,2009,1,4,2009,2
2009-05-02,2009-05-02,7,Saturday,2,122,18,May,5,2,2009,1,4,2009,2
2009-05-03,2009-05-03,1,Sunday,3,123,19,May,5,2,2009,1,4,2009,2
2009-05-04,2009-05-04,2,Monday,4,124,19,May,5,2,2009,1,4,2009,2
2009-05-05,2009-05-05,3,Tuesday,5,125,19,May,5,2,2009,1,4,2009,2
2009-05-06,2009-05-06,4,Wednesday,6,126,19,May,5,2,2009,1,4,2009,2
2009-05-07,2009-05-07,5,Thursday,7,127,19,May,5,2,2009,1,4,2009,2
2009-05-08,2009-05-08,6,Friday,8,128,19,May,5,2,2009,1,4,2009,2
2009-05-09,2009-05-09,7,Saturday,9,129,19,May,5,2,2009,1,4,2009,2
2009-05-10,2009-05-10,1,Sunday,10,130,20,May,5,2,2009,1,4,2009,2
2009-05-11,2009-05-11,2,Monday,11,131,20,May,5,2,2009,1,4,2009,2
2009-05-12,2009-05-12,3,Tuesday,12,132,20,May,5,2,2009,1,4,2009,2
2009-05-13,2009-05-13,4,Wednesday,13,133,20,May,5,2,2009,1,4,2009,2
2009-05-14,2009-05-14,5,Thursday,14,134,20,May,5,2,2009,1,4,2009,2
2009-05-15,2009-05-15,6,Friday,15,135,20,May,5,2,2009,1,4,2009,2
2009-05-16,2009-05-16,7,Saturday,16,136,20,May,5,2,2009,1,4,2009,2
2009-05-17,2009-05-17,1,Sunday,17,137,21,May,5,2,2009,1,4,2009,2
2009-05-18,2009-05-18,2,Monday,18,138,21,May,5,2,2009,1,4,2009,2
2009-05-19,2009-05-19,3,Tuesday,19,139,21,May,5,2,2009,1,4,2009,2
2009-05-20,2009-05-20,4,Wednesday,20,140,21,May,5,2,2009,1,4,2009,2
2009-05-21,2009-05-21,5,Thursday,21,141,21,May,5,2,2009,1,4,2009,2
2009-05-22,2009-05-22,6,Friday,22,142,21,May,5,2,2009,1,4,2009,2
2009-05-23,2009-05-23,7,Saturday,23,143,21,May,5,2,2009,1,4,2009,2
2009-05-24,2009-05-24,1,Sunday,24,144,22,May,5,2,2009,1,4,2009,2
2009-05-25,2009-05-25,2,Monday,25,145,22,May,5,2,2009,1,4,2009,2
2009-05-26,2009-05-26,3,Tuesday,26,146,22,May,5,2,2009,1,4,2009,2
2009-05-27,2009-05-27,4,Wednesday,27,147,22,May,5,2,2009,1,4,2009,2
2009-05-28,2009-05-28,5,Thursday,28,148,22,May,5,2,2009,1,4,2009,2
2009-05-29,2009-05-29,6,Friday,29,149,22,May,5,2,2009,1,4,2009,2
2009-05-30,2009-05-30,7,Saturday,30,150,22,May,5,2,2009,1,4,2009,2
2009-05-31,2009-05-31,1,Sunday,31,151,23,May,5,2,2009,1,4,2009,2
2009-06-01,2009-06-01,2,Monday,1,152,23,June,6,2,2009,1,4,2009,2
2009-06-02,2009-06-02,3,Tuesday,2,153,23,June,6,2,2009,1,4,2009,2
2009-06-03,2009-06-03,4,Wednesday,3,154,23,June,6,2,2009,1,4,2009,2
2009-06-04,2009-06-04,5,Thursday,4,155,23,June,6,2,2009,1,4,2009,2
2009-06-05,2009-06-05,6,Friday,5,156,23,June,6,2,2009,1,4,2009,2
2009-06-06,2009-06-06,7,Saturday,6,157,23,June,6,2,2009,1,4,2009,2
2009-06-07,2009-06-07,1,Sunday,7,158,24,June,6,2,2009,1,4,2009,2
2009-06-08,2009-06-08,2,Monday,8,159,24,June,6,2,2009,1,4,2009,2
2009-06-09,2009-06-09,3,Tuesday,9,160,24,June,6,2,2009,1,4,2009,2
2009-06-10,2009-06-10,4,Wednesday,10,161,24,June,6,2,2009,1,4,2009,2
2009-06-11,2009-06-11,5,Thursday,11,162,24,June,6,2,2009,1,4,2009,2
2009-06-12,2009-06-12,6,Friday,12,163,24,June,6,2,2009,1,4,2009,2
2009-06-13,2009-06-13,7,Saturday,13,164,24,June,6,2,2009,1,4,2009,2
2009-06-14,2009-06-14,1,Sunday,14,165,25,June,6,2,2009,1,4,2009,2
2009-06-15,2009-06-15,2,Monday,15,166,25,June,6,2,2009,1,4,2009,2
2009-06-16,2009-06-16,3,Tuesday,16,167,25,June,6,2,2009,1,4,2009,2
2009-06-17,2009-06-17,4,Wednesday,17,168,25,June,6,2,2009,1,4,2009,2
2009-06-18,2009-06-18,5,Thursday,18,169,25,June,6,2,2009,1,4,2009,2
2009-06-19,2009-06-19,6,Friday,19,170,25,June,6,2,2009,1,4,2009,2
2009-06-20,2009-06-20,7,Saturday,20,171,25,June,6,2,2009,1,4,2009,2
2009-06-21,2009-06-21,1,Sunday,21,172,26,June,6,2,2009,1,4,2009,2
2009-06-22,2009-06-22,2,Monday,22,173,26,June,6,2,2009,1,4,2009,2
2009-06-23,2009-06-23,3,Tuesday,23,174,26,June,6,2,2009,1,4,2009,2
2009-06-24,2009-06-24,4,Wednesday,24,175,26,June,6,2,2009,1,4,2009,2
2009-06-25,2009-06-25,5,Thursday,25,176,26,June,6,2,2009,1,4,2009,2
2009-06-26,2009-06-26,6,Friday,26,177,26,June,6,2,2009,1,4,2009,2
2009-06-27,2009-06-27,7,Saturday,27,178,26,June,6,2,2009,1,4,2009,2
2009-06-28,2009-06-28,1,Sunday,28,179,27,June,6,2,2009,1,4,2009,2
2009-06-29,2009-06-29,2,Monday,29,180,27,June,6,2,2009,1,4,2009,2
2009-06-30,2009-06-30,3,Tuesday,30,181,27,June,6,2,2009,1,4,2009,2
2009-07-01,2009-07-01,4,Wednesday,1,182,27,July,7,3,2009,2,1,2010,1
2009-07-02,2009-07-02,5,Thursday,2,183,27,July,7,3,2009,2,1,2010,1
2009-07-03,2009-07-03,6,Friday,3,184,27,July,7,3,2009,2,1,2010,1
2009-07-04,2009-07-04,7,Saturday,4,185,27,July,7,3,2009,2,1,2010,1
2009-07-05,2009-07-05,1,Sunday,5,186,28,July,7,3,2009,2,1,2010,1
2009-07-06,2009-07-06,2,Monday,6,187,28,July,7,3,2009,2,1,2010,1
2009-07-07,2009-07-07,3,Tuesday,7,188,28,July,7,3,2009,2,1,2010,1
2009-07-08,2009-07-08,4,Wednesday,8,189,28,July,7,3,2009,2,1,2010,1
2009-07-09,2009-07-09,5,Thursday,9,190,28,July,7,3,2009,2,1,2010,1
2009-07-10,2009-07-10,6,Friday,10,191,28,July,7,3,2009,2,1,2010,1
2009-07-11,2009-07-11,7,Saturday,11,192,28,July,7,3,2009,2,1,2010,1
2009-07-12,2009-07-12,1,Sunday,12,193,29,July,7,3,2009,2,1,2010,1
2009-07-13,2009-07-13,2,Monday,13,194,29,July,7,3,2009,2,1,2010,1
2009-07-14,2009-07-14,3,Tuesday,14,195,29,July,7,3,2009,2,1,2010,1
2009-07-15,2009-07-15,4,Wednesday,15,196,29,July,7,3,2009,2,1,2010,1
2009-07-16,2009-07-16,5,Thursday,16,197,29,July,7,3,2009,2,1,2010,1
2009-07-17,2009-07-17,6,Friday,17,198,29,July,7,3,2009,2,1,2010,1
2009-07-18,2009-07-18,7,Saturday,18,199,29,July,7,3,2009,2,1,2010,1
2009-07-19,2009-07-19,1,Sunday,19,200,30,July,7,3,2009,2,1,2010,1
2009-07-20,2009-07-20,2,Monday,20,201,30,July,7,3,2009,2,1,2010,1
2009-07-21,2009-07-21,3,Tuesday,21,202,30,July,7,3,2009,2,1,2010,1
2009-07-22,2009-07-22,4,Wednesday,22,203,30,July,7,3,2009,2,1,2010,1
2009-07-23,2009-07-23,5,Thursday,23,204,30,July,7,3,2009,2,1,2010,1
2009-07-24,2009-07-24,6,Friday,24,205,30,July,7,3,2009,2,1,2010,1
2009-07-25,2009-07-25,7,Saturday,25,206,30,July,7,3,2009,2,1,2010,1
2009-07-26,2009-07-26,1,Sunday,26,207,31,July,7,3,2009,2,1,2010,1
2009-07-27,2009-07-27,2,Monday,27,208,31,July,7,3,2009,2,1,2010,1
2009-07-28,2009-07-28,3,Tuesday,28,209,31,July,7,3,2009,2,1,2010,1
2009-07-29,2009-07-29,4,Wednesday,29,210,31,July,7,3,2009,2,1,2010,1
2009-07-30,2009-07-30,5,Thursday,30,211,31,July,7,3,2009,2,1,2010,1
2009-07-31,2009-07-31,6,Friday,31,212,31,July,7,3,2009,2,1,2010,1
2009-08-01,2009-08-01,7,Saturday,1,213,31,August,8,3,2009,2,1,2010,1
2009-08-02,2009-08-02,1,Sunday,2,214,32,August,8,3,2009,2,1,2010,1
2009-08-03,2009-08-03,2,Monday,3,215,32,August,8,3,2009,2,1,2010,1
2009-08-04,2009-08-04,3,Tuesday,4,216,32,August,8,3,2009,2,1,2010,1
2009-08-05,2009-08-05,4,Wednesday,5,217,32,August,8,3,2009,2,1,2010,1
2009-08-06,2009-08-06,5,Thursday,6,218,32,August,8,3,2009,2,1,2010,1
2009-08-07,2009-08-07,6,Friday,7,219,32,August,8,3,2009,2,1,2010,1
2009-08-08,2009-08-08,7,Saturday,8,220,32,August,8,3,2009,2,1,2010,1
2009-08-09,2009-08-09,1,Sunday,9,221,33,August,8,3,2009,2,1,2010,1
2009-08-10,2009-08-10,2,Monday,10,222,33,August,8,3,2009,2,1,2010,1
2009-08-11,2009-08-11,3,Tuesday,11,223,33,August,8,3,2009,2,1,2010,1
2009-08-12,2009-08-12,4,Wednesday,12,224,33,August,8,3,2009,2,1,2010,1
2009-08-13,2009-08-13,5,Thursday,13,225,33,August,8,3,2009,2,1,2010,1
2009-08-14,2009-08-14,6,Friday,14,226,33,August,8,3,2009,2,1,2010,1
2009-08-15,2009-08-15,7,Saturday,15,227,33,August,8,3,2009,2,1,2010,1
2009-08-16,2009-08-16,1,Sunday,16,228,34,August,8,3,2009,2,1,2010,1
2009-08-17,2009-08-17,2,Monday,17,229,34,August,8,3,2009,2,1,2010,1
2009-08-18,2009-08-18,3,Tuesday,18,230,34,August,8,3,2009,2,1,2010,1
2009-08-19,2009-08-19,4,Wednesday,19,231,34,August,8,3,2009,2,1,2010,1
2009-08-20,2009-08-20,5,Thursday,20,232,34,August,8,3,2009,2,1,2010,1
2009-08-21,2009-08-21,6,Friday,21,233,34,August,8,3,2009,2,1,2010,1
2009-08-22,2009-08-22,7,Saturday,22,234,34,August,8,3,2009,2,1,2010,1
2009-08-23,2009-08-23,1,Sunday,23,235,35,August,8,3,2009,2,1,2010,1
2009-08-24,2009-08-24,2,Monday,24,236,35,August,8,3,2009,2,1,2010,1
2009-08-25,2009-08-25,3,Tuesday,25,237,35,August,8,3,2009,2,1,2010,1
2009-08-26,2009-08-26,4,Wednesday,26,238,35,August,8,3,2009,2,1,2010,1
2009-08-27,2009-08-27,5,Thursday,27,239,35,August,8,3,2009,2,1,2010,1
2009-08-28,2009-08-28,6,Friday,28,240,35,August,8,3,2009,2,1,2010,1
2009-08-29,2009-08-29,7,Saturday,29,241,35,August,8,3,2009,2,1,2010,1
2009-08-30,2009-08-30,1,Sunday,30,242,36,August,8,3,2009,2,1,2010,1
2009-08-31,2009-08-31,2,Monday,31,243,36,August,8,3,2009,2,1,2010,1
2009-09-01,2009-09-01,3,Tuesday,1,244,36,September,9,3,2009,2,1,2010,1
2009-09-02,2009-09-02,4,Wednesday,2,245,36,September,9,3,2009,2,1,2010,1
2009-09-03,2009-09-03,5,Thursday,3,246,36,September,9,3,2009,2,1,2010,1
2009-09-04,2009-09-04,6,Friday,4,247,36,September,9,3,2009,2,1,2010,1
2009-09-05,2009-09-05,7,Saturday,5,248,36,September,9,3,2009,2,1,2010,1
2009-09-06,2009-09-06,1,Sunday,6,249,37,September,9,3,2009,2,1,2010,1
2009-09-07,2009-09-07,2,Monday,7,250,37,September,9,3,2009,2,1,2010,1
2009-09-08,2009-09-08,3,Tuesday,8,251,37,September,9,3,2009,2,1,2010,1
2009-09-09,2009-09-09,4,Wednesday,9,252,37,September,9,3,2009,2,1,2010,1
2009-09-10,2009-09-10,5,Thursday,10,253,37,September,9,3,2009,2,1,2010,1
2009-09-11,2009-09-11,6,Friday,11,254,37,September,9,3,2009,2,1,2010,1
2009-09-12,2009-09-12,7,Saturday,12,255,37,September,9,3,2009,2,1,2010,1
2009-09-13,2009-09-13,1,Sunday,13,256,38,September,9,3,2009,2,1,2010,1
2009-09-14,2009-09-14,2,Monday,14,257,38,September,9,3,2009,2,1,2010,1
2009-09-15,2009-09-15,3,Tuesday,15,258,38,September,9,3,2009,2,1,2010,1
2009-09-16,2009-09-16,4,Wednesday,16,259,38,September,9,3,2009,2,1,2010,1
2009-09-17,2009-09-17,5,Thursday,17,260,38,September,9,3,2009,2,1,2010,1
2009-09-18,2009-09-18,6,Friday,18,261,38,September,9,3,2009,2,1,2010,1
2009-09-19,2009-09-19,7,Saturday,19,262,38,September,9,3,2009,2,1,2010,1
2009-09-20,2009-09-20,1,Sunday,20,263,39,September,9,3,2009,2,1,2010,1
2009-09-21,2009-09-21,2,Monday,21,264,39,September,9,3,2009,2,1,2010,1
2009-09-22,2009-09-22,3,Tuesday,22,265,39,September,9,3,2009,2,1,2010,1
2009-09-23,2009-09-23,4,Wednesday,23,266,39,September,9,3,2009,2,1,2010,1
2009-09-24,2009-09-24,5,Thursday,24,267,39,September,9,3,2009,2,1,2010,1
2009-09-25,2009-09-25,6,Friday,25,268,39,September,9,3,2009,2,1,2010,1
2009-09-26,2009-09-26,7,Saturday,26,269,39,September,9,3,2009,2,1,2010,1
2009-09-27,2009-09-27,1,Sunday,27,270,40,September,9,3,2009,2,1,2010,1
2009-09-28,2009-09-28,2,Monday,28,271,40,September,9,3,2009,2,1,2010,1
2009-09-29,2009-09-29,3,Tuesday,29,272,40,September,9,3,2009,2,1,2010,1
2009-09-30,2009-09-30,4,Wednesday,30,273,40,September,9,3,2009,2,1,2010,1
2009-10-01,2009-10-01,5,Thursday,1,274,40,October,10,4,2009,2,2,2010,1
2009-10-02,2009-10-02,6,Friday,2,275,40,October,10,4,2009,2,2,2010,1
2009-10-03,2009-10-03,7,Saturday,3,276,40,October,10,4,2009,2,2,2010,1
2009-10-04,2009-10-04,1,Sunday,4,277,41,October,10,4,2009,2,2,2010,1
2009-10-05,2009-10-05,2,Monday,5,278,41,October,10,4,2009,2,2,2010,1
2009-10-06,2009-10-06,3,Tuesday,6,279,41,October,10,4,2009,2,2,2010,1
2009-10-07,2009-10-07,4,Wednesday,7,280,41,October,10,4,2009,2,2,2010,1
2009-10-08,2009-10-08,5,Thursday,8,281,41,October,10,4,2009,2,2,2010,1
2009-10-09,2009-10-09,6,Friday,9,282,41,October,10,4,2009,2,2,2010,1
2009-10-10,2009-10-10,7,Saturday,10,283,41,October,10,4,2009,2,2,2010,1
2009-10-11,2009-10-11,1,Sunday,11,284,42,October,10,4,2009,2,2,2010,1
2009-10-12,2009-10-12,2,Monday,12,285,42,October,10,4,2009,2,2,2010,1
2009-10-13,2009-10-13,3,Tuesday,13,286,42,October,10,4,2009,2,2,2010,1
2009-10-14,2009-10-14,4,Wednesday,14,287,42,October,10,4,2009,2,2,2010,1
2009-10-15,2009-10-15,5,Thursday,15,288,42,October,10,4,2009,2,2,2010,1
2009-10-16,2009-10-16,6,Friday,16,289,42,October,10,4,2009,2,2,2010,1
2009-10-17,2009-10-17,7,Saturday,17,290,42,October,10,4,2009,2,2,2010,1
2009-10-18,2009-10-18,1,Sunday,18,291,43,October,10,4,2009,2,2,2010,1
2009-10-19,2009-10-19,2,Monday,19,292,43,October,10,4,2009,2,2,2010,1
2009-10-20,2009-10-20,3,Tuesday,20,293,43,October,10,4,2009,2,2,2010,1
2009-10-21,2009-10-21,4,Wednesday,21,294,43,October,10,4,2009,2,2,2010,1
2009-10-22,2009-10-22,5,Thursday,22,295,43,October,10,4,2009,2,2,2010,1
2009-10-23,2009-10-23,6,Friday,23,296,43,October,10,4,2009,2,2,2010,1
2009-10-24,2009-10-24,7,Saturday,24,297,43,October,10,4,2009,2,2,2010,1
2009-10-25,2009-10-25,1,Sunday,25,298,44,October,10,4,2009,2,2,2010,1
2009-10-26,2009-10-26,2,Monday,26,299,44,October,10,4,2009,2,2,2010,1
2009-10-27,2009-10-27,3,Tuesday,27,300,44,October,10,4,2009,2,2,2010,1
2009-10-28,2009-10-28,4,Wednesday,28,301,44,October,10,4,2009,2,2,2010,1
2009-10-29,2009-10-29,5,Thursday,29,302,44,October,10,4,2009,2,2,2010,1
2009-10-30,2009-10-30,6,Friday,30,303,44,October,10,4,2009,2,2,2010,1
2009-10-31,2009-10-31,7,Saturday,31,304,44,October,10,4,2009,2,2,2010,1
2009-11-01,2009-11-01,1,Sunday,1,305,45,November,11,4,2009,2,2,2010,1
2009-11-02,2009-11-02,2,Monday,2,306,45,November,11,4,2009,2,2,2010,1
2009-11-03,2009-11-03,3,Tuesday,3,307,45,November,11,4,2009,2,2,2010,1
2009-11-04,2009-11-04,4,Wednesday,4,308,45,November,11,4,2009,2,2,2010,1
2009-11-05,2009-11-05,5,Thursday,5,309,45,November,11,4,2009,2,2,2010,1
2009-11-06,2009-11-06,6,Friday,6,310,45,November,11,4,2009,2,2,2010,1
2009-11-07,2009-11-07,7,Saturday,7,311,45,November,11,4,2009,2,2,2010,1
2009-11-08,2009-11-08,1,Sunday,8,312,46,November,11,4,2009,2,2,2010,1
2009-11-09,2009-11-09,2,Monday,9,313,46,November,11,4,2009,2,2,2010,1
2009-11-10,2009-11-10,3,Tuesday,10,314,46,November,11,4,2009,2,2,2010,1
2009-11-11,2009-11-11,4,Wednesday,11,315,46,November,11,4,2009,2,2,2010,1
2009-11-12,2009-11-12,5,Thursday,12,316,46,November,11,4,2009,2,2,2010,1
2009-11-13,2009-11-13,6,Friday,13,317,46,November,11,4,2009,2,2,2010,1
2009-11-14,2009-11-14,7,Saturday,14,318,46,November,11,4,2009,2,2,2010,1
2009-11-15,2009-11-15,1,Sunday,15,319,47,November,11,4,2009,2,2,2010,1
2009-11-16,2009-11-16,2,Monday,16,320,47,November,11,4,2009,2,2,2010,1
2009-11-17,2009-11-17,3,Tuesday,17,321,47,November,11,4,2009,2,2,2010,1
2009-11-18,2009-11-18,4,Wednesday,18,322,47,November,11,4,2009,2,2,2010,1
2009-11-19,2009-11-19,5,Thursday,19,323,47,November,11,4,2009,2,2,2010,1
2009-11-20,2009-11-20,6,Friday,20,324,47,November,11,4,2009,2,2,2010,1
2009-11-21,2009-11-21,7,Saturday,21,325,47,November,11,4,2009,2,2,2010,1
2009-11-22,2009-11-22,1,Sunday,22,326,48,November,11,4,2009,2,2,2010,1
2009-11-23,2009-11-23,2,Monday,23,327,48,November,11,4,2009,2,2,2010,1
2009-11-24,2009-11-24,3,Tuesday,24,328,48,November,11,4,2009,2,2,2010,1
2009-11-25,2009-11-25,4,Wednesday,25,329,48,November,11,4,2009,2,2,2010,1
2009-11-26,2009-11-26,5,Thursday,26,330,48,November,11,4,2009,2,2,2010,1
2009-11-27,2009-11-27,6,Friday,27,331,48,November,11,4,2009,2,2,2010,1
2009-11-28,2009-11-28,7,Saturday,28,332,48,November,11,4,2009,2,2,2010,1
2009-11-29,2009-11-29,1,Sunday,29,333,49,November,11,4,2009,2,2,2010,1
2009-11-30,2009-11-30,2,Monday,30,334,49,November,11,4,2009,2,2,2010,1
2009-12-01,2009-12-01,3,Tuesday,1,335,49,December,12,4,2009,2,2,2010,1
2009-12-02,2009-12-02,4,Wednesday,2,336,49,December,12,4,2009,2,2,2010,1
2009-12-03,2009-12-03,5,Thursday,3,337,49,December,12,4,2009,2,2,2010,1
2009-12-04,2009-12-04,6,Friday,4,338,49,December,12,4,2009,2,2,2010,1
2009-12-05,2009-12-05,7,Saturday,5,339,49,December,12,4,2009,2,2,2010,1
2009-12-06,2009-12-06,1,Sunday,6,340,50,December,12,4,2009,2,2,2010,1
2009-12-07,2009-12-07,2,Monday,7,341,50,December,12,4,2009,2,2,2010,1
2009-12-08,2009-12-08,3,Tuesday,8,342,50,December,12,4,2009,2,2,2010,1
2009-12-09,2009-12-09,4,Wednesday,9,343,50,December,12,4,2009,2,2,2010,1
2009-12-10,2009-12-10,5,Thursday,10,344,50,December,12,4,2009,2,2,2010,1
2009-12-11,2009-12-11,6,Friday,11,345,50,December,12,4,2009,2,2,2010,1
2009-12-12,2009-12-12,7,Saturday,12,346,50,December,12,4,2009,2,2,2010,1
2009-12-13,2009-12-13,1,Sunday,13,347,51,December,12,4,2009,2,2,2010,1
2009-12-14,2009-12-14,2,Monday,14,348,51,December,12,4,2009,2,2,2010,1
2009-12-15,2009-12-15,3,Tuesday,15,349,51,December,12,4,2009,2,2,2010,1
2009-12-16,2009-12-16,4,Wednesday,16,350,51,December,12,4,2009,2,2,2010,1
2009-12-17,2009-12-17,5,Thursday,17,351,51,December,12,4,2009,2,2,2010,1
2009-12-18,2009-12-18,6,Friday,18,352,51,December,12,4,2009,2,2,2010,1
2009-12-19,2009-12-19,7,Saturday,19,353,51,December,12,4,2009,2,2,2010,1
2009-12-20,2009-12-20,1,Sunday,20,354,52,December,12,4,2009,2,2,2010,1
2009-12-21,2009-12-21,2,Monday,21,355,52,December,12,4,2009,2,2,2010,1
2009-12-22,2009-12-22,3,Tuesday,22,356,52,December,12,4,2009,2,2,2010,1
2009-12-23,2009-12-23,4,Wednesday,23,357,52,December,12,4,2009,2,2,2010,1
2009-12-24,2009-12-24,5,Thursday,24,358,52,December,12,4,2009,2,2,2010,1
2009-12-25,2009-12-25,6,Friday,25,359,52,December,12,4,2009,2,2,2010,1
2009-12-26,2009-12-26,7,Saturday,26,360,52,December,12,4,2009,2,2,2010,1
2009-12-27,2009-12-27,1,Sunday,27,361,53,December,12,4,2009,2,2,2010,1
2009-12-28,2009-12-28,2,Monday,28,362,53,December,12,4,2009,2,2,2010,1
2009-12-29,2009-12-29,3,Tuesday,29,363,53,December,12,4,2009,2,2,2010,1
2009-12-30,2009-12-30,4,Wednesday,30,364,53,December,12,4,2009,2,2,2010,1
2009-12-31,2009-12-31,5,Thursday,31,365,53,December,12,4,2009,2,2,2010,1
2010-01-01,2010-01-01,6,Friday,1,1,1,January,1,1,2010,1,3,2010,2
2010-01-02,2010-01-02,7,Saturday,2,2,1,January,1,1,2010,1,3,2010,2
2010-01-03,2010-01-03,1,Sunday,3,3,2,January,1,1,2010,1,3,2010,2
2010-01-04,2010-01-04,2,Monday,4,4,2,January,1,1,2010,1,3,2010,2
2010-01-05,2010-01-05,3,Tuesday,5,5,2,January,1,1,2010,1,3,2010,2
2010-01-06,2010-01-06,4,Wednesday,6,6,2,January,1,1,2010,1,3,2010,2
2010-01-07,2010-01-07,5,Thursday,7,7,2,January,1,1,2010,1,3,2010,2
2010-01-08,2010-01-08,6,Friday,8,8,2,January,1,1,2010,1,3,2010,2
2010-01-09,2010-01-09,7,Saturday,9,9,2,January,1,1,2010,1,3,2010,2
2010-01-10,2010-01-10,1,Sunday,10,10,3,January,1,1,2010,1,3,2010,2
2010-01-11,2010-01-11,2,Monday,11,11,3,January,1,1,2010,1,3,2010,2
2010-01-12,2010-01-12,3,Tuesday,12,12,3,January,1,1,2010,1,3,2010,2
2010-01-13,2010-01-13,4,Wednesday,13,13,3,January,1,1,2010,1,3,2010,2
2010-01-14,2010-01-14,5,Thursday,14,14,3,January,1,1,2010,1,3,2010,2
2010-01-15,2010-01-15,6,Friday,15,15,3,January,1,1,2010,1,3,2010,2
2010-01-16,2010-01-16,7,Saturday,16,16,3,January,1,1,2010,1,3,2010,2
2010-01-17,2010-01-17,1,Sunday,17,17,4,January,1,1,2010,1,3,2010,2
2010-01-18,2010-01-18,2,Monday,18,18,4,January,1,1,2010,1,3,2010,2
2010-01-19,2010-01-19,3,Tuesday,19,19,4,January,1,1,2010,1,3,2010,2
2010-01-20,2010-01-20,4,Wednesday,20,20,4,January,1,1,2010,1,3,2010,2
2010-01-21,2010-01-21,5,Thursday,21,21,4,January,1,1,2010,1,3,2010,2
2010-01-22,2010-01-22,6,Friday,22,22,4,January,1,1,2010,1,3,2010,2
2010-01-23,2010-01-23,7,Saturday,23,23,4,January,1,1,2010,1,3,2010,2
2010-01-24,2010-01-24,1,Sunday,24,24,5,January,1,1,2010,1,3,2010,2
2010-01-25,2010-01-25,2,Monday,25,25,5,January,1,1,2010,1,3,2010,2
2010-01-26,2010-01-26,3,Tuesday,26,26,5,January,1,1,2010,1,3,2010,2
2010-01-27,2010-01-27,4,Wednesday,27,27,5,January,1,1,2010,1,3,2010,2
2010-01-28,2010-01-28,5,Thursday,28,28,5,January,1,1,2010,1,3,2010,2
2010-01-29,2010-01-29,6,Friday,29,29,5,January,1,1,2010,1,3,2010,2
2010-01-30,2010-01-30,7,Saturday,30,30,5,January,1,1,2010,1,3,2010,2
2010-01-31,2010-01-31,1,Sunday,31,31,6,January,1,1,2010,1,3,2010,2
2010-02-01,2010-02-01,2,Monday,1,32,6,February,2,1,2010,1,3,2010,2
2010-02-02,2010-02-02,3,Tuesday,2,33,6,February,2,1,2010,1,3,2010,2
2010-02-03,2010-02-03,4,Wednesday,3,34,6,February,2,1,2010,1,3,2010,2
2010-02-04,2010-02-04,5,Thursday,4,35,6,February,2,1,2010,1,3,2010,2
2010-02-05,2010-02-05,6,Friday,5,36,6,February,2,1,2010,1,3,2010,2
2010-02-06,2010-02-06,7,Saturday,6,37,6,February,2,1,2010,1,3,2010,2
2010-02-07,2010-02-07,1,Sunday,7,38,7,February,2,1,2010,1,3,2010,2
2010-02-08,2010-02-08,2,Monday,8,39,7,February,2,1,2010,1,3,2010,2
2010-02-09,2010-02-09,3,Tuesday,9,40,7,February,2,1,2010,1,3,2010,2
2010-02-10,2010-02-10,4,Wednesday,10,41,7,February,2,1,2010,1,3,2010,2
2010-02-11,2010-02-11,5,Thursday,11,42,7,February,2,1,2010,1,3,2010,2
2010-02-12,2010-02-12,6,Friday,12,43,7,February,2,1,2010,1,3,2010,2
2010-02-13,2010-02-13,7,Saturday,13,44,7,February,2,1,2010,1,3,2010,2
2010-02-14,2010-02-14,1,Sunday,14,45,8,February,2,1,2010,1,3,2010,2
2010-02-15,2010-02-15,2,Monday,15,46,8,February,2,1,2010,1,3,2010,2
2010-02-16,2010-02-16,3,Tuesday,16,47,8,February,2,1,2010,1,3,2010,2
2010-02-17,2010-02-17,4,Wednesday,17,48,8,February,2,1,2010,1,3,2010,2
2010-02-18,2010-02-18,5,Thursday,18,49,8,February,2,1,2010,1,3,2010,2
2010-02-19,2010-02-19,6,Friday,19,50,8,February,2,1,2010,1,3,2010,2
2010-02-20,2010-02-20,7,Saturday,20,51,8,February,2,1,2010,1,3,2010,2
2010-02-21,2010-02-21,1,Sunday,21,52,9,February,2,1,2010,1,3,2010,2
2010-02-22,2010-02-22,2,Monday,22,53,9,February,2,1,2010,1,3,2010,2
2010-02-23,2010-02-23,3,Tuesday,23,54,9,February,2,1,2010,1,3,2010,2
2010-02-24,2010-02-24,4,Wednesday,24,55,9,February,2,1,2010,1,3,2010,2
2010-02-25,2010-02-25,5,Thursday,25,56,9,February,2,1,2010,1,3,2010,2
2010-02-26,2010-02-26,6,Friday,26,57,9,February,2,1,2010,1,3,2010,2
2010-02-27,2010-02-27,7,Saturday,27,58,9,February,2,1,2010,1,3,2010,2
2010-02-28,2010-02-28,1,Sunday,28,59,10,February,2,1,2010,1,3,2010,2
2010-03-01,2010-03-01,2,Monday,1,60,10,March,3,1,2010,1,3,2010,2
2010-03-02,2010-03-02,3,Tuesday,2,61,10,March,3,1,2010,1,3,2010,2
2010-03-03,2010-03-03,4,Wednesday,3,62,10,March,3,1,2010,1,3,2010,2
2010-03-04,2010-03-04,5,Thursday,4,63,10,March,3,1,2010,1,3,2010,2
2010-03-05,2010-03-05,6,Friday,5,64,10,March,3,1,2010,1,3,2010,2
2010-03-06,2010-03-06,7,Saturday,6,65,10,March,3,1,2010,1,3,2010,2
2010-03-07,2010-03-07,1,Sunday,7,66,11,March,3,1,2010,1,3,2010,2
2010-03-08,2010-03-08,2,Monday,8,67,11,March,3,1,2010,1,3,2010,2
2010-03-09,2010-03-09,3,Tuesday,9,68,11,March,3,1,2010,1,3,2010,2
2010-03-10,2010-03-10,4,Wednesday,10,69,11,March,3,1,2010,1,3,2010,2
2010-03-11,2010-03-11,5,Thursday,11,70,11,March,3,1,2010,1,3,2010,2
2010-03-12,2010-03-12,6,Friday,12,71,11,March,3,1,2010,1,3,2010,2
2010-03-13,2010-03-13,7,Saturday,13,72,11,March,3,1,2010,1,3,2010,2
2010-03-14,2010-03-14,1,Sunday,14,73,12,March,3,1,2010,1,3,2010,2
2010-03-15,2010-03-15,2,Monday,15,74,12,March,3,1,2010,1,3,2010,2
2010-03-16,2010-03-16,3,Tuesday,16,75,12,March,3,1,2010,1,3,2010,2
2010-03-17,2010-03-17,4,Wednesday,17,76,12,March,3,1,2010,1,3,2010,2
2010-03-18,2010-03-18,5,Thursday,18,77,12,March,3,1,2010,1,3,2010,2
2010-03-19,2010-03-19,6,Friday,19,78,12,March,3,1,2010,1,3,2010,2
2010-03-20,2010-03-20,7,Saturday,20,79,12,March,3,1,2010,1,3,2010,2
2010-03-21,2010-03-21,1,Sunday,21,80,13,March,3,1,2010,1,3,2010,2
2010-03-22,2010-03-22,2,Monday,22,81,13,March,3,1,2010,1,3,2010,2
2010-03-23,2010-03-23,3,Tuesday,23,82,13,March,3,1,2010,1,3,2010,2
2010-03-24,2010-03-24,4,Wednesday,24,83,13,March,3,1,2010,1,3,2010,2
2010-03-25,2010-03-25,5,Thursday,25,84,13,March,3,1,2010,1,3,2010,2
2010-03-26,2010-03-26,6,Friday,26,85,13,March,3,1,2010,1,3,2010,2
2010-03-27,2010-03-27,7,Saturday,27,86,13,March,3,1,2010,1,3,2010,2
2010-03-28,2010-03-28,1,Sunday,28,87,14,March,3,1,2010,1,3,2010,2
2010-03-29,2010-03-29,2,Monday,29,88,14,March,3,1,2010,1,3,2010,2
2010-03-30,2010-03-30,3,Tuesday,30,89,14,March,3,1,2010,1,3,2010,2
2010-03-31,2010-03-31,4,Wednesday,31,90,14,March,3,1,2010,1,3,2010,2
2010-04-01,2010-04-01,5,Thursday,1,91,14,April,4,2,2010,1,4,2010,2
2010-04-02,2010-04-02,6,Friday,2,92,14,April,4,2,2010,1,4,2010,2
2010-04-03,2010-04-03,7,Saturday,3,93,14,April,4,2,2010,1,4,2010,2
2010-04-04,2010-04-04,1,Sunday,4,94,15,April,4,2,2010,1,4,2010,2
2010-04-05,2010-04-05,2,Monday,5,95,15,April,4,2,2010,1,4,2010,2
2010-04-06,2010-04-06,3,Tuesday,6,96,15,April,4,2,2010,1,4,2010,2
2010-04-07,2010-04-07,4,Wednesday,7,97,15,April,4,2,2010,1,4,2010,2
2010-04-08,2010-04-08,5,Thursday,8,98,15,April,4,2,2010,1,4,2010,2
2010-04-09,2010-04-09,6,Friday,9,99,15,April,4,2,2010,1,4,2010,2
2010-04-10,2010-04-10,7,Saturday,10,100,15,April,4,2,2010,1,4,2010,2
2010-04-11,2010-04-11,1,Sunday,11,101,16,April,4,2,2010,1,4,2010,2
2010-04-12,2010-04-12,2,Monday,12,102,16,April,4,2,2010,1,4,2010,2
2010-04-13,2010-04-13,3,Tuesday,13,103,16,April,4,2,2010,1,4,2010,2
2010-04-14,2010-04-14,4,Wednesday,14,104,16,April,4,2,2010,1,4,2010,2
2010-04-15,2010-04-15,5,Thursday,15,105,16,April,4,2,2010,1,4,2010,2
2010-04-16,2010-04-16,6,Friday,16,106,16,April,4,2,2010,1,4,2010,2
2010-04-17,2010-04-17,7,Saturday,17,107,16,April,4,2,2010,1,4,2010,2
2010-04-18,2010-04-18,1,Sunday,18,108,17,April,4,2,2010,1,4,2010,2
2010-04-19,2010-04-19,2,Monday,19,109,17,April,4,2,2010,1,4,2010,2
2010-04-20,2010-04-20,3,Tuesday,20,110,17,April,4,2,2010,1,4,2010,2
2010-04-21,2010-04-21,4,Wednesday,21,111,17,April,4,2,2010,1,4,2010,2
2010-04-22,2010-04-22,5,Thursday,22,112,17,April,4,2,2010,1,4,2010,2
2010-04-23,2010-04-23,6,Friday,23,113,17,April,4,2,2010,1,4,2010,2
2010-04-24,2010-04-24,7,Saturday,24,114,17,April,4,2,2010,1,4,2010,2
2010-04-25,2010-04-25,1,Sunday,25,115,18,April,4,2,2010,1,4,2010,2
2010-04-26,2010-04-26,2,Monday,26,116,18,April,4,2,2010,1,4,2010,2
2010-04-27,2010-04-27,3,Tuesday,27,117,18,April,4,2,2010,1,4,2010,2
2010-04-28,2010-04-28,4,Wednesday,28,118,18,April,4,2,2010,1,4,2010,2
2010-04-29,2010-04-29,5,Thursday,29,119,18,April,4,2,2010,1,4,2010,2
2010-04-30,2010-04-30,6,Friday,30,120,18,April,4,2,2010,1,4,2010,2
2010-05-01,2010-05-01,7,Saturday,1,121,18,May,5,2,2010,1,4,2010,2
2010-05-02,2010-05-02,1,Sunday,2,122,19,May,5,2,2010,1,4,2010,2
2010-05-03,2010-05-03,2,Monday,3,123,19,May,5,2,2010,1,4,2010,2
2010-05-04,2010-05-04,3,Tuesday,4,124,19,May,5,2,2010,1,4,2010,2
2010-05-05,2010-05-05,4,Wednesday,5,125,19,May,5,2,2010,1,4,2010,2
2010-05-06,2010-05-06,5,Thursday,6,126,19,May,5,2,2010,1,4,2010,2
2010-05-07,2010-05-07,6,Friday,7,127,19,May,5,2,2010,1,4,2010,2
2010-05-08,2010-05-08,7,Saturday,8,128,19,May,5,2,2010,1,4,2010,2
2010-05-09,2010-05-09,1,Sunday,9,129,20,May,5,2,2010,1,4,2010,2
2010-05-10,2010-05-10,2,Monday,10,130,20,May,5,2,2010,1,4,2010,2
2010-05-11,2010-05-11,3,Tuesday,11,131,20,May,5,2,2010,1,4,2010,2
2010-05-12,2010-05-12,4,Wednesday,12,132,20,May,5,2,2010,1,4,2010,2
2010-05-13,2010-05-13,5,Thursday,13,133,20,May,5,2,2010,1,4,2010,2
2010-05-14,2010-05-14,6,Friday,14,134,20,May,5,2,2010,1,4,2010,2
2010-05-15,2010-05-15,7,Saturday,15,135,20,May,5,2,2010,1,4,2010,2
2010-05-16,2010-05-16,1,Sunday,16,136,21,May,5,2,2010,1,4,2010,2
2010-05-17,2010-05-17,2,Monday,17,137,21,May,5,2,2010,1,4,2010,2
2010-05-18,2010-05-18,3,Tuesday,18,138,21,May,5,2,2010,1,4,2010,2
2010-05-19,2010-05-19,4,Wednesday,19,139,21,May,5,2,2010,1,4,2010,2
2010-05-20,2010-05-20,5,Thursday,20,140,21,May,5,2,2010,1,4,2010,2
2010-05-21,2010-05-21,6,Friday,21,141,21,May,5,2,2010,1,4,2010,2
2010-05-22,2010-05-22,7,Saturday,22,142,21,May,5,2,2010,1,4,2010,2
2010-05-23,2010-05-23,1,Sunday,23,143,22,May,5,2,2010,1,4,2010,2
2010-05-24,2010-05-24,2,Monday,24,144,22,May,5,2,2010,1,4,2010,2
2010-05-25,2010-05-25,3,Tuesday,25,145,22,May,5,2,2010,1,4,2010,2
2010-05-26,2010-05-26,4,Wednesday,26,146,22,May,5,2,2010,1,4,2010,2
2010-05-27,2010-05-27,5,Thursday,27,147,22,May,5,2,2010,1,4,2010,2
2010-05-28,2010-05-28,6,Friday,28,148,22,May,5,2,2010,1,4,2010,2
2010-05-29,2010-05-29,7,Saturday,29,149,22,May,5,2,2010,1,4,2010,2
2010-05-30,2010-05-30,1,Sunday,30,150,23,May,5,2,2010,1,4,2010,2
2010-05-31,2010-05-31,2,Monday,31,151,23,May,5,2,2010,1,4,2010,2
2010-06-01,2010-06-01,3,Tuesday,1,152,23,June,6,2,2010,1,4,2010,2
2010-06-02,2010-06-02,4,Wednesday,2,153,23,June,6,2,2010,1,4,2010,2
2010-06-03,2010-06-03,5,Thursday,3,154,23,June,6,2,2010,1,4,2010,2
2010-06-04,2010-06-04,6,Friday,4,155,23,June,6,2,2010,1,4,2010,2
2010-06-05,2010-06-05,7,Saturday,5,156,23,June,6,2,2010,1,4,2010,2
2010-06-06,2010-06-06,1,Sunday,6,157,24,June,6,2,2010,1,4,2010,2
2010-06-07,2010-06-07,2,Monday,7,158,24,June,6,2,2010,1,4,2010,2
2010-06-08,2010-06-08,3,Tuesday,8,159,24,June,6,2,2010,1,4,2010,2
2010-06-09,2010-06-09,4,Wednesday,9,160,24,June,6,2,2010,1,4,2010,2
2010-06-10,2010-06-10,5,Thursday,10,161,24,June,6,2,2010,1,4,2010,2
2010-06-11,2010-06-11,6,Friday,11,162,24,June,6,2,2010,1,4,2010,2
2010-06-12,2010-06-12,7,Saturday,12,163,24,June,6,2,2010,1,4,2010,2
2010-06-13,2010-06-13,1,Sunday,13,164,25,June,6,2,2010,1,4,2010,2
2010-06-14,2010-06-14,2,Monday,14,165,25,June,6,2,2010,1,4,2010,2
2010-06-15,2010-06-15,3,Tuesday,15,166,25,June,6,2,2010,1,4,2010,2
2010-06-16,2010-06-16,4,Wednesday,16,167,25,June,6,2,2010,1,4,2010,2
2010-06-17,2010-06-17,5,Thursday,17,168,25,June,6,2,2010,1,4,2010,2
2010-06-18,2010-06-18,6,Friday,18,169,25,June,6,2,2010,1,4,2010,2
2010-06-19,2010-06-19,7,Saturday,19,170,25,June,6,2,2010,1,4,2010,2
2010-06-20,2010-06-20,1,Sunday,20,171,26,June,6,2,2010,1,4,2010,2
2010-06-21,2010-06-21,2,Monday,21,172,26,June,6,2,2010,1,4,2010,2
2010-06-22,2010-06-22,3,Tuesday,22,173,26,June,6,2,2010,1,4,2010,2
2010-06-23,2010-06-23,4,Wednesday,23,174,26,June,6,2,2010,1,4,2010,2
2010-06-24,2010-06-24,5,Thursday,24,175,26,June,6,2,2010,1,4,2010,2
2010-06-25,2010-06-25,6,Friday,25,176,26,June,6,2,2010,1,4,2010,2
2010-06-26,2010-06-26,7,Saturday,26,177,26,June,6,2,2010,1,4,2010,2
2010-06-27,2010-06-27,1,Sunday,27,178,27,June,6,2,2010,1,4,2010,2
2010-06-28,2010-06-28,2,Monday,28,179,27,June,6,2,2010,1,4,2010,2
2010-06-29,2010-06-29,3,Tuesday,29,180,27,June,6,2,2010,1,4,2010,2
2010-06-30,2010-06-30,4,Wednesday,30,181,27,June,6,2,2010,1,4,2010,2
2010-07-01,2010-07-01,5,Thursday,1,182,27,July,7,3,2010,2,1,2011,1
2010-07-02,2010-07-02,6,Friday,2,183,27,July,7,3,2010,2,1,2011,1
2010-07-03,2010-07-03,7,Saturday,3,184,27,July,7,3,2010,2,1,2011,1
2010-07-04,2010-07-04,1,Sunday,4,185,28,July,7,3,2010,2,1,2011,1
2010-07-05,2010-07-05,2,Monday,5,186,28,July,7,3,2010,2,1,2011,1
2010-07-06,2010-07-06,3,Tuesday,6,187,28,July,7,3,2010,2,1,2011,1
2010-07-07,2010-07-07,4,Wednesday,7,188,28,July,7,3,2010,2,1,2011,1
2010-07-08,2010-07-08,5,Thursday,8,189,28,July,7,3,2010,2,1,2011,1
2010-07-09,2010-07-09,6,Friday,9,190,28,July,7,3,2010,2,1,2011,1
2010-07-10,2010-07-10,7,Saturday,10,191,28,July,7,3,2010,2,1,2011,1
2010-07-11,2010-07-11,1,Sunday,11,192,29,July,7,3,2010,2,1,2011,1
2010-07-12,2010-07-12,2,Monday,12,193,29,July,7,3,2010,2,1,2011,1
2010-07-13,2010-07-13,3,Tuesday,13,194,29,July,7,3,2010,2,1,2011,1
2010-07-14,2010-07-14,4,Wednesday,14,195,29,July,7,3,2010,2,1,2011,1
2010-07-15,2010-07-15,5,Thursday,15,196,29,July,7,3,2010,2,1,2011,1
2010-07-16,2010-07-16,6,Friday,16,197,29,July,7,3,2010,2,1,2011,1
2010-07-17,2010-07-17,7,Saturday,17,198,29,July,7,3,2010,2,1,2011,1
2010-07-18,2010-07-18,1,Sunday,18,199,30,July,7,3,2010,2,1,2011,1
2010-07-19,2010-07-19,2,Monday,19,200,30,July,7,3,2010,2,1,2011,1
2010-07-20,2010-07-20,3,Tuesday,20,201,30,July,7,3,2010,2,1,2011,1
2010-07-21,2010-07-21,4,Wednesday,21,202,30,July,7,3,2010,2,1,2011,1
2010-07-22,2010-07-22,5,Thursday,22,203,30,July,7,3,2010,2,1,2011,1
2010-07-23,2010-07-23,6,Friday,23,204,30,July,7,3,2010,2,1,2011,1
2010-07-24,2010-07-24,7,Saturday,24,205,30,July,7,3,2010,2,1,2011,1
2010-07-25,2010-07-25,1,Sunday,25,206,31,July,7,3,2010,2,1,2011,1
2010-07-26,2010-07-26,2,Monday,26,207,31,July,7,3,2010,2,1,2011,1
2010-07-27,2010-07-27,3,Tuesday,27,208,31,July,7,3,2010,2,1,2011,1
2010-07-28,2010-07-28,4,Wednesday,28,209,31,July,7,3,2010,2,1,2011,1
2010-07-29,2010-07-29,5,Thursday,29,210,31,July,7,3,2010,2,1,2011,1
2010-07-30,2010-07-30,6,Friday,30,211,31,July,7,3,2010,2,1,2011,1
2010-07-31,2010-07-31,7,Saturday,31,212,31,July,7,3,2010,2,1,2011,1
2010-08-01,2010-08-01,1,Sunday,1,213,32,August,8,3,2010,2,1,2011,1
2010-08-02,2010-08-02,2,Monday,2,214,32,August,8,3,2010,2,1,2011,1
2010-08-03,2010-08-03,3,Tuesday,3,215,32,August,8,3,2010,2,1,2011,1
2010-08-04,2010-08-04,4,Wednesday,4,216,32,August,8,3,2010,2,1,2011,1
2010-08-05,2010-08-05,5,Thursday,5,217,32,August,8,3,2010,2,1,2011,1
2010-08-06,2010-08-06,6,Friday,6,218,32,August,8,3,2010,2,1,2011,1
2010-08-07,2010-08-07,7,Saturday,7,219,32,August,8,3,2010,2,1,2011,1
2010-08-08,2010-08-08,1,Sunday,8,220,33,August,8,3,2010,2,1,2011,1
2010-08-09,2010-08-09,2,Monday,9,221,33,August,8,3,2010,2,1,2011,1
2010-08-10,2010-08-10,3,Tuesday,10,222,33,August,8,3,2010,2,1,2011,1
2010-08-11,2010-08-11,4,Wednesday,11,223,33,August,8,3,2010,2,1,2011,1
2010-08-12,2010-08-12,5,Thursday,12,224,33,August,8,3,2010,2,1,2011,1
2010-08-13,2010-08-13,6,Friday,13,225,33,August,8,3,2010,2,1,2011,1
2010-08-14,2010-08-14,7,Saturday,14,226,33,August,8,3,2010,2,1,2011,1
2010-08-15,2010-08-15,1,Sunday,15,227,34,August,8,3,2010,2,1,2011,1
2010-08-16,2010-08-16,2,Monday,16,228,34,August,8,3,2010,2,1,2011,1
2010-08-17,2010-08-17,3,Tuesday,17,229,34,August,8,3,2010,2,1,2011,1
2010-08-18,2010-08-18,4,Wednesday,18,230,34,August,8,3,2010,2,1,2011,1
2010-08-19,2010-08-19,5,Thursday,19,231,34,August,8,3,2010,2,1,2011,1
2010-08-20,2010-08-20,6,Friday,20,232,34,August,8,3,2010,2,1,2011,1
2010-08-21,2010-08-21,7,Saturday,21,233,34,August,8,3,2010,2,1,2011,1
2010-08-22,2010-08-22,1,Sunday,22,234,35,August,8,3,2010,2,1,2011,1
2010-08-23,2010-08-23,2,Monday,23,235,35,August,8,3,2010,2,1,2011,1
2010-08-24,2010-08-24,3,Tuesday,24,236,35,August,8,3,2010,2,1,2011,1
2010-08-25,2010-08-25,4,Wednesday,25,237,35,August,8,3,2010,2,1,2011,1
2010-08-26,2010-08-26,5,Thursday,26,238,35,August,8,3,2010,2,1,2011,1
2010-08-27,2010-08-27,6,Friday,27,239,35,August,8,3,2010,2,1,2011,1
2010-08-28,2010-08-28,7,Saturday,28,240,35,August,8,3,2010,2,1,2011,1
2010-08-29,2010-08-29,1,Sunday,29,241,36,August,8,3,2010,2,1,2011,1
2010-08-30,2010-08-30,2,Monday,30,242,36,August,8,3,2010,2,1,2011,1
2010-08-31,2010-08-31,3,Tuesday,31,243,36,August,8,3,2010,2,1,2011,1
2010-09-01,2010-09-01,4,Wednesday,1,244,36,September,9,3,2010,2,1,2011,1
2010-09-02,2010-09-02,5,Thursday,2,245,36,September,9,3,2010,2,1,2011,1
2010-09-03,2010-09-03,6,Friday,3,246,36,September,9,3,2010,2,1,2011,1
2010-09-04,2010-09-04,7,Saturday,4,247,36,September,9,3,2010,2,1,2011,1
2010-09-05,2010-09-05,1,Sunday,5,248,37,September,9,3,2010,2,1,2011,1
2010-09-06,2010-09-06,2,Monday,6,249,37,September,9,3,2010,2,1,2011,1
2010-09-07,2010-09-07,3,Tuesday,7,250,37,September,9,3,2010,2,1,2011,1
2010-09-08,2010-09-08,4,Wednesday,8,251,37,September,9,3,2010,2,1,2011,1
2010-09-09,2010-09-09,5,Thursday,9,252,37,September,9,3,2010,2,1,2011,1
2010-09-10,2010-09-10,6,Friday,10,253,37,September,9,3,2010,2,1,2011,1
2010-09-11,2010-09-11,7,Saturday,11,254,37,September,9,3,2010,2,1,2011,1
2010-09-12,2010-09-12,1,Sunday,12,255,38,September,9,3,2010,2,1,2011,1
2010-09-13,2010-09-13,2,Monday,13,256,38,September,9,3,2010,2,1,2011,1
2010-09-14,2010-09-14,3,Tuesday,14,257,38,September,9,3,2010,2,1,2011,1
2010-09-15,2010-09-15,4,Wednesday,15,258,38,September,9,3,2010,2,1,2011,1
2010-09-16,2010-09-16,5,Thursday,16,259,38,September,9,3,2010,2,1,2011,1
2010-09-17,2010-09-17,6,Friday,17,260,38,September,9,3,2010,2,1,2011,1
2010-09-18,2010-09-18,7,Saturday,18,261,38,September,9,3,2010,2,1,2011,1
2010-09-19,2010-09-19,1,Sunday,19,262,39,September,9,3,2010,2,1,2011,1
2010-09-20,2010-09-20,2,Monday,20,263,39,September,9,3,2010,2,1,2011,1
2010-09-21,2010-09-21,3,Tuesday,21,264,39,September,9,3,2010,2,1,2011,1
2010-09-22,2010-09-22,4,Wednesday,22,265,39,September,9,3,2010,2,1,2011,1
2010-09-23,2010-09-23,5,Thursday,23,266,39,September,9,3,2010,2,1,2011,1
2010-09-24,2010-09-24,6,Friday,24,267,39,September,9,3,2010,2,1,2011,1
2010-09-25,2010-09-25,7,Saturday,25,268,39,September,9,3,2010,2,1,2011,1
2010-09-26,2010-09-26,1,Sunday,26,269,40,September,9,3,2010,2,1,2011,1
2010-09-27,2010-09-27,2,Monday,27,270,40,September,9,3,2010,2,1,2011,1
2010-09-28,2010-09-28,3,Tuesday,28,271,40,September,9,3,2010,2,1,2011,1
2010-09-29,2010-09-29,4,Wednesday,29,272,40,September,9,3,2010,2,1,2011,1
2010-09-30,2010-09-30,5,Thursday,30,273,40,September,9,3,2010,2,1,2011,1
2010-10-01,2010-10-01,6,Friday,1,274,40,October,10,4,2010,2,2,2011,1
2010-10-02,2010-10-02,7,Saturday,2,275,40,October,10,4,2010,2,2,2011,1
2010-10-03,2010-10-03,1,Sunday,3,276,41,October,10,4,2010,2,2,2011,1
2010-10-04,2010-10-04,2,Monday,4,277,41,October,10,4,2010,2,2,2011,1
2010-10-05,2010-10-05,3,Tuesday,5,278,41,October,10,4,2010,2,2,2011,1
2010-10-06,2010-10-06,4,Wednesday,6,279,41,October,10,4,2010,2,2,2011,1
2010-10-07,2010-10-07,5,Thursday,7,280,41,October,10,4,2010,2,2,2011,1
2010-10-08,2010-10-08,6,Friday,8,281,41,October,10,4,2010,2,2,2011,1
2010-10-09,2010-10-09,7,Saturday,9,282,41,October,10,4,2010,2,2,2011,1
2010-10-10,2010-10-10,1,Sunday,10,283,42,October,10,4,2010,2,2,2011,1
2010-10-11,2010-10-11,2,Monday,11,284,42,October,10,4,2010,2,2,2011,1
2010-10-12,2010-10-12,3,Tuesday,12,285,42,October,10,4,2010,2,2,2011,1
2010-10-13,2010-10-13,4,Wednesday,13,286,42,October,10,4,2010,2,2,2011,1
2010-10-14,2010-10-14,5,Thursday,14,287,42,October,10,4,2010,2,2,2011,1
2010-10-15,2010-10-15,6,Friday,15,288,42,October,10,4,2010,2,2,2011,1
2010-10-16,2010-10-16,7,Saturday,16,289,42,October,10,4,2010,2,2,2011,1
2010-10-17,2010-10-17,1,Sunday,17,290,43,October,10,4,2010,2,2,2011,1
2010-10-18,2010-10-18,2,Monday,18,291,43,October,10,4,2010,2,2,2011,1
2010-10-19,2010-10-19,3,Tuesday,19,292,43,October,10,4,2010,2,2,2011,1
2010-10-20,2010-10-20,4,Wednesday,20,293,43,October,10,4,2010,2,2,2011,1
2010-10-21,2010-10-21,5,Thursday,21,294,43,October,10,4,2010,2,2,2011,1
2010-10-22,2010-10-22,6,Friday,22,295,43,October,10,4,2010,2,2,2011,1
2010-10-23,2010-10-23,7,Saturday,23,296,43,October,10,4,2010,2,2,2011,1
2010-10-24,2010-10-24,1,Sunday,24,297,44,October,10,4,2010,2,2,2011,1
2010-10-25,2010-10-25,2,Monday,25,298,44,October,10,4,2010,2,2,2011,1
2010-10-26,2010-10-26,3,Tuesday,26,299,44,October,10,4,2010,2,2,2011,1
2010-10-27,2010-10-27,4,Wednesday,27,300,44,October,10,4,2010,2,2,2011,1
2010-10-28,2010-10-28,5,Thursday,28,301,44,October,10,4,2010,2,2,2011,1
2010-10-29,2010-10-29,6,Friday,29,302,44,October,10,4,2010,2,2,2011,1
2010-10-30,2010-10-30,7,Saturday,30,303,44,October,10,4,2010,2,2,2011,1
2010-10-31,2010-10-31,1,Sunday,31,304,45,October,10,4,2010,2,2,2011,1
2010-11-01,2010-11-01,2,Monday,1,305,45,November,11,4,2010,2,2,2011,1
2010-11-02,2010-11-02,3,Tuesday,2,306,45,November,11,4,2010,2,2,2011,1
2010-11-03,2010-11-03,4,Wednesday,3,307,45,November,11,4,2010,2,2,2011,1
2010-11-04,2010-11-04,5,Thursday,4,308,45,November,11,4,2010,2,2,2011,1
2010-11-05,2010-11-05,6,Friday,5,309,45,November,11,4,2010,2,2,2011,1
2010-11-06,2010-11-06,7,Saturday,6,310,45,November,11,4,2010,2,2,2011,1
2010-11-07,2010-11-07,1,Sunday,7,311,46,November,11,4,2010,2,2,2011,1
2010-11-08,2010-11-08,2,Monday,8,312,46,November,11,4,2010,2,2,2011,1
2010-11-09,2010-11-09,3,Tuesday,9,313,46,November,11,4,2010,2,2,2011,1
2010-11-10,2010-11-10,4,Wednesday,10,314,46,November,11,4,2010,2,2,2011,1
2010-11-11,2010-11-11,5,Thursday,11,315,46,November,11,4,2010,2,2,2011,1
2010-11-12,2010-11-12,6,Friday,12,316,46,November,11,4,2010,2,2,2011,1
2010-11-13,2010-11-13,7,Saturday,13,317,46,November,11,4,2010,2,2,2011,1
2010-11-14,2010-11-14,1,Sunday,14,318,47,November,11,4,2010,2,2,2011,1
2010-11-15,2010-11-15,2,Monday,15,319,47,November,11,4,2010,2,2,2011,1
2010-11-16,2010-11-16,3,Tuesday,16,320,47,November,11,4,2010,2,2,2011,1
2010-11-17,2010-11-17,4,Wednesday,17,321,47,November,11,4,2010,2,2,2011,1
2010-11-18,2010-11-18,5,Thursday,18,322,47,November,11,4,2010,2,2,2011,1
2010-11-19,2010-11-19,6,Friday,19,323,47,November,11,4,2010,2,2,2011,1
2010-11-20,2010-11-20,7,Saturday,20,324,47,November,11,4,2010,2,2,2011,1
2010-11-21,2010-11-21,1,Sunday,21,325,48,November,11,4,2010,2,2,2011,1
2010-11-22,2010-11-22,2,Monday,22,326,48,November,11,4,2010,2,2,2011,1
2010-11-23,2010-11-23,3,Tuesday,23,327,48,November,11,4,2010,2,2,2011,1
2010-11-24,2010-11-24,4,Wednesday,24,328,48,November,11,4,2010,2,2,2011,1
2010-11-25,2010-11-25,5,Thursday,25,329,48,November,11,4,2010,2,2,2011,1
2010-11-26,2010-11-26,6,Friday,26,330,48,November,11,4,2010,2,2,2011,1
2010-11-27,2010-11-27,7,Saturday,27,331,48,November,11,4,2010,2,2,2011,1
2010-11-28,2010-11-28,1,Sunday,28,332,49,November,11,4,2010,2,2,2011,1
2010-11-29,2010-11-29,2,Monday,29,333,49,November,11,4,2010,2,2,2011,1
2010-11-30,2010-11-30,3,Tuesday,30,334,49,November,11,4,2010,2,2,2011,1
2010-12-01,2010-12-01,4,Wednesday,1,335,49,December,12,4,2010,2,2,2011,1
2010-12-02,2010-12-02,5,Thursday,2,336,49,December,12,4,2010,2,2,2011,1
2010-12-03,2010-12-03,6,Friday,3,337,49,December,12,4,2010,2,2,2011,1
2010-12-04,2010-12-04,7,Saturday,4,338,49,December,12,4,2010,2,2,2011,1
2010-12-05,2010-12-05,1,Sunday,5,339,50,December,12,4,2010,2,2,2011,1
2010-12-06,2010-12-06,2,Monday,6,340,50,December,12,4,2010,2,2,2011,1
2010-12-07,2010-12-07,3,Tuesday,7,341,50,December,12,4,2010,2,2,2011,1
2010-12-08,2010-12-08,4,Wednesday,8,342,50,December,12,4,2010,2,2,2011,1
2010-12-09,2010-12-09,5,Thursday,9,343,50,December,12,4,2010,2,2,2011,1
2010-12-10,2010-12-10,6,Friday,10,344,50,December,12,4,2010,2,2,2011,1
2010-12-11,2010-12-11,7,Saturday,11,345,50,December,12,4,2010,2,2,2011,1
2010-12-12,2010-12-12,1,Sunday,12,346,51,December,12,4,2010,2,2,2011,1
2010-12-13,2010-12-13,2,Monday,13,347,51,December,12,4,2010,2,2,2011,1
2010-12-14,2010-12-14,3,Tuesday,14,348,51,December,12,4,2010,2,2,2011,1
2010-12-15,2010-12-15,4,Wednesday,15,349,51,December,12,4,2010,2,2,2011,1
2010-12-16,2010-12-16,5,Thursday,16,350,51,December,12,4,2010,2,2,2011,1
2010-12-17,2010-12-17,6,Friday,17,351,51,December,12,4,2010,2,2,2011,1
2010-12-18,2010-12-18,7,Saturday,18,352,51,December,12,4,2010,2,2,2011,1
2010-12-19,2010-12-19,1,Sunday,19,353,52,December,12,4,2010,2,2,2011,1
2010-12-20,2010-12-20,2,Monday,20,354,52,December,12,4,2010,2,2,2011,1
2010-12-21,2010-12-21,3,Tuesday,21,355,52,December,12,4,2010,2,2,2011,1
2010-12-22,2010-12-22,4,Wednesday,22,356,52,December,12,4,2010,2,2,2011,1
2010-12-23,2010-12-23,5,Thursday,23,357,52,December,12,4,2010,2,2,2011,1
2010-12-24,2010-12-24,6,Friday,24,358,52,December,12,4,2010,2,2,2011,1
2010-12-25,2010-12-25,7,Saturday,25,359,52,December,12,4,2010,2,2,2011,1
2010-12-26,2010-12-26,1,Sunday,26,360,53,December,12,4,2010,2,2,2011,1
2010-12-27,2010-12-27,2,Monday,27,361,53,December,12,4,2010,2,2,2011,1
2010-12-28,2010-12-28,3,Tuesday,28,362,53,December,12,4,2010,2,2,2011,1
2010-12-29,2010-12-29,4,Wednesday,29,363,53,December,12,4,2010,2,2,2011,1
2010-12-30,2010-12-30,5,Thursday,30,364,53,December,12,4,2010,2,2,2011,1
2010-12-31,2010-12-31,6,Friday,31,365,53,December,12,4,2010,2,2,2011,1
2011-01-01,2011-01-01,7,Saturday,1,1,1,January,1,1,2011,1,3,2010,2
2011-01-02,2011-01-02,1,Sunday,2,2,2,January,1,1,2011,1,3,2010,2
2011-01-03,2011-01-03,2,Monday,3,3,2,January,1,1,2011,1,3,2010,2
2011-01-04,2011-01-04,3,Tuesday,4,4,2,January,1,1,2011,1,3,2010,2
2011-01-05,2011-01-05,4,Wednesday,5,5,2,January,1,1,2011,1,3,2010,2
2011-01-06,2011-01-06,5,Thursday,6,6,2,January,1,1,2011,1,3,2010,2
2011-01-07,2011-01-07,6,Friday,7,7,2,January,1,1,2011,1,3,2010,2
2011-01-08,2011-01-08,7,Saturday,8,8,2,January,1,1,2011,1,3,2010,2
2011-01-09,2011-01-09,1,Sunday,9,9,3,January,1,1,2011,1,3,2010,2
2011-01-10,2011-01-10,2,Monday,10,10,3,January,1,1,2011,1,3,2010,2
2011-01-11,2011-01-11,3,Tuesday,11,11,3,January,1,1,2011,1,3,2010,2
2011-01-12,2011-01-12,4,Wednesday,12,12,3,January,1,1,2011,1,3,2010,2
2011-01-13,2011-01-13,5,Thursday,13,13,3,January,1,1,2011,1,3,2010,2
2011-01-14,2011-01-14,6,Friday,14,14,3,January,1,1,2011,1,3,2010,2
2011-01-15,2011-01-15,7,Saturday,15,15,3,January,1,1,2011,1,3,2010,2
2011-01-16,2011-01-16,1,Sunday,16,16,4,January,1,1,2011,1,3,2010,2
2011-01-17,2011-01-17,2,Monday,17,17,4,January,1,1,2011,1,3,2010,2
2011-01-18,2011-01-18,3,Tuesday,18,18,4,January,1,1,2011,1,3,2010,2
2011-01-19,2011-01-19,4,Wednesday,19,19,4,January,1,1,2011,1,3,2010,2
2011-01-20,2011-01-20,5,Thursday,20,20,4,January,1,1,2011,1,3,2010,2
2011-01-21,2011-01-21,6,Friday,21,21,4,January,1,1,2011,1,3,2010,2
2011-01-22,2011-01-22,7,Saturday,22,22,4,January,1,1,2011,1,3,2010,2
2011-01-23,2011-01-23,1,Sunday,23,23,5,January,1,1,2011,1,3,2010,2
2011-01-24,2011-01-24,2,Monday,24,24,5,January,1,1,2011,1,3,2010,2
2011-01-25,2011-01-25,3,Tuesday,25,25,5,January,1,1,2011,1,3,2010,2
2011-01-26,2011-01-26,4,Wednesday,26,26,5,January,1,1,2011,1,3,2010,2
2011-01-27,2011-01-27,5,Thursday,27,27,5,January,1,1,2011,1,3,2010,2
2011-01-28,2011-01-28,6,Friday,28,28,5,January,1,1,2011,1,3,2010,2
2011-01-29,2011-01-29,7,Saturday,29,29,5,January,1,1,2011,1,3,2010,2
2011-01-30,2011-01-30,1,Sunday,30,30,6,January,1,1,2011,1,3,2010,2
2011-01-31,2011-01-31,2,Monday,31,31,6,January,1,1,2011,1,3,2010,2
2011-02-01,2011-02-01,3,Tuesday,1,32,6,February,2,1,2011,1,3,2010,2
2011-02-02,2011-02-02,4,Wednesday,2,33,6,February,2,1,2011,1,3,2010,2
2011-02-03,2011-02-03,5,Thursday,3,34,6,February,2,1,2011,1,3,2010,2
2011-02-04,2011-02-04,6,Friday,4,35,6,February,2,1,2011,1,3,2010,2
2011-02-05,2011-02-05,7,Saturday,5,36,6,February,2,1,2011,1,3,2010,2
2011-02-06,2011-02-06,1,Sunday,6,37,7,February,2,1,2011,1,3,2010,2
2011-02-07,2011-02-07,2,Monday,7,38,7,February,2,1,2011,1,3,2010,2
2011-02-08,2011-02-08,3,Tuesday,8,39,7,February,2,1,2011,1,3,2010,2
2011-02-09,2011-02-09,4,Wednesday,9,40,7,February,2,1,2011,1,3,2010,2
2011-02-10,2011-02-10,5,Thursday,10,41,7,February,2,1,2011,1,3,2010,2
2011-02-11,2011-02-11,6,Friday,11,42,7,February,2,1,2011,1,3,2010,2
2011-02-12,2011-02-12,7,Saturday,12,43,7,February,2,1,2011,1,3,2010,2
2011-02-13,2011-02-13,1,Sunday,13,44,8,February,2,1,2011,1,3,2010,2
2011-02-14,2011-02-14,2,Monday,14,45,8,February,2,1,2011,1,3,2010,2
2011-02-15,2011-02-15,3,Tuesday,15,46,8,February,2,1,2011,1,3,2010,2
2011-02-16,2011-02-16,4,Wednesday,16,47,8,February,2,1,2011,1,3,2010,2
2011-02-17,2011-02-17,5,Thursday,17,48,8,February,2,1,2011,1,3,2010,2
2011-02-18,2011-02-18,6,Friday,18,49,8,February,2,1,2011,1,3,2010,2
2011-02-19,2011-02-19,7,Saturday,19,50,8,February,2,1,2011,1,3,2010,2
2011-02-20,2011-02-20,1,Sunday,20,51,9,February,2,1,2011,1,3,2010,2
2011-02-21,2011-02-21,2,Monday,21,52,9,February,2,1,2011,1,3,2010,2
2011-02-22,2011-02-22,3,Tuesday,22,53,9,February,2,1,2011,1,3,2010,2
2011-02-23,2011-02-23,4,Wednesday,23,54,9,February,2,1,2011,1,3,2010,2
2011-02-24,2011-02-24,5,Thursday,24,55,9,February,2,1,2011,1,3,2010,2
2011-02-25,2011-02-25,6,Friday,25,56,9,February,2,1,2011,1,3,2010,2
2011-02-26,2011-02-26,7,Saturday,26,57,9,February,2,1,2011,1,3,2010,2
2011-02-27,2011-02-27,1,Sunday,27,58,10,February,2,1,2011,1,3,2010,2
2011-02-28,2011-02-28,2,Monday,28,59,10,February,2,1,2011,1,3,2010,2
2011-03-01,2011-03-01,3,Tuesday,1,60,10,March,3,1,2011,1,3,2010,2
2011-03-02,2011-03-02,4,Wednesday,2,61,10,March,3,1,2011,1,3,2010,2
2011-03-03,2011-03-03,5,Thursday,3,62,10,March,3,1,2011,1,3,2010,2
2011-03-04,2011-03-04,6,Friday,4,63,10,March,3,1,2011,1,3,2010,2
2011-03-05,2011-03-05,7,Saturday,5,64,10,March,3,1,2011,1,3,2010,2
2011-03-06,2011-03-06,1,Sunday,6,65,11,March,3,1,2011,1,3,2010,2
2011-03-07,2011-03-07,2,Monday,7,66,11,March,3,1,2011,1,3,2010,2
2011-03-08,2011-03-08,3,Tuesday,8,67,11,March,3,1,2011,1,3,2010,2
2011-03-09,2011-03-09,4,Wednesday,9,68,11,March,3,1,2011,1,3,2010,2
2011-03-10,2011-03-10,5,Thursday,10,69,11,March,3,1,2011,1,3,2010,2
2011-03-11,2011-03-11,6,Friday,11,70,11,March,3,1,2011,1,3,2010,2
2011-03-12,2011-03-12,7,Saturday,12,71,11,March,3,1,2011,1,3,2010,2
2011-03-13,2011-03-13,1,Sunday,13,72,12,March,3,1,2011,1,3,2010,2
2011-03-14,2011-03-14,2,Monday,14,73,12,March,3,1,2011,1,3,2010,2
2011-03-15,2011-03-15,3,Tuesday,15,74,12,March,3,1,2011,1,3,2010,2
2011-03-16,2011-03-16,4,Wednesday,16,75,12,March,3,1,2011,1,3,2010,2
2011-03-17,2011-03-17,5,Thursday,17,76,12,March,3,1,2011,1,3,2010,2
2011-03-18,2011-03-18,6,Friday,18,77,12,March,3,1,2011,1,3,2010,2
2011-03-19,2011-03-19,7,Saturday,19,78,12,March,3,1,2011,1,3,2010,2
2011-03-20,2011-03-20,1,Sunday,20,79,13,March,3,1,2011,1,3,2010,2
2011-03-21,2011-03-21,2,Monday,21,80,13,March,3,1,2011,1,3,2010,2
2011-03-22,2011-03-22,3,Tuesday,22,81,13,March,3,1,2011,1,3,2010,2
2011-03-23,2011-03-23,4,Wednesday,23,82,13,March,3,1,2011,1,3,2010,2
2011-03-24,2011-03-24,5,Thursday,24,83,13,March,3,1,2011,1,3,2010,2
2011-03-25,2011-03-25,6,Friday,25,84,13,March,3,1,2011,1,3,2010,2
2011-03-26,2011-03-26,7,Saturday,26,85,13,March,3,1,2011,1,3,2010,2
2011-03-27,2011-03-27,1,Sunday,27,86,14,March,3,1,2011,1,3,2010,2
2011-03-28,2011-03-28,2,Monday,28,87,14,March,3,1,2011,1,3,2010,2
2011-03-29,2011-03-29,3,Tuesday,29,88,14,March,3,1,2011,1,3,2010,2
2011-03-30,2011-03-30,4,Wednesday,30,89,14,March,3,1,2011,1,3,2010,2
2011-03-31,2011-03-31,5,Thursday,31,90,14,March,3,1,2011,1,3,2010,2
2011-04-01,2011-04-01,6,Friday,1,91,14,April,4,2,2011,1,4,2010,2
2011-04-02,2011-04-02,7,Saturday,2,92,14,April,4,2,2011,1,4,2010,2
2011-04-03,2011-04-03,1,Sunday,3,93,15,April,4,2,2011,1,4,2010,2
2011-04-04,2011-04-04,2,Monday,4,94,15,April,4,2,2011,1,4,2010,2
2011-04-05,2011-04-05,3,Tuesday,5,95,15,April,4,2,2011,1,4,2010,2
2011-04-06,2011-04-06,4,Wednesday,6,96,15,April,4,2,2011,1,4,2010,2
2011-04-07,2011-04-07,5,Thursday,7,97,15,April,4,2,2011,1,4,2010,2
2011-04-08,2011-04-08,6,Friday,8,98,15,April,4,2,2011,1,4,2010,2
2011-04-09,2011-04-09,7,Saturday,9,99,15,April,4,2,2011,1,4,2010,2
2011-04-10,2011-04-10,1,Sunday,10,100,16,April,4,2,2011,1,4,2010,2
2011-04-11,2011-04-11,2,Monday,11,101,16,April,4,2,2011,1,4,2010,2
2011-04-12,2011-04-12,3,Tuesday,12,102,16,April,4,2,2011,1,4,2010,2
2011-04-13,2011-04-13,4,Wednesday,13,103,16,April,4,2,2011,1,4,2010,2
2011-04-14,2011-04-14,5,Thursday,14,104,16,April,4,2,2011,1,4,2010,2
2011-04-15,2011-04-15,6,Friday,15,105,16,April,4,2,2011,1,4,2010,2
2011-04-16,2011-04-16,7,Saturday,16,106,16,April,4,2,2011,1,4,2010,2
2011-04-17,2011-04-17,1,Sunday,17,107,17,April,4,2,2011,1,4,2010,2
2011-04-18,2011-04-18,2,Monday,18,108,17,April,4,2,2011,1,4,2010,2
2011-04-19,2011-04-19,3,Tuesday,19,109,17,April,4,2,2011,1,4,2010,2
2011-04-20,2011-04-20,4,Wednesday,20,110,17,April,4,2,2011,1,4,2010,2
2011-04-21,2011-04-21,5,Thursday,21,111,17,April,4,2,2011,1,4,2010,2
2011-04-22,2011-04-22,6,Friday,22,112,17,April,4,2,2011,1,4,2010,2
2011-04-23,2011-04-23,7,Saturday,23,113,17,April,4,2,2011,1,4,2010,2
2011-04-24,2011-04-24,1,Sunday,24,114,18,April,4,2,2011,1,4,2010,2
2011-04-25,2011-04-25,2,Monday,25,115,18,April,4,2,2011,1,4,2010,2
2011-04-26,2011-04-26,3,Tuesday,26,116,18,April,4,2,2011,1,4,2010,2
2011-04-27,2011-04-27,4,Wednesday,27,117,18,April,4,2,2011,1,4,2010,2
2011-04-28,2011-04-28,5,Thursday,28,118,18,April,4,2,2011,1,4,2010,2
2011-04-29,2011-04-29,6,Friday,29,119,18,April,4,2,2011,1,4,2010,2
2011-04-30,2011-04-30,7,Saturday,30,120,18,April,4,2,2011,1,4,2010,2
2011-05-01,2011-05-01,1,Sunday,1,121,19,May,5,2,2011,1,4,2010,2
2011-05-02,2011-05-02,2,Monday,2,122,19,May,5,2,2011,1,4,2010,2
2011-05-03,2011-05-03,3,Tuesday,3,123,19,May,5,2,2011,1,4,2010,2
2011-05-04,2011-05-04,4,Wednesday,4,124,19,May,5,2,2011,1,4,2010,2
2011-05-05,2011-05-05,5,Thursday,5,125,19,May,5,2,2011,1,4,2010,2
2011-05-06,2011-05-06,6,Friday,6,126,19,May,5,2,2011,1,4,2010,2
2011-05-07,2011-05-07,7,Saturday,7,127,19,May,5,2,2011,1,4,2010,2
2011-05-08,2011-05-08,1,Sunday,8,128,20,May,5,2,2011,1,4,2010,2
2011-05-09,2011-05-09,2,Monday,9,129,20,May,5,2,2011,1,4,2010,2
2011-05-10,2011-05-10,3,Tuesday,10,130,20,May,5,2,2011,1,4,2010,2
2011-05-11,2011-05-11,4,Wednesday,11,131,20,May,5,2,2011,1,4,2010,2
2011-05-12,2011-05-12,5,Thursday,12,132,20,May,5,2,2011,1,4,2010,2
2011-05-13,2011-05-13,6,Friday,13,133,20,May,5,2,2011,1,4,2010,2
2011-05-14,2011-05-14,7,Saturday,14,134,20,May,5,2,2011,1,4,2010,2
2011-05-15,2011-05-15,1,Sunday,15,135,21,May,5,2,2011,1,4,2010,2
2011-05-16,2011-05-16,2,Monday,16,136,21,May,5,2,2011,1,4,2010,2
2011-05-17,2011-05-17,3,Tuesday,17,137,21,May,5,2,2011,1,4,2010,2
2011-05-18,2011-05-18,4,Wednesday,18,138,21,May,5,2,2011,1,4,2010,2
2011-05-19,2011-05-19,5,Thursday,19,139,21,May,5,2,2011,1,4,2010,2
2011-05-20,2011-05-20,6,Friday,20,140,21,May,5,2,2011,1,4,2010,2
2011-05-21,2011-05-21,7,Saturday,21,141,21,May,5,2,2011,1,4,2010,2
2011-05-22,2011-05-22,1,Sunday,22,142,22,May,5,2,2011,1,4,2010,2
2011-05-23,2011-05-23,2,Monday,23,143,22,May,5,2,2011,1,4,2010,2
2011-05-24,2011-05-24,3,Tuesday,24,144,22,May,5,2,2011,1,4,2010,2
2011-05-25,2011-05-25,4,Wednesday,25,145,22,May,5,2,2011,1,4,2010,2
2011-05-26,2011-05-26,5,Thursday,26,146,22,May,5,2,2011,1,4,2010,2
2011-05-27,2011-05-27,6,Friday,27,147,22,May,5,2,2011,1,4,2010,2
2011-05-28,2011-05-28,7,Saturday,28,148,22,May,5,2,2011,1,4,2010,2
2011-05-29,2011-05-29,1,Sunday,29,149,23,May,5,2,2011,1,4,2010,2
2011-05-30,2011-05-30,2,Monday,30,150,23,May,5,2,2011,1,4,2010,2
2011-05-31,2011-05-31,3,Tuesday,31,151,23,May,5,2,2011,1,4,2010,2
2011-06-01,2011-06-01,4,Wednesday,1,152,23,June,6,2,2011,1,4,2010,2
2011-06-02,2011-06-02,5,Thursday,2,153,23,June,6,2,2011,1,4,2010,2
2011-06-03,2011-06-03,6,Friday,3,154,23,June,6,2,2011,1,4,2010,2
2011-06-04,2011-06-04,7,Saturday,4,155,23,June,6,2,2011,1,4,2010,2
2011-06-05,2011-06-05,1,Sunday,5,156,24,June,6,2,2011,1,4,2010,2
2011-06-06,2011-06-06,2,Monday,6,157,24,June,6,2,2011,1,4,2010,2
2011-06-07,2011-06-07,3,Tuesday,7,158,24,June,6,2,2011,1,4,2010,2
2011-06-08,2011-06-08,4,Wednesday,8,159,24,June,6,2,2011,1,4,2010,2
2011-06-09,2011-06-09,5,Thursday,9,160,24,June,6,2,2011,1,4,2010,2
2011-06-10,2011-06-10,6,Friday,10,161,24,June,6,2,2011,1,4,2010,2
2011-06-11,2011-06-11,7,Saturday,11,162,24,June,6,2,2011,1,4,2010,2
2011-06-12,2011-06-12,1,Sunday,12,163,25,June,6,2,2011,1,4,2010,2
2011-06-13,2011-06-13,2,Monday,13,164,25,June,6,2,2011,1,4,2010,2
2011-06-14,2011-06-14,3,Tuesday,14,165,25,June,6,2,2011,1,4,2010,2
2011-06-15,2011-06-15,4,Wednesday,15,166,25,June,6,2,2011,1,4,2010,2
2011-06-16,2011-06-16,5,Thursday,16,167,25,June,6,2,2011,1,4,2010,2
2011-06-17,2011-06-17,6,Friday,17,168,25,June,6,2,2011,1,4,2010,2
2011-06-18,2011-06-18,7,Saturday,18,169,25,June,6,2,2011,1,4,2010,2
2011-06-19,2011-06-19,1,Sunday,19,170,26,June,6,2,2011,1,4,2010,2
2011-06-20,2011-06-20,2,Monday,20,171,26,June,6,2,2011,1,4,2010,2
2011-06-21,2011-06-21,3,Tuesday,21,172,26,June,6,2,2011,1,4,2010,2
2011-06-22,2011-06-22,4,Wednesday,22,173,26,June,6,2,2011,1,4,2010,2
2011-06-23,2011-06-23,5,Thursday,23,174,26,June,6,2,2011,1,4,2010,2
2011-06-24,2011-06-24,6,Friday,24,175,26,June,6,2,2011,1,4,2010,2
2011-06-25,2011-06-25,7,Saturday,25,176,26,June,6,2,2011,1,4,2010,2
2011-06-26,2011-06-26,1,Sunday,26,177,27,June,6,2,2011,1,4,2010,2
2011-06-27,2011-06-27,2,Monday,27,178,27,June,6,2,2011,1,4,2010,2
2011-06-28,2011-06-28,3,Tuesday,28,179,27,June,6,2,2011,1,4,2010,2
2011-06-29,2011-06-29,4,Wednesday,29,180,27,June,6,2,2011,1,4,2010,2
2011-06-30,2011-06-30,5,Thursday,30,181,27,June,6,2,2011,1,4,2010,2
2011-07-01,2011-07-01,6,Friday,1,182,27,July,7,3,2011,2,1,2011,1
2011-07-02,2011-07-02,7,Saturday,2,183,27,July,7,3,2011,2,1,2011,1
2011-07-03,2011-07-03,1,Sunday,3,184,28,July,7,3,2011,2,1,2011,1
2011-07-04,2011-07-04,2,Monday,4,185,28,July,7,3,2011,2,1,2011,1
2011-07-05,2011-07-05,3,Tuesday,5,186,28,July,7,3,2011,2,1,2011,1
2011-07-06,2011-07-06,4,Wednesday,6,187,28,July,7,3,2011,2,1,2011,1
2011-07-07,2011-07-07,5,Thursday,7,188,28,July,7,3,2011,2,1,2011,1
2011-07-08,2011-07-08,6,Friday,8,189,28,July,7,3,2011,2,1,2011,1
2011-07-09,2011-07-09,7,Saturday,9,190,28,July,7,3,2011,2,1,2011,1
2011-07-10,2011-07-10,1,Sunday,10,191,29,July,7,3,2011,2,1,2011,1
2011-07-11,2011-07-11,2,Monday,11,192,29,July,7,3,2011,2,1,2011,1
2011-07-12,2011-07-12,3,Tuesday,12,193,29,July,7,3,2011,2,1,2011,1
2011-07-13,2011-07-13,4,Wednesday,13,194,29,July,7,3,2011,2,1,2011,1
2011-07-14,2011-07-14,5,Thursday,14,195,29,July,7,3,2011,2,1,2011,1
2011-07-15,2011-07-15,6,Friday,15,196,29,July,7,3,2011,2,1,2011,1
2011-07-16,2011-07-16,7,Saturday,16,197,29,July,7,3,2011,2,1,2011,1
2011-07-17,2011-07-17,1,Sunday,17,198,30,July,7,3,2011,2,1,2011,1
2011-07-18,2011-07-18,2,Monday,18,199,30,July,7,3,2011,2,1,2011,1
2011-07-19,2011-07-19,3,Tuesday,19,200,30,July,7,3,2011,2,1,2011,1
2011-07-20,2011-07-20,4,Wednesday,20,201,30,July,7,3,2011,2,1,2011,1
2011-07-21,2011-07-21,5,Thursday,21,202,30,July,7,3,2011,2,1,2011,1
2011-07-22,2011-07-22,6,Friday,22,203,30,July,7,3,2011,2,1,2011,1
2011-07-23,2011-07-23,7,Saturday,23,204,30,July,7,3,2011,2,1,2011,1
2011-07-24,2011-07-24,1,Sunday,24,205,31,July,7,3,2011,2,1,2011,1
2011-07-25,2011-07-25,2,Monday,25,206,31,July,7,3,2011,2,1,2011,1
2011-07-26,2011-07-26,3,Tuesday,26,207,31,July,7,3,2011,2,1,2011,1
2011-07-27,2011-07-27,4,Wednesday,27,208,31,July,7,3,2011,2,1,2011,1
2011-07-28,2011-07-28,5,Thursday,28,209,31,July,7,3,2011,2,1,2011,1
2011-07-29,2011-07-29,6,Friday,29,210,31,July,7,3,2011,2,1,2011,1
2011-07-30,2011-07-30,7,Saturday,30,211,31,July,7,3,2011,2,1,2011,1
2011-07-31,2011-07-31,1,Sunday,31,212,32,July,7,3,2011,2,1,2011,1
2011-08-01,2011-08-01,2,Monday,1,213,32,August,8,3,2011,2,1,2011,1
2011-08-02,2011-08-02,3,Tuesday,2,214,32,August,8,3,2011,2,1,2011,1
2011-08-03,2011-08-03,4,Wednesday,3,215,32,August,8,3,2011,2,1,2011,1
2011-08-04,2011-08-04,5,Thursday,4,216,32,August,8,3,2011,2,1,2011,1
2011-08-05,2011-08-05,6,Friday,5,217,32,August,8,3,2011,2,1,2011,1
2011-08-06,2011-08-06,7,Saturday,6,218,32,August,8,3,2011,2,1,2011,1
2011-08-07,2011-08-07,1,Sunday,7,219,33,August,8,3,2011,2,1,2011,1
2011-08-08,2011-08-08,2,Monday,8,220,33,August,8,3,2011,2,1,2011,1
2011-08-09,2011-08-09,3,Tuesday,9,221,33,August,8,3,2011,2,1,2011,1
2011-08-10,2011-08-10,4,Wednesday,10,222,33,August,8,3,2011,2,1,2011,1
2011-08-11,2011-08-11,5,Thursday,11,223,33,August,8,3,2011,2,1,2011,1
2011-08-12,2011-08-12,6,Friday,12,224,33,August,8,3,2011,2,1,2011,1
2011-08-13,2011-08-13,7,Saturday,13,225,33,August,8,3,2011,2,1,2011,1
2011-08-14,2011-08-14,1,Sunday,14,226,34,August,8,3,2011,2,1,2011,1
2011-08-15,2011-08-15,2,Monday,15,227,34,August,8,3,2011,2,1,2011,1
2011-08-16,2011-08-16,3,Tuesday,16,228,34,August,8,3,2011,2,1,2011,1
2011-08-17,2011-08-17,4,Wednesday,17,229,34,August,8,3,2011,2,1,2011,1
2011-08-18,2011-08-18,5,Thursday,18,230,34,August,8,3,2011,2,1,2011,1
2011-08-19,2011-08-19,6,Friday,19,231,34,August,8,3,2011,2,1,2011,1
2011-08-20,2011-08-20,7,Saturday,20,232,34,August,8,3,2011,2,1,2011,1
2011-08-21,2011-08-21,1,Sunday,21,233,35,August,8,3,2011,2,1,2011,1
2011-08-22,2011-08-22,2,Monday,22,234,35,August,8,3,2011,2,1,2011,1
2011-08-23,2011-08-23,3,Tuesday,23,235,35,August,8,3,2011,2,1,2011,1
2011-08-24,2011-08-24,4,Wednesday,24,236,35,August,8,3,2011,2,1,2011,1
2011-08-25,2011-08-25,5,Thursday,25,237,35,August,8,3,2011,2,1,2011,1
2011-08-26,2011-08-26,6,Friday,26,238,35,August,8,3,2011,2,1,2011,1
2011-08-27,2011-08-27,7,Saturday,27,239,35,August,8,3,2011,2,1,2011,1
2011-08-28,2011-08-28,1,Sunday,28,240,36,August,8,3,2011,2,1,2011,1
2011-08-29,2011-08-29,2,Monday,29,241,36,August,8,3,2011,2,1,2011,1
2011-08-30,2011-08-30,3,Tuesday,30,242,36,August,8,3,2011,2,1,2011,1
2011-08-31,2011-08-31,4,Wednesday,31,243,36,August,8,3,2011,2,1,2011,1
2011-09-01,2011-09-01,5,Thursday,1,244,36,September,9,3,2011,2,1,2011,1
2011-09-02,2011-09-02,6,Friday,2,245,36,September,9,3,2011,2,1,2011,1
2011-09-03,2011-09-03,7,Saturday,3,246,36,September,9,3,2011,2,1,2011,1
2011-09-04,2011-09-04,1,Sunday,4,247,37,September,9,3,2011,2,1,2011,1
2011-09-05,2011-09-05,2,Monday,5,248,37,September,9,3,2011,2,1,2011,1
2011-09-06,2011-09-06,3,Tuesday,6,249,37,September,9,3,2011,2,1,2011,1
2011-09-07,2011-09-07,4,Wednesday,7,250,37,September,9,3,2011,2,1,2011,1
2011-09-08,2011-09-08,5,Thursday,8,251,37,September,9,3,2011,2,1,2011,1
2011-09-09,2011-09-09,6,Friday,9,252,37,September,9,3,2011,2,1,2011,1
2011-09-10,2011-09-10,7,Saturday,10,253,37,September,9,3,2011,2,1,2011,1
2011-09-11,2011-09-11,1,Sunday,11,254,38,September,9,3,2011,2,1,2011,1
2011-09-12,2011-09-12,2,Monday,12,255,38,September,9,3,2011,2,1,2011,1
2011-09-13,2011-09-13,3,Tuesday,13,256,38,September,9,3,2011,2,1,2011,1
2011-09-14,2011-09-14,4,Wednesday,14,257,38,September,9,3,2011,2,1,2011,1
2011-09-15,2011-09-15,5,Thursday,15,258,38,September,9,3,2011,2,1,2011,1
2011-09-16,2011-09-16,6,Friday,16,259,38,September,9,3,2011,2,1,2011,1
2011-09-17,2011-09-17,7,Saturday,17,260,38,September,9,3,2011,2,1,2011,1
2011-09-18,2011-09-18,1,Sunday,18,261,39,September,9,3,2011,2,1,2011,1
2011-09-19,2011-09-19,2,Monday,19,262,39,September,9,3,2011,2,1,2011,1
2011-09-20,2011-09-20,3,Tuesday,20,263,39,September,9,3,2011,2,1,2011,1
2011-09-21,2011-09-21,4,Wednesday,21,264,39,September,9,3,2011,2,1,2011,1
2011-09-22,2011-09-22,5,Thursday,22,265,39,September,9,3,2011,2,1,2011,1
2011-09-23,2011-09-23,6,Friday,23,266,39,September,9,3,2011,2,1,2011,1
2011-09-24,2011-09-24,7,Saturday,24,267,39,September,9,3,2011,2,1,2011,1
2011-09-25,2011-09-25,1,Sunday,25,268,40,September,9,3,2011,2,1,2011,1
2011-09-26,2011-09-26,2,Monday,26,269,40,September,9,3,2011,2,1,2011,1
2011-09-27,2011-09-27,3,Tuesday,27,270,40,September,9,3,2011,2,1,2011,1
2011-09-28,2011-09-28,4,Wednesday,28,271,40,September,9,3,2011,2,1,2011,1
2011-09-29,2011-09-29,5,Thursday,29,272,40,September,9,3,2011,2,1,2011,1
2011-09-30,2011-09-30,6,Friday,30,273,40,September,9,3,2011,2,1,2011,1
2011-10-01,2011-10-01,7,Saturday,1,274,40,October,10,4,2011,2,2,2011,1
2011-10-02,2011-10-02,1,Sunday,2,275,41,October,10,4,2011,2,2,2011,1
2011-10-03,2011-10-03,2,Monday,3,276,41,October,10,4,2011,2,2,2011,1
2011-10-04,2011-10-04,3,Tuesday,4,277,41,October,10,4,2011,2,2,2011,1
2011-10-05,2011-10-05,4,Wednesday,5,278,41,October,10,4,2011,2,2,2011,1
2011-10-06,2011-10-06,5,Thursday,6,279,41,October,10,4,2011,2,2,2011,1
2011-10-07,2011-10-07,6,Friday,7,280,41,October,10,4,2011,2,2,2011,1
2011-10-08,2011-10-08,7,Saturday,8,281,41,October,10,4,2011,2,2,2011,1
2011-10-09,2011-10-09,1,Sunday,9,282,42,October,10,4,2011,2,2,2011,1
2011-10-10,2011-10-10,2,Monday,10,283,42,October,10,4,2011,2,2,2011,1
2011-10-11,2011-10-11,3,Tuesday,11,284,42,October,10,4,2011,2,2,2011,1
2011-10-12,2011-10-12,4,Wednesday,12,285,42,October,10,4,2011,2,2,2011,1
2011-10-13,2011-10-13,5,Thursday,13,286,42,October,10,4,2011,2,2,2011,1
2011-10-14,2011-10-14,6,Friday,14,287,42,October,10,4,2011,2,2,2011,1
2011-10-15,2011-10-15,7,Saturday,15,288,42,October,10,4,2011,2,2,2011,1
2011-10-16,2011-10-16,1,Sunday,16,289,43,October,10,4,2011,2,2,2011,1
2011-10-17,2011-10-17,2,Monday,17,290,43,October,10,4,2011,2,2,2011,1
2011-10-18,2011-10-18,3,Tuesday,18,291,43,October,10,4,2011,2,2,2011,1
2011-10-19,2011-10-19,4,Wednesday,19,292,43,October,10,4,2011,2,2,2011,1
2011-10-20,2011-10-20,5,Thursday,20,293,43,October,10,4,2011,2,2,2011,1
2011-10-21,2011-10-21,6,Friday,21,294,43,October,10,4,2011,2,2,2011,1
2011-10-22,2011-10-22,7,Saturday,22,295,43,October,10,4,2011,2,2,2011,1
2011-10-23,2011-10-23,1,Sunday,23,296,44,October,10,4,2011,2,2,2011,1
2011-10-24,2011-10-24,2,Monday,24,297,44,October,10,4,2011,2,2,2011,1
2011-10-25,2011-10-25,3,Tuesday,25,298,44,October,10,4,2011,2,2,2011,1
2011-10-26,2011-10-26,4,Wednesday,26,299,44,October,10,4,2011,2,2,2011,1
2011-10-27,2011-10-27,5,Thursday,27,300,44,October,10,4,2011,2,2,2011,1
2011-10-28,2011-10-28,6,Friday,28,301,44,October,10,4,2011,2,2,2011,1
2011-10-29,2011-10-29,7,Saturday,29,302,44,October,10,4,2011,2,2,2011,1
2011-10-30,2011-10-30,1,Sunday,30,303,45,October,10,4,2011,2,2,2011,1
2011-10-31,2011-10-31,2,Monday,31,304,45,October,10,4,2011,2,2,2011,1
2011-11-01,2011-11-01,3,Tuesday,1,305,45,November,11,4,2011,2,2,2011,1
2011-11-02,2011-11-02,4,Wednesday,2,306,45,November,11,4,2011,2,2,2011,1
2011-11-03,2011-11-03,5,Thursday,3,307,45,November,11,4,2011,2,2,2011,1
2011-11-04,2011-11-04,6,Friday,4,308,45,November,11,4,2011,2,2,2011,1
2011-11-05,2011-11-05,7,Saturday,5,309,45,November,11,4,2011,2,2,2011,1
2011-11-06,2011-11-06,1,Sunday,6,310,46,November,11,4,2011,2,2,2011,1
2011-11-07,2011-11-07,2,Monday,7,311,46,November,11,4,2011,2,2,2011,1
2011-11-08,2011-11-08,3,Tuesday,8,312,46,November,11,4,2011,2,2,2011,1
2011-11-09,2011-11-09,4,Wednesday,9,313,46,November,11,4,2011,2,2,2011,1
2011-11-10,2011-11-10,5,Thursday,10,314,46,November,11,4,2011,2,2,2011,1
2011-11-11,2011-11-11,6,Friday,11,315,46,November,11,4,2011,2,2,2011,1
2011-11-12,2011-11-12,7,Saturday,12,316,46,November,11,4,2011,2,2,2011,1
2011-11-13,2011-11-13,1,Sunday,13,317,47,November,11,4,2011,2,2,2011,1
2011-11-14,2011-11-14,2,Monday,14,318,47,November,11,4,2011,2,2,2011,1
2011-11-15,2011-11-15,3,Tuesday,15,319,47,November,11,4,2011,2,2,2011,1
2011-11-16,2011-11-16,4,Wednesday,16,320,47,November,11,4,2011,2,2,2011,1
2011-11-17,2011-11-17,5,Thursday,17,321,47,November,11,4,2011,2,2,2011,1
2011-11-18,2011-11-18,6,Friday,18,322,47,November,11,4,2011,2,2,2011,1
2011-11-19,2011-11-19,7,Saturday,19,323,47,November,11,4,2011,2,2,2011,1
2011-11-20,2011-11-20,1,Sunday,20,324,48,November,11,4,2011,2,2,2011,1
2011-11-21,2011-11-21,2,Monday,21,325,48,November,11,4,2011,2,2,2011,1
2011-11-22,2011-11-22,3,Tuesday,22,326,48,November,11,4,2011,2,2,2011,1
2011-11-23,2011-11-23,4,Wednesday,23,327,48,November,11,4,2011,2,2,2011,1
2011-11-24,2011-11-24,5,Thursday,24,328,48,November,11,4,2011,2,2,2011,1
2011-11-25,2011-11-25,6,Friday,25,329,48,November,11,4,2011,2,2,2011,1
2011-11-26,2011-11-26,7,Saturday,26,330,48,November,11,4,2011,2,2,2011,1
2011-11-27,2011-11-27,1,Sunday,27,331,49,November,11,4,2011,2,2,2011,1
2011-11-28,2011-11-28,2,Monday,28,332,49,November,11,4,2011,2,2,2011,1
2011-11-29,2011-11-29,3,Tuesday,29,333,49,November,11,4,2011,2,2,2011,1
2011-11-30,2011-11-30,4,Wednesday,30,334,49,November,11,4,2011,2,2,2011,1
2011-12-01,2011-12-01,5,Thursday,1,335,49,December,12,4,2011,2,2,2011,1
2011-12-02,2011-12-02,6,Friday,2,336,49,December,12,4,2011,2,2,2011,1
2011-12-03,2011-12-03,7,Saturday,3,337,49,December,12,4,2011,2,2,2011,1
2011-12-04,2011-12-04,1,Sunday,4,338,50,December,12,4,2011,2,2,2011,1
2011-12-05,2011-12-05,2,Monday,5,339,50,December,12,4,2011,2,2,2011,1
2011-12-06,2011-12-06,3,Tuesday,6,340,50,December,12,4,2011,2,2,2011,1
2011-12-07,2011-12-07,4,Wednesday,7,341,50,December,12,4,2011,2,2,2011,1
2011-12-08,2011-12-08,5,Thursday,8,342,50,December,12,4,2011,2,2,2011,1
2011-12-09,2011-12-09,6,Friday,9,343,50,December,12,4,2011,2,2,2011,1
2011-12-10,2011-12-10,7,Saturday,10,344,50,December,12,4,2011,2,2,2011,1
2011-12-11,2011-12-11,1,Sunday,11,345,51,December,12,4,2011,2,2,2011,1
2011-12-12,2011-12-12,2,Monday,12,346,51,December,12,4,2011,2,2,2011,1
2011-12-13,2011-12-13,3,Tuesday,13,347,51,December,12,4,2011,2,2,2011,1
2011-12-14,2011-12-14,4,Wednesday,14,348,51,December,12,4,2011,2,2,2011,1
2011-12-15,2011-12-15,5,Thursday,15,349,51,December,12,4,2011,2,2,2011,1
2011-12-16,2011-12-16,6,Friday,16,350,51,December,12,4,2011,2,2,2011,1
2011-12-17,2011-12-17,7,Saturday,17,351,51,December,12,4,2011,2,2,2011,1
2011-12-18,2011-12-18,1,Sunday,18,352,52,December,12,4,2011,2,2,2011,1
2011-12-19,2011-12-19,2,Monday,19,353,52,December,12,4,2011,2,2,2011,1
2011-12-20,2011-12-20,3,Tuesday,20,354,52,December,12,4,2011,2,2,2011,1
2011-12-21,2011-12-21,4,Wednesday,21,355,52,December,12,4,2011,2,2,2011,1
2011-12-22,2011-12-22,5,Thursday,22,356,52,December,12,4,2011,2,2,2011,1
2011-12-23,2011-12-23,6,Friday,23,357,52,December,12,4,2011,2,2,2011,1
2011-12-24,2011-12-24,7,Saturday,24,358,52,December,12,4,2011,2,2,2011,1
2011-12-25,2011-12-25,1,Sunday,25,359,53,December,12,4,2011,2,2,2011,1
2011-12-26,2011-12-26,2,Monday,26,360,53,December,12,4,2011,2,2,2011,1
2011-12-27,2011-12-27,3,Tuesday,27,361,53,December,12,4,2011,2,2,2011,1
2011-12-28,2011-12-28,4,Wednesday,28,362,53,December,12,4,2011,2,2,2011,1
2011-12-29,2011-12-29,5,Thursday,29,363,53,December,12,4,2011,2,2,2011,1
2011-12-30,2011-12-30,6,Friday,30,364,53,December,12,4,2011,2,2,2011,1
2011-12-31,2011-12-31,7,Saturday,31,365,53,December,12,4,2011,2,2,2011,1
2012-01-01,2012-01-01,1,Sunday,1,1,1,January,1,1,2012,1,3,2011,2
2012-01-02,2012-01-02,2,Monday,2,2,1,January,1,1,2012,1,3,2011,2
2012-01-03,2012-01-03,3,Tuesday,3,3,1,January,1,1,2012,1,3,2011,2
2012-01-04,2012-01-04,4,Wednesday,4,4,1,January,1,1,2012,1,3,2011,2
2012-01-05,2012-01-05,5,Thursday,5,5,1,January,1,1,2012,1,3,2011,2
2012-01-06,2012-01-06,6,Friday,6,6,1,January,1,1,2012,1,3,2011,2
2012-01-07,2012-01-07,7,Saturday,7,7,1,January,1,1,2012,1,3,2011,2
2012-01-08,2012-01-08,1,Sunday,8,8,2,January,1,1,2012,1,3,2011,2
2012-01-09,2012-01-09,2,Monday,9,9,2,January,1,1,2012,1,3,2011,2
2012-01-10,2012-01-10,3,Tuesday,10,10,2,January,1,1,2012,1,3,2011,2
2012-01-11,2012-01-11,4,Wednesday,11,11,2,January,1,1,2012,1,3,2011,2
2012-01-12,2012-01-12,5,Thursday,12,12,2,January,1,1,2012,1,3,2011,2
2012-01-13,2012-01-13,6,Friday,13,13,2,January,1,1,2012,1,3,2011,2
2012-01-14,2012-01-14,7,Saturday,14,14,2,January,1,1,2012,1,3,2011,2
2012-01-15,2012-01-15,1,Sunday,15,15,3,January,1,1,2012,1,3,2011,2
2012-01-16,2012-01-16,2,Monday,16,16,3,January,1,1,2012,1,3,2011,2
2012-01-17,2012-01-17,3,Tuesday,17,17,3,January,1,1,2012,1,3,2011,2
2012-01-18,2012-01-18,4,Wednesday,18,18,3,January,1,1,2012,1,3,2011,2
2012-01-19,2012-01-19,5,Thursday,19,19,3,January,1,1,2012,1,3,2011,2
2012-01-20,2012-01-20,6,Friday,20,20,3,January,1,1,2012,1,3,2011,2
2012-01-21,2012-01-21,7,Saturday,21,21,3,January,1,1,2012,1,3,2011,2
2012-01-22,2012-01-22,1,Sunday,22,22,4,January,1,1,2012,1,3,2011,2
2012-01-23,2012-01-23,2,Monday,23,23,4,January,1,1,2012,1,3,2011,2
2012-01-24,2012-01-24,3,Tuesday,24,24,4,January,1,1,2012,1,3,2011,2
2012-01-25,2012-01-25,4,Wednesday,25,25,4,January,1,1,2012,1,3,2011,2
2012-01-26,2012-01-26,5,Thursday,26,26,4,January,1,1,2012,1,3,2011,2
2012-01-27,2012-01-27,6,Friday,27,27,4,January,1,1,2012,1,3,2011,2
2012-01-28,2012-01-28,7,Saturday,28,28,4,January,1,1,2012,1,3,2011,2
2012-01-29,2012-01-29,1,Sunday,29,29,5,January,1,1,2012,1,3,2011,2
2012-01-30,2012-01-30,2,Monday,30,30,5,January,1,1,2012,1,3,2011,2
2012-01-31,2012-01-31,3,Tuesday,31,31,5,January,1,1,2012,1,3,2011,2
2012-02-01,2012-02-01,4,Wednesday,1,32,5,February,2,1,2012,1,3,2011,2
2012-02-02,2012-02-02,5,Thursday,2,33,5,February,2,1,2012,1,3,2011,2
2012-02-03,2012-02-03,6,Friday,3,34,5,February,2,1,2012,1,3,2011,2
2012-02-04,2012-02-04,7,Saturday,4,35,5,February,2,1,2012,1,3,2011,2
2012-02-05,2012-02-05,1,Sunday,5,36,6,February,2,1,2012,1,3,2011,2
2012-02-06,2012-02-06,2,Monday,6,37,6,February,2,1,2012,1,3,2011,2
2012-02-07,2012-02-07,3,Tuesday,7,38,6,February,2,1,2012,1,3,2011,2
2012-02-08,2012-02-08,4,Wednesday,8,39,6,February,2,1,2012,1,3,2011,2
2012-02-09,2012-02-09,5,Thursday,9,40,6,February,2,1,2012,1,3,2011,2
2012-02-10,2012-02-10,6,Friday,10,41,6,February,2,1,2012,1,3,2011,2
2012-02-11,2012-02-11,7,Saturday,11,42,6,February,2,1,2012,1,3,2011,2
2012-02-12,2012-02-12,1,Sunday,12,43,7,February,2,1,2012,1,3,2011,2
2012-02-13,2012-02-13,2,Monday,13,44,7,February,2,1,2012,1,3,2011,2
2012-02-14,2012-02-14,3,Tuesday,14,45,7,February,2,1,2012,1,3,2011,2
2012-02-15,2012-02-15,4,Wednesday,15,46,7,February,2,1,2012,1,3,2011,2
2012-02-16,2012-02-16,5,Thursday,16,47,7,February,2,1,2012,1,3,2011,2
2012-02-17,2012-02-17,6,Friday,17,48,7,February,2,1,2012,1,3,2011,2
2012-02-18,2012-02-18,7,Saturday,18,49,7,February,2,1,2012,1,3,2011,2
2012-02-19,2012-02-19,1,Sunday,19,50,8,February,2,1,2012,1,3,2011,2
2012-02-20,2012-02-20,2,Monday,20,51,8,February,2,1,2012,1,3,2011,2
2012-02-21,2012-02-21,3,Tuesday,21,52,8,February,2,1,2012,1,3,2011,2
2012-02-22,2012-02-22,4,Wednesday,22,53,8,February,2,1,2012,1,3,2011,2
2012-02-23,2012-02-23,5,Thursday,23,54,8,February,2,1,2012,1,3,2011,2
2012-02-24,2012-02-24,6,Friday,24,55,8,February,2,1,2012,1,3,2011,2
2012-02-25,2012-02-25,7,Saturday,25,56,8,February,2,1,2012,1,3,2011,2
2012-02-26,2012-02-26,1,Sunday,26,57,9,February,2,1,2012,1,3,2011,2
2012-02-27,2012-02-27,2,Monday,27,58,9,February,2,1,2012,1,3,2011,2
2012-02-28,2012-02-28,3,Tuesday,28,59,9,February,2,1,2012,1,3,2011,2
2012-02-29,2012-02-29,4,Wednesday,29,60,9,February,2,1,2012,1,3,2011,2
2012-03-01,2012-03-01,5,Thursday,1,61,9,March,3,1,2012,1,3,2011,2
2012-03-02,2012-03-02,6,Friday,2,62,9,March,3,1,2012,1,3,2011,2
2012-03-03,2012-03-03,7,Saturday,3,63,9,March,3,1,2012,1,3,2011,2
2012-03-04,2012-03-04,1,Sunday,4,64,10,March,3,1,2012,1,3,2011,2
2012-03-05,2012-03-05,2,Monday,5,65,10,March,3,1,2012,1,3,2011,2
2012-03-06,2012-03-06,3,Tuesday,6,66,10,March,3,1,2012,1,3,2011,2
2012-03-07,2012-03-07,4,Wednesday,7,67,10,March,3,1,2012,1,3,2011,2
2012-03-08,2012-03-08,5,Thursday,8,68,10,March,3,1,2012,1,3,2011,2
2012-03-09,2012-03-09,6,Friday,9,69,10,March,3,1,2012,1,3,2011,2
2012-03-10,2012-03-10,7,Saturday,10,70,10,March,3,1,2012,1,3,2011,2
2012-03-11,2012-03-11,1,Sunday,11,71,11,March,3,1,2012,1,3,2011,2
2012-03-12,2012-03-12,2,Monday,12,72,11,March,3,1,2012,1,3,2011,2
2012-03-13,2012-03-13,3,Tuesday,13,73,11,March,3,1,2012,1,3,2011,2
2012-03-14,2012-03-14,4,Wednesday,14,74,11,March,3,1,2012,1,3,2011,2
2012-03-15,2012-03-15,5,Thursday,15,75,11,March,3,1,2012,1,3,2011,2
2012-03-16,2012-03-16,6,Friday,16,76,11,March,3,1,2012,1,3,2011,2
2012-03-17,2012-03-17,7,Saturday,17,77,11,March,3,1,2012,1,3,2011,2
2012-03-18,2012-03-18,1,Sunday,18,78,12,March,3,1,2012,1,3,2011,2
2012-03-19,2012-03-19,2,Monday,19,79,12,March,3,1,2012,1,3,2011,2
2012-03-20,2012-03-20,3,Tuesday,20,80,12,March,3,1,2012,1,3,2011,2
2012-03-21,2012-03-21,4,Wednesday,21,81,12,March,3,1,2012,1,3,2011,2
2012-03-22,2012-03-22,5,Thursday,22,82,12,March,3,1,2012,1,3,2011,2
2012-03-23,2012-03-23,6,Friday,23,83,12,March,3,1,2012,1,3,2011,2
2012-03-24,2012-03-24,7,Saturday,24,84,12,March,3,1,2012,1,3,2011,2
2012-03-25,2012-03-25,1,Sunday,25,85,13,March,3,1,2012,1,3,2011,2
2012-03-26,2012-03-26,2,Monday,26,86,13,March,3,1,2012,1,3,2011,2
2012-03-27,2012-03-27,3,Tuesday,27,87,13,March,3,1,2012,1,3,2011,2
2012-03-28,2012-03-28,4,Wednesday,28,88,13,March,3,1,2012,1,3,2011,2
2012-03-29,2012-03-29,5,Thursday,29,89,13,March,3,1,2012,1,3,2011,2
2012-03-30,2012-03-30,6,Friday,30,90,13,March,3,1,2012,1,3,2011,2
2012-03-31,2012-03-31,7,Saturday,31,91,13,March,3,1,2012,1,3,2011,2
2012-04-01,2012-04-01,1,Sunday,1,92,14,April,4,2,2012,1,4,2011,2
2012-04-02,2012-04-02,2,Monday,2,93,14,April,4,2,2012,1,4,2011,2
2012-04-03,2012-04-03,3,Tuesday,3,94,14,April,4,2,2012,1,4,2011,2
2012-04-04,2012-04-04,4,Wednesday,4,95,14,April,4,2,2012,1,4,2011,2
2012-04-05,2012-04-05,5,Thursday,5,96,14,April,4,2,2012,1,4,2011,2
2012-04-06,2012-04-06,6,Friday,6,97,14,April,4,2,2012,1,4,2011,2
2012-04-07,2012-04-07,7,Saturday,7,98,14,April,4,2,2012,1,4,2011,2
2012-04-08,2012-04-08,1,Sunday,8,99,15,April,4,2,2012,1,4,2011,2
2012-04-09,2012-04-09,2,Monday,9,100,15,April,4,2,2012,1,4,2011,2
2012-04-10,2012-04-10,3,Tuesday,10,101,15,April,4,2,2012,1,4,2011,2
2012-04-11,2012-04-11,4,Wednesday,11,102,15,April,4,2,2012,1,4,2011,2
2012-04-12,2012-04-12,5,Thursday,12,103,15,April,4,2,2012,1,4,2011,2
2012-04-13,2012-04-13,6,Friday,13,104,15,April,4,2,2012,1,4,2011,2
2012-04-14,2012-04-14,7,Saturday,14,105,15,April,4,2,2012,1,4,2011,2
2012-04-15,2012-04-15,1,Sunday,15,106,16,April,4,2,2012,1,4,2011,2
2012-04-16,2012-04-16,2,Monday,16,107,16,April,4,2,2012,1,4,2011,2
2012-04-17,2012-04-17,3,Tuesday,17,108,16,April,4,2,2012,1,4,2011,2
2012-04-18,2012-04-18,4,Wednesday,18,109,16,April,4,2,2012,1,4,2011,2
2012-04-19,2012-04-19,5,Thursday,19,110,16,April,4,2,2012,1,4,2011,2
2012-04-20,2012-04-20,6,Friday,20,111,16,April,4,2,2012,1,4,2011,2
2012-04-21,2012-04-21,7,Saturday,21,112,16,April,4,2,2012,1,4,2011,2
2012-04-22,2012-04-22,1,Sunday,22,113,17,April,4,2,2012,1,4,2011,2
2012-04-23,2012-04-23,2,Monday,23,114,17,April,4,2,2012,1,4,2011,2
2012-04-24,2012-04-24,3,Tuesday,24,115,17,April,4,2,2012,1,4,2011,2
2012-04-25,2012-04-25,4,Wednesday,25,116,17,April,4,2,2012,1,4,2011,2
2012-04-26,2012-04-26,5,Thursday,26,117,17,April,4,2,2012,1,4,2011,2
2012-04-27,2012-04-27,6,Friday,27,118,17,April,4,2,2012,1,4,2011,2
2012-04-28,2012-04-28,7,Saturday,28,119,17,April,4,2,2012,1,4,2011,2
2012-04-29,2012-04-29,1,Sunday,29,120,18,April,4,2,2012,1,4,2011,2
2012-04-30,2012-04-30,2,Monday,30,121,18,April,4,2,2012,1,4,2011,2
2012-05-01,2012-05-01,3,Tuesday,1,122,18,May,5,2,2012,1,4,2011,2
2012-05-02,2012-05-02,4,Wednesday,2,123,18,May,5,2,2012,1,4,2011,2
2012-05-03,2012-05-03,5,Thursday,3,124,18,May,5,2,2012,1,4,2011,2
2012-05-04,2012-05-04,6,Friday,4,125,18,May,5,2,2012,1,4,2011,2
2012-05-05,2012-05-05,7,Saturday,5,126,18,May,5,2,2012,1,4,2011,2
2012-05-06,2012-05-06,1,Sunday,6,127,19,May,5,2,2012,1,4,2011,2
2012-05-07,2012-05-07,2,Monday,7,128,19,May,5,2,2012,1,4,2011,2
2012-05-08,2012-05-08,3,Tuesday,8,129,19,May,5,2,2012,1,4,2011,2
2012-05-09,2012-05-09,4,Wednesday,9,130,19,May,5,2,2012,1,4,2011,2
2012-05-10,2012-05-10,5,Thursday,10,131,19,May,5,2,2012,1,4,2011,2
2012-05-11,2012-05-11,6,Friday,11,132,19,May,5,2,2012,1,4,2011,2
2012-05-12,2012-05-12,7,Saturday,12,133,19,May,5,2,2012,1,4,2011,2
2012-05-13,2012-05-13,1,Sunday,13,134,20,May,5,2,2012,1,4,2011,2
2012-05-14,2012-05-14,2,Monday,14,135,20,May,5,2,2012,1,4,2011,2
2012-05-15,2012-05-15,3,Tuesday,15,136,20,May,5,2,2012,1,4,2011,2
2012-05-16,2012-05-16,4,Wednesday,16,137,20,May,5,2,2012,1,4,2011,2
2012-05-17,2012-05-17,5,Thursday,17,138,20,May,5,2,2012,1,4,2011,2
2012-05-18,2012-05-18,6,Friday,18,139,20,May,5,2,2012,1,4,2011,2
2012-05-19,2012-05-19,7,Saturday,19,140,20,May,5,2,2012,1,4,2011,2
2012-05-20,2012-05-20,1,Sunday,20,141,21,May,5,2,2012,1,4,2011,2
2012-05-21,2012-05-21,2,Monday,21,142,21,May,5,2,2012,1,4,2011,2
2012-05-22,2012-05-22,3,Tuesday,22,143,21,May,5,2,2012,1,4,2011,2
2012-05-23,2012-05-23,4,Wednesday,23,144,21,May,5,2,2012,1,4,2011,2
2012-05-24,2012-05-24,5,Thursday,24,145,21,May,5,2,2012,1,4,2011,2
2012-05-25,2012-05-25,6,Friday,25,146,21,May,5,2,2012,1,4,2011,2
2012-05-26,2012-05-26,7,Saturday,26,147,21,May,5,2,2012,1,4,2011,2
2012-05-27,2012-05-27,1,Sunday,27,148,22,May,5,2,2012,1,4,2011,2
2012-05-28,2012-05-28,2,Monday,28,149,22,May,5,2,2012,1,4,2011,2
2012-05-29,2012-05-29,3,Tuesday,29,150,22,May,5,2,2012,1,4,2011,2
2012-05-30,2012-05-30,4,Wednesday,30,151,22,May,5,2,2012,1,4,2011,2
2012-05-31,2012-05-31,5,Thursday,31,152,22,May,5,2,2012,1,4,2011,2
2012-06-01,2012-06-01,6,Friday,1,153,22,June,6,2,2012,1,4,2011,2
2012-06-02,2012-06-02,7,Saturday,2,154,22,June,6,2,2012,1,4,2011,2
2012-06-03,2012-06-03,1,Sunday,3,155,23,June,6,2,2012,1,4,2011,2
2012-06-04,2012-06-04,2,Monday,4,156,23,June,6,2,2012,1,4,2011,2
2012-06-05,2012-06-05,3,Tuesday,5,157,23,June,6,2,2012,1,4,2011,2
2012-06-06,2012-06-06,4,Wednesday,6,158,23,June,6,2,2012,1,4,2011,2
2012-06-07,2012-06-07,5,Thursday,7,159,23,June,6,2,2012,1,4,2011,2
2012-06-08,2012-06-08,6,Friday,8,160,23,June,6,2,2012,1,4,2011,2
2012-06-09,2012-06-09,7,Saturday,9,161,23,June,6,2,2012,1,4,2011,2
2012-06-10,2012-06-10,1,Sunday,10,162,24,June,6,2,2012,1,4,2011,2
2012-06-11,2012-06-11,2,Monday,11,163,24,June,6,2,2012,1,4,2011,2
2012-06-12,2012-06-12,3,Tuesday,12,164,24,June,6,2,2012,1,4,2011,2
2012-06-13,2012-06-13,4,Wednesday,13,165,24,June,6,2,2012,1,4,2011,2
2012-06-14,2012-06-14,5,Thursday,14,166,24,June,6,2,2012,1,4,2011,2
2012-06-15,2012-06-15,6,Friday,15,167,24,June,6,2,2012,1,4,2011,2
2012-06-16,2012-06-16,7,Saturday,16,168,24,June,6,2,2012,1,4,2011,2
2012-06-17,2012-06-17,1,Sunday,17,169,25,June,6,2,2012,1,4,2011,2
2012-06-18,2012-06-18,2,Monday,18,170,25,June,6,2,2012,1,4,2011,2
2012-06-19,2012-06-19,3,Tuesday,19,171,25,June,6,2,2012,1,4,2011,2
2012-06-20,2012-06-20,4,Wednesday,20,172,25,June,6,2,2012,1,4,2011,2
2012-06-21,2012-06-21,5,Thursday,21,173,25,June,6,2,2012,1,4,2011,2
2012-06-22,2012-06-22,6,Friday,22,174,25,June,6,2,2012,1,4,2011,2
2012-06-23,2012-06-23,7,Saturday,23,175,25,June,6,2,2012,1,4,2011,2
2012-06-24,2012-06-24,1,Sunday,24,176,26,June,6,2,2012,1,4,2011,2
2012-06-25,2012-06-25,2,Monday,25,177,26,June,6,2,2012,1,4,2011,2
2012-06-26,2012-06-26,3,Tuesday,26,178,26,June,6,2,2012,1,4,2011,2
2012-06-27,2012-06-27,4,Wednesday,27,179,26,June,6,2,2012,1,4,2011,2
2012-06-28,2012-06-28,5,Thursday,28,180,26,June,6,2,2012,1,4,2011,2
2012-06-29,2012-06-29,6,Friday,29,181,26,June,6,2,2012,1,4,2011,2
2012-06-30,2012-06-30,7,Saturday,30,182,26,June,6,2,2012,1,4,2011,2
2012-07-01,2012-07-01,1,Sunday,1,183,27,July,7,3,2012,2,1,2012,1
2012-07-02,2012-07-02,2,Monday,2,184,27,July,7,3,2012,2,1,2012,1
2012-07-03,2012-07-03,3,Tuesday,3,185,27,July,7,3,2012,2,1,2012,1
2012-07-04,2012-07-04,4,Wednesday,4,186,27,July,7,3,2012,2,1,2012,1
2012-07-05,2012-07-05,5,Thursday,5,187,27,July,7,3,2012,2,1,2012,1
2012-07-06,2012-07-06,6,Friday,6,188,27,July,7,3,2012,2,1,2012,1
2012-07-07,2012-07-07,7,Saturday,7,189,27,July,7,3,2012,2,1,2012,1
2012-07-08,2012-07-08,1,Sunday,8,190,28,July,7,3,2012,2,1,2012,1
2012-07-09,2012-07-09,2,Monday,9,191,28,July,7,3,2012,2,1,2012,1
2012-07-10,2012-07-10,3,Tuesday,10,192,28,July,7,3,2012,2,1,2012,1
2012-07-11,2012-07-11,4,Wednesday,11,193,28,July,7,3,2012,2,1,2012,1
2012-07-12,2012-07-12,5,Thursday,12,194,28,July,7,3,2012,2,1,2012,1
2012-07-13,2012-07-13,6,Friday,13,195,28,July,7,3,2012,2,1,2012,1
2012-07-14,2012-07-14,7,Saturday,14,196,28,July,7,3,2012,2,1,2012,1
2012-07-15,2012-07-15,1,Sunday,15,197,29,July,7,3,2012,2,1,2012,1
2012-07-16,2012-07-16,2,Monday,16,198,29,July,7,3,2012,2,1,2012,1
2012-07-17,2012-07-17,3,Tuesday,17,199,29,July,7,3,2012,2,1,2012,1
2012-07-18,2012-07-18,4,Wednesday,18,200,29,July,7,3,2012,2,1,2012,1
2012-07-19,2012-07-19,5,Thursday,19,201,29,July,7,3,2012,2,1,2012,1
2012-07-20,2012-07-20,6,Friday,20,202,29,July,7,3,2012,2,1,2012,1
2012-07-21,2012-07-21,7,Saturday,21,203,29,July,7,3,2012,2,1,2012,1
2012-07-22,2012-07-22,1,Sunday,22,204,30,July,7,3,2012,2,1,2012,1
2012-07-23,2012-07-23,2,Monday,23,205,30,July,7,3,2012,2,1,2012,1
2012-07-24,2012-07-24,3,Tuesday,24,206,30,July,7,3,2012,2,1,2012,1
2012-07-25,2012-07-25,4,Wednesday,25,207,30,July,7,3,2012,2,1,2012,1
2012-07-26,2012-07-26,5,Thursday,26,208,30,July,7,3,2012,2,1,2012,1
2012-07-27,2012-07-27,6,Friday,27,209,30,July,7,3,2012,2,1,2012,1
2012-07-28,2012-07-28,7,Saturday,28,210,30,July,7,3,2012,2,1,2012,1
2012-07-29,2012-07-29,1,Sunday,29,211,31,July,7,3,2012,2,1,2012,1
2012-07-30,2012-07-30,2,Monday,30,212,31,July,7,3,2012,2,1,2012,1
2012-07-31,2012-07-31,3,Tuesday,31,213,31,July,7,3,2012,2,1,2012,1
2012-08-01,2012-08-01,4,Wednesday,1,214,31,August,8,3,2012,2,1,2012,1
2012-08-02,2012-08-02,5,Thursday,2,215,31,August,8,3,2012,2,1,2012,1
2012-08-03,2012-08-03,6,Friday,3,216,31,August,8,3,2012,2,1,2012,1
2012-08-04,2012-08-04,7,Saturday,4,217,31,August,8,3,2012,2,1,2012,1
2012-08-05,2012-08-05,1,Sunday,5,218,32,August,8,3,2012,2,1,2012,1
2012-08-06,2012-08-06,2,Monday,6,219,32,August,8,3,2012,2,1,2012,1
2012-08-07,2012-08-07,3,Tuesday,7,220,32,August,8,3,2012,2,1,2012,1
2012-08-08,2012-08-08,4,Wednesday,8,221,32,August,8,3,2012,2,1,2012,1
2012-08-09,2012-08-09,5,Thursday,9,222,32,August,8,3,2012,2,1,2012,1
2012-08-10,2012-08-10,6,Friday,10,223,32,August,8,3,2012,2,1,2012,1
2012-08-11,2012-08-11,7,Saturday,11,224,32,August,8,3,2012,2,1,2012,1
2012-08-12,2012-08-12,1,Sunday,12,225,33,August,8,3,2012,2,1,2012,1
2012-08-13,2012-08-13,2,Monday,13,226,33,August,8,3,2012,2,1,2012,1
2012-08-14,2012-08-14,3,Tuesday,14,227,33,August,8,3,2012,2,1,2012,1
2012-08-15,2012-08-15,4,Wednesday,15,228,33,August,8,3,2012,2,1,2012,1
2012-08-16,2012-08-16,5,Thursday,16,229,33,August,8,3,2012,2,1,2012,1
2012-08-17,2012-08-17,6,Friday,17,230,33,August,8,3,2012,2,1,2012,1
2012-08-18,2012-08-18,7,Saturday,18,231,33,August,8,3,2012,2,1,2012,1
2012-08-19,2012-08-19,1,Sunday,19,232,34,August,8,3,2012,2,1,2012,1
2012-08-20,2012-08-20,2,Monday,20,233,34,August,8,3,2012,2,1,2012,1
2012-08-21,2012-08-21,3,Tuesday,21,234,34,August,8,3,2012,2,1,2012,1
2012-08-22,2012-08-22,4,Wednesday,22,235,34,August,8,3,2012,2,1,2012,1
2012-08-23,2012-08-23,5,Thursday,23,236,34,August,8,3,2012,2,1,2012,1
2012-08-24,2012-08-24,6,Friday,24,237,34,August,8,3,2012,2,1,2012,1
2012-08-25,2012-08-25,7,Saturday,25,238,34,August,8,3,2012,2,1,2012,1
2012-08-26,2012-08-26,1,Sunday,26,239,35,August,8,3,2012,2,1,2012,1
2012-08-27,2012-08-27,2,Monday,27,240,35,August,8,3,2012,2,1,2012,1
2012-08-28,2012-08-28,3,Tuesday,28,241,35,August,8,3,2012,2,1,2012,1
2012-08-29,2012-08-29,4,Wednesday,29,242,35,August,8,3,2012,2,1,2012,1
2012-08-30,2012-08-30,5,Thursday,30,243,35,August,8,3,2012,2,1,2012,1
2012-08-31,2012-08-31,6,Friday,31,244,35,August,8,3,2012,2,1,2012,1
2012-09-01,2012-09-01,7,Saturday,1,245,35,September,9,3,2012,2,1,2012,1
2012-09-02,2012-09-02,1,Sunday,2,246,36,September,9,3,2012,2,1,2012,1
2012-09-03,2012-09-03,2,Monday,3,247,36,September,9,3,2012,2,1,2012,1
2012-09-04,2012-09-04,3,Tuesday,4,248,36,September,9,3,2012,2,1,2012,1
2012-09-05,2012-09-05,4,Wednesday,5,249,36,September,9,3,2012,2,1,2012,1
2012-09-06,2012-09-06,5,Thursday,6,250,36,September,9,3,2012,2,1,2012,1
2012-09-07,2012-09-07,6,Friday,7,251,36,September,9,3,2012,2,1,2012,1
2012-09-08,2012-09-08,7,Saturday,8,252,36,September,9,3,2012,2,1,2012,1
2012-09-09,2012-09-09,1,Sunday,9,253,37,September,9,3,2012,2,1,2012,1
2012-09-10,2012-09-10,2,Monday,10,254,37,September,9,3,2012,2,1,2012,1
2012-09-11,2012-09-11,3,Tuesday,11,255,37,September,9,3,2012,2,1,2012,1
2012-09-12,2012-09-12,4,Wednesday,12,256,37,September,9,3,2012,2,1,2012,1
2012-09-13,2012-09-13,5,Thursday,13,257,37,September,9,3,2012,2,1,2012,1
2012-09-14,2012-09-14,6,Friday,14,258,37,September,9,3,2012,2,1,2012,1
2012-09-15,2012-09-15,7,Saturday,15,259,37,September,9,3,2012,2,1,2012,1
2012-09-16,2012-09-16,1,Sunday,16,260,38,September,9,3,2012,2,1,2012,1
2012-09-17,2012-09-17,2,Monday,17,261,38,September,9,3,2012,2,1,2012,1
2012-09-18,2012-09-18,3,Tuesday,18,262,38,September,9,3,2012,2,1,2012,1
2012-09-19,2012-09-19,4,Wednesday,19,263,38,September,9,3,2012,2,1,2012,1
2012-09-20,2012-09-20,5,Thursday,20,264,38,September,9,3,2012,2,1,2012,1
2012-09-21,2012-09-21,6,Friday,21,265,38,September,9,3,2012,2,1,2012,1
2012-09-22,2012-09-22,7,Saturday,22,266,38,September,9,3,2012,2,1,2012,1
2012-09-23,2012-09-23,1,Sunday,23,267,39,September,9,3,2012,2,1,2012,1
2012-09-24,2012-09-24,2,Monday,24,268,39,September,9,3,2012,2,1,2012,1
2012-09-25,2012-09-25,3,Tuesday,25,269,39,September,9,3,2012,2,1,2012,1
2012-09-26,2012-09-26,4,Wednesday,26,270,39,September,9,3,2012,2,1,2012,1
2012-09-27,2012-09-27,5,Thursday,27,271,39,September,9,3,2012,2,1,2012,1
2012-09-28,2012-09-28,6,Friday,28,272,39,September,9,3,2012,2,1,2012,1
2012-09-29,2012-09-29,7,Saturday,29,273,39,September,9,3,2012,2,1,2012,1
2012-09-30,2012-09-30,1,Sunday,30,274,40,September,9,3,2012,2,1,2012,1
2012-10-01,2012-10-01,2,Monday,1,275,40,October,10,4,2012,2,2,2012,1
2012-10-02,2012-10-02,3,Tuesday,2,276,40,October,10,4,2012,2,2,2012,1
2012-10-03,2012-10-03,4,Wednesday,3,277,40,October,10,4,2012,2,2,2012,1
2012-10-04,2012-10-04,5,Thursday,4,278,40,October,10,4,2012,2,2,2012,1
2012-10-05,2012-10-05,6,Friday,5,279,40,October,10,4,2012,2,2,2012,1
2012-10-06,2012-10-06,7,Saturday,6,280,40,October,10,4,2012,2,2,2012,1
2012-10-07,2012-10-07,1,Sunday,7,281,41,October,10,4,2012,2,2,2012,1
2012-10-08,2012-10-08,2,Monday,8,282,41,October,10,4,2012,2,2,2012,1
2012-10-09,2012-10-09,3,Tuesday,9,283,41,October,10,4,2012,2,2,2012,1
2012-10-10,2012-10-10,4,Wednesday,10,284,41,October,10,4,2012,2,2,2012,1
2012-10-11,2012-10-11,5,Thursday,11,285,41,October,10,4,2012,2,2,2012,1
2012-10-12,2012-10-12,6,Friday,12,286,41,October,10,4,2012,2,2,2012,1
2012-10-13,2012-10-13,7,Saturday,13,287,41,October,10,4,2012,2,2,2012,1
2012-10-14,2012-10-14,1,Sunday,14,288,42,October,10,4,2012,2,2,2012,1
2012-10-15,2012-10-15,2,Monday,15,289,42,October,10,4,2012,2,2,2012,1
2012-10-16,2012-10-16,3,Tuesday,16,290,42,October,10,4,2012,2,2,2012,1
2012-10-17,2012-10-17,4,Wednesday,17,291,42,October,10,4,2012,2,2,2012,1
2012-10-18,2012-10-18,5,Thursday,18,292,42,October,10,4,2012,2,2,2012,1
2012-10-19,2012-10-19,6,Friday,19,293,42,October,10,4,2012,2,2,2012,1
2012-10-20,2012-10-20,7,Saturday,20,294,42,October,10,4,2012,2,2,2012,1
2012-10-21,2012-10-21,1,Sunday,21,295,43,October,10,4,2012,2,2,2012,1
2012-10-22,2012-10-22,2,Monday,22,296,43,October,10,4,2012,2,2,2012,1
2012-10-23,2012-10-23,3,Tuesday,23,297,43,October,10,4,2012,2,2,2012,1
2012-10-24,2012-10-24,4,Wednesday,24,298,43,October,10,4,2012,2,2,2012,1
2012-10-25,2012-10-25,5,Thursday,25,299,43,October,10,4,2012,2,2,2012,1
2012-10-26,2012-10-26,6,Friday,26,300,43,October,10,4,2012,2,2,2012,1
2012-10-27,2012-10-27,7,Saturday,27,301,43,October,10,4,2012,2,2,2012,1
2012-10-28,2012-10-28,1,Sunday,28,302,44,October,10,4,2012,2,2,2012,1
2012-10-29,2012-10-29,2,Monday,29,303,44,October,10,4,2012,2,2,2012,1
2012-10-30,2012-10-30,3,Tuesday,30,304,44,October,10,4,2012,2,2,2012,1
2012-10-31,2012-10-31,4,Wednesday,31,305,44,October,10,4,2012,2,2,2012,1
2012-11-01,2012-11-01,5,Thursday,1,306,44,November,11,4,2012,2,2,2012,1
2012-11-02,2012-11-02,6,Friday,2,307,44,November,11,4,2012,2,2,2012,1
2012-11-03,2012-11-03,7,Saturday,3,308,44,November,11,4,2012,2,2,2012,1
2012-11-04,2012-11-04,1,Sunday,4,309,45,November,11,4,2012,2,2,2012,1
2012-11-05,2012-11-05,2,Monday,5,310,45,November,11,4,2012,2,2,2012,1
2012-11-06,2012-11-06,3,Tuesday,6,311,45,November,11,4,2012,2,2,2012,1
2012-11-07,2012-11-07,4,Wednesday,7,312,45,November,11,4,2012,2,2,2012,1
2012-11-08,2012-11-08,5,Thursday,8,313,45,November,11,4,2012,2,2,2012,1
2012-11-09,2012-11-09,6,Friday,9,314,45,November,11,4,2012,2,2,2012,1
2012-11-10,2012-11-10,7,Saturday,10,315,45,November,11,4,2012,2,2,2012,1
2012-11-11,2012-11-11,1,Sunday,11,316,46,November,11,4,2012,2,2,2012,1
2012-11-12,2012-11-12,2,Monday,12,317,46,November,11,4,2012,2,2,2012,1
2012-11-13,2012-11-13,3,Tuesday,13,318,46,November,11,4,2012,2,2,2012,1
2012-11-14,2012-11-14,4,Wednesday,14,319,46,November,11,4,2012,2,2,2012,1
2012-11-15,2012-11-15,5,Thursday,15,320,46,November,11,4,2012,2,2,2012,1
2012-11-16,2012-11-16,6,Friday,16,321,46,November,11,4,2012,2,2,2012,1
2012-11-17,2012-11-17,7,Saturday,17,322,46,November,11,4,2012,2,2,2012,1
2012-11-18,2012-11-18,1,Sunday,18,323,47,November,11,4,2012,2,2,2012,1
2012-11-19,2012-11-19,2,Monday,19,324,47,November,11,4,2012,2,2,2012,1
2012-11-20,2012-11-20,3,Tuesday,20,325,47,November,11,4,2012,2,2,2012,1
2012-11-21,2012-11-21,4,Wednesday,21,326,47,November,11,4,2012,2,2,2012,1
2012-11-22,2012-11-22,5,Thursday,22,327,47,November,11,4,2012,2,2,2012,1
2012-11-23,2012-11-23,6,Friday,23,328,47,November,11,4,2012,2,2,2012,1
2012-11-24,2012-11-24,7,Saturday,24,329,47,November,11,4,2012,2,2,2012,1
2012-11-25,2012-11-25,1,Sunday,25,330,48,November,11,4,2012,2,2,2012,1
2012-11-26,2012-11-26,2,Monday,26,331,48,November,11,4,2012,2,2,2012,1
2012-11-27,2012-11-27,3,Tuesday,27,332,48,November,11,4,2012,2,2,2012,1
2012-11-28,2012-11-28,4,Wednesday,28,333,48,November,11,4,2012,2,2,2012,1
2012-11-29,2012-11-29,5,Thursday,29,334,48,November,11,4,2012,2,2,2012,1
2012-11-30,2012-11-30,6,Friday,30,335,48,November,11,4,2012,2,2,2012,1
2012-12-01,2012-12-01,7,Saturday,1,336,48,December,12,4,2012,2,2,2012,1
2012-12-02,2012-12-02,1,Sunday,2,337,49,December,12,4,2012,2,2,2012,1
2012-12-03,2012-12-03,2,Monday,3,338,49,December,12,4,2012,2,2,2012,1
2012-12-04,2012-12-04,3,Tuesday,4,339,49,December,12,4,2012,2,2,2012,1
2012-12-05,2012-12-05,4,Wednesday,5,340,49,December,12,4,2012,2,2,2012,1
2012-12-06,2012-12-06,5,Thursday,6,341,49,December,12,4,2012,2,2,2012,1
2012-12-07,2012-12-07,6,Friday,7,342,49,December,12,4,2012,2,2,2012,1
2012-12-08,2012-12-08,7,Saturday,8,343,49,December,12,4,2012,2,2,2012,1
2012-12-09,2012-12-09,1,Sunday,9,344,50,December,12,4,2012,2,2,2012,1
2012-12-10,2012-12-10,2,Monday,10,345,50,December,12,4,2012,2,2,2012,1
2012-12-11,2012-12-11,3,Tuesday,11,346,50,December,12,4,2012,2,2,2012,1
2012-12-12,2012-12-12,4,Wednesday,12,347,50,December,12,4,2012,2,2,2012,1
2012-12-13,2012-12-13,5,Thursday,13,348,50,December,12,4,2012,2,2,2012,1
2012-12-14,2012-12-14,6,Friday,14,349,50,December,12,4,2012,2,2,2012,1
2012-12-15,2012-12-15,7,Saturday,15,350,50,December,12,4,2012,2,2,2012,1
2012-12-16,2012-12-16,1,Sunday,16,351,51,December,12,4,2012,2,2,2012,1
2012-12-17,2012-12-17,2,Monday,17,352,51,December,12,4,2012,2,2,2012,1
2012-12-18,2012-12-18,3,Tuesday,18,353,51,December,12,4,2012,2,2,2012,1
2012-12-19,2012-12-19,4,Wednesday,19,354,51,December,12,4,2012,2,2,2012,1
2012-12-20,2012-12-20,5,Thursday,20,355,51,December,12,4,2012,2,2,2012,1
2012-12-21,2012-12-21,6,Friday,21,356,51,December,12,4,2012,2,2,2012,1
2012-12-22,2012-12-22,7,Saturday,22,357,51,December,12,4,2012,2,2,2012,1
2012-12-23,2012-12-23,1,Sunday,23,358,52,December,12,4,2012,2,2,2012,1
2012-12-24,2012-12-24,2,Monday,24,359,52,December,12,4,2012,2,2,2012,1
2012-12-25,2012-12-25,3,Tuesday,25,360,52,December,12,4,2012,2,2,2012,1
2012-12-26,2012-12-26,4,Wednesday,26,361,52,December,12,4,2012,2,2,2012,1
2012-12-27,2012-12-27,5,Thursday,27,362,52,December,12,4,2012,2,2,2012,1
2012-12-28,2012-12-28,6,Friday,28,363,52,December,12,4,2012,2,2,2012,1
2012-12-29,2012-12-29,7,Saturday,29,364,52,December,12,4,2012,2,2,2012,1
2012-12-30,2012-12-30,1,Sunday,30,365,53,December,12,4,2012,2,2,2012,1
2012-12-31,2012-12-31,2,Monday,31,366,53,December,12,4,2012,2,2,2012,1
2013-01-01,2013-01-01,3,Tuesday,1,1,1,January,1,1,2013,1,3,2012,2
2013-01-02,2013-01-02,4,Wednesday,2,2,1,January,1,1,2013,1,3,2012,2
2013-01-03,2013-01-03,5,Thursday,3,3,1,January,1,1,2013,1,3,2012,2
2013-01-04,2013-01-04,6,Friday,4,4,1,January,1,1,2013,1,3,2012,2
2013-01-05,2013-01-05,7,Saturday,5,5,1,January,1,1,2013,1,3,2012,2
2013-01-06,2013-01-06,1,Sunday,6,6,2,January,1,1,2013,1,3,2012,2
2013-01-07,2013-01-07,2,Monday,7,7,2,January,1,1,2013,1,3,2012,2
2013-01-08,2013-01-08,3,Tuesday,8,8,2,January,1,1,2013,1,3,2012,2
2013-01-09,2013-01-09,4,Wednesday,9,9,2,January,1,1,2013,1,3,2012,2
2013-01-10,2013-01-10,5,Thursday,10,10,2,January,1,1,2013,1,3,2012,2
2013-01-11,2013-01-11,6,Friday,11,11,2,January,1,1,2013,1,3,2012,2
2013-01-12,2013-01-12,7,Saturday,12,12,2,January,1,1,2013,1,3,2012,2
2013-01-13,2013-01-13,1,Sunday,13,13,3,January,1,1,2013,1,3,2012,2
2013-01-14,2013-01-14,2,Monday,14,14,3,January,1,1,2013,1,3,2012,2
2013-01-15,2013-01-15,3,Tuesday,15,15,3,January,1,1,2013,1,3,2012,2
2013-01-16,2013-01-16,4,Wednesday,16,16,3,January,1,1,2013,1,3,2012,2
2013-01-17,2013-01-17,5,Thursday,17,17,3,January,1,1,2013,1,3,2012,2
2013-01-18,2013-01-18,6,Friday,18,18,3,January,1,1,2013,1,3,2012,2
2013-01-19,2013-01-19,7,Saturday,19,19,3,January,1,1,2013,1,3,2012,2
2013-01-20,2013-01-20,1,Sunday,20,20,4,January,1,1,2013,1,3,2012,2
2013-01-21,2013-01-21,2,Monday,21,21,4,January,1,1,2013,1,3,2012,2
2013-01-22,2013-01-22,3,Tuesday,22,22,4,January,1,1,2013,1,3,2012,2
2013-01-23,2013-01-23,4,Wednesday,23,23,4,January,1,1,2013,1,3,2012,2
2013-01-24,2013-01-24,5,Thursday,24,24,4,January,1,1,2013,1,3,2012,2
2013-01-25,2013-01-25,6,Friday,25,25,4,January,1,1,2013,1,3,2012,2
2013-01-26,2013-01-26,7,Saturday,26,26,4,January,1,1,2013,1,3,2012,2
2013-01-27,2013-01-27,1,Sunday,27,27,5,January,1,1,2013,1,3,2012,2
2013-01-28,2013-01-28,2,Monday,28,28,5,January,1,1,2013,1,3,2012,2
2013-01-29,2013-01-29,3,Tuesday,29,29,5,January,1,1,2013,1,3,2012,2
2013-01-30,2013-01-30,4,Wednesday,30,30,5,January,1,1,2013,1,3,2012,2
2013-01-31,2013-01-31,5,Thursday,31,31,5,January,1,1,2013,1,3,2012,2
2013-02-01,2013-02-01,6,Friday,1,32,5,February,2,1,2013,1,3,2012,2
2013-02-02,2013-02-02,7,Saturday,2,33,5,February,2,1,2013,1,3,2012,2
2013-02-03,2013-02-03,1,Sunday,3,34,6,February,2,1,2013,1,3,2012,2
2013-02-04,2013-02-04,2,Monday,4,35,6,February,2,1,2013,1,3,2012,2
2013-02-05,2013-02-05,3,Tuesday,5,36,6,February,2,1,2013,1,3,2012,2
2013-02-06,2013-02-06,4,Wednesday,6,37,6,February,2,1,2013,1,3,2012,2
2013-02-07,2013-02-07,5,Thursday,7,38,6,February,2,1,2013,1,3,2012,2
2013-02-08,2013-02-08,6,Friday,8,39,6,February,2,1,2013,1,3,2012,2
2013-02-09,2013-02-09,7,Saturday,9,40,6,February,2,1,2013,1,3,2012,2
2013-02-10,2013-02-10,1,Sunday,10,41,7,February,2,1,2013,1,3,2012,2
2013-02-11,2013-02-11,2,Monday,11,42,7,February,2,1,2013,1,3,2012,2
2013-02-12,2013-02-12,3,Tuesday,12,43,7,February,2,1,2013,1,3,2012,2
2013-02-13,2013-02-13,4,Wednesday,13,44,7,February,2,1,2013,1,3,2012,2
2013-02-14,2013-02-14,5,Thursday,14,45,7,February,2,1,2013,1,3,2012,2
2013-02-15,2013-02-15,6,Friday,15,46,7,February,2,1,2013,1,3,2012,2
2013-02-16,2013-02-16,7,Saturday,16,47,7,February,2,1,2013,1,3,2012,2
2013-02-17,2013-02-17,1,Sunday,17,48,8,February,2,1,2013,1,3,2012,2
2013-02-18,2013-02-18,2,Monday,18,49,8,February,2,1,2013,1,3,2012,2
2013-02-19,2013-02-19,3,Tuesday,19,50,8,February,2,1,2013,1,3,2012,2
2013-02-20,2013-02-20,4,Wednesday,20,51,8,February,2,1,2013,1,3,2012,2
2013-02-21,2013-02-21,5,Thursday,21,52,8,February,2,1,2013,1,3,2012,2
2013-02-22,2013-02-22,6,Friday,22,53,8,February,2,1,2013,1,3,2012,2
2013-02-23,2013-02-23,7,Saturday,23,54,8,February,2,1,2013,1,3,2012,2
2013-02-24,2013-02-24,1,Sunday,24,55,9,February,2,1,2013,1,3,2012,2
2013-02-25,2013-02-25,2,Monday,25,56,9,February,2,1,2013,1,3,2012,2
2013-02-26,2013-02-26,3,Tuesday,26,57,9,February,2,1,2013,1,3,2012,2
2013-02-27,2013-02-27,4,Wednesday,27,58,9,February,2,1,2013,1,3,2012,2
2013-02-28,2013-02-28,5,Thursday,28,59,9,February,2,1,2013,1,3,2012,2
2013-03-01,2013-03-01,6,Friday,1,60,9,March,3,1,2013,1,3,2012,2
2013-03-02,2013-03-02,7,Saturday,2,61,9,March,3,1,2013,1,3,2012,2
2013-03-03,2013-03-03,1,Sunday,3,62,10,March,3,1,2013,1,3,2012,2
2013-03-04,2013-03-04,2,Monday,4,63,10,March,3,1,2013,1,3,2012,2
2013-03-05,2013-03-05,3,Tuesday,5,64,10,March,3,1,2013,1,3,2012,2
2013-03-06,2013-03-06,4,Wednesday,6,65,10,March,3,1,2013,1,3,2012,2
2013-03-07,2013-03-07,5,Thursday,7,66,10,March,3,1,2013,1,3,2012,2
2013-03-08,2013-03-08,6,Friday,8,67,10,March,3,1,2013,1,3,2012,2
2013-03-09,2013-03-09,7,Saturday,9,68,10,March,3,1,2013,1,3,2012,2
2013-03-10,2013-03-10,1,Sunday,10,69,11,March,3,1,2013,1,3,2012,2
2013-03-11,2013-03-11,2,Monday,11,70,11,March,3,1,2013,1,3,2012,2
2013-03-12,2013-03-12,3,Tuesday,12,71,11,March,3,1,2013,1,3,2012,2
2013-03-13,2013-03-13,4,Wednesday,13,72,11,March,3,1,2013,1,3,2012,2
2013-03-14,2013-03-14,5,Thursday,14,73,11,March,3,1,2013,1,3,2012,2
2013-03-15,2013-03-15,6,Friday,15,74,11,March,3,1,2013,1,3,2012,2
2013-03-16,2013-03-16,7,Saturday,16,75,11,March,3,1,2013,1,3,2012,2
2013-03-17,2013-03-17,1,Sunday,17,76,12,March,3,1,2013,1,3,2012,2
2013-03-18,2013-03-18,2,Monday,18,77,12,March,3,1,2013,1,3,2012,2
2013-03-19,2013-03-19,3,Tuesday,19,78,12,March,3,1,2013,1,3,2012,2
2013-03-20,2013-03-20,4,Wednesday,20,79,12,March,3,1,2013,1,3,2012,2
2013-03-21,2013-03-21,5,Thursday,21,80,12,March,3,1,2013,1,3,2012,2
2013-03-22,2013-03-22,6,Friday,22,81,12,March,3,1,2013,1,3,2012,2
2013-03-23,2013-03-23,7,Saturday,23,82,12,March,3,1,2013,1,3,2012,2
2013-03-24,2013-03-24,1,Sunday,24,83,13,March,3,1,2013,1,3,2012,2
2013-03-25,2013-03-25,2,Monday,25,84,13,March,3,1,2013,1,3,2012,2
2013-03-26,2013-03-26,3,Tuesday,26,85,13,March,3,1,2013,1,3,2012,2
2013-03-27,2013-03-27,4,Wednesday,27,86,13,March,3,1,2013,1,3,2012,2
2013-03-28,2013-03-28,5,Thursday,28,87,13,March,3,1,2013,1,3,2012,2
2013-03-29,2013-03-29,6,Friday,29,88,13,March,3,1,2013,1,3,2012,2
2013-03-30,2013-03-30,7,Saturday,30,89,13,March,3,1,2013,1,3,2012,2
2013-03-31,2013-03-31,1,Sunday,31,90,14,March,3,1,2013,1,3,2012,2
2013-04-01,2013-04-01,2,Monday,1,91,14,April,4,2,2013,1,4,2012,2
2013-04-02,2013-04-02,3,Tuesday,2,92,14,April,4,2,2013,1,4,2012,2
2013-04-03,2013-04-03,4,Wednesday,3,93,14,April,4,2,2013,1,4,2012,2
2013-04-04,2013-04-04,5,Thursday,4,94,14,April,4,2,2013,1,4,2012,2
2013-04-05,2013-04-05,6,Friday,5,95,14,April,4,2,2013,1,4,2012,2
2013-04-06,2013-04-06,7,Saturday,6,96,14,April,4,2,2013,1,4,2012,2
2013-04-07,2013-04-07,1,Sunday,7,97,15,April,4,2,2013,1,4,2012,2
2013-04-08,2013-04-08,2,Monday,8,98,15,April,4,2,2013,1,4,2012,2
2013-04-09,2013-04-09,3,Tuesday,9,99,15,April,4,2,2013,1,4,2012,2
2013-04-10,2013-04-10,4,Wednesday,10,100,15,April,4,2,2013,1,4,2012,2
2013-04-11,2013-04-11,5,Thursday,11,101,15,April,4,2,2013,1,4,2012,2
2013-04-12,2013-04-12,6,Friday,12,102,15,April,4,2,2013,1,4,2012,2
2013-04-13,2013-04-13,7,Saturday,13,103,15,April,4,2,2013,1,4,2012,2
2013-04-14,2013-04-14,1,Sunday,14,104,16,April,4,2,2013,1,4,2012,2
2013-04-15,2013-04-15,2,Monday,15,105,16,April,4,2,2013,1,4,2012,2
2013-04-16,2013-04-16,3,Tuesday,16,106,16,April,4,2,2013,1,4,2012,2
2013-04-17,2013-04-17,4,Wednesday,17,107,16,April,4,2,2013,1,4,2012,2
2013-04-18,2013-04-18,5,Thursday,18,108,16,April,4,2,2013,1,4,2012,2
2013-04-19,2013-04-19,6,Friday,19,109,16,April,4,2,2013,1,4,2012,2
2013-04-20,2013-04-20,7,Saturday,20,110,16,April,4,2,2013,1,4,2012,2
2013-04-21,2013-04-21,1,Sunday,21,111,17,April,4,2,2013,1,4,2012,2
2013-04-22,2013-04-22,2,Monday,22,112,17,April,4,2,2013,1,4,2012,2
2013-04-23,2013-04-23,3,Tuesday,23,113,17,April,4,2,2013,1,4,2012,2
2013-04-24,2013-04-24,4,Wednesday,24,114,17,April,4,2,2013,1,4,2012,2
2013-04-25,2013-04-25,5,Thursday,25,115,17,April,4,2,2013,1,4,2012,2
2013-04-26,2013-04-26,6,Friday,26,116,17,April,4,2,2013,1,4,2012,2
2013-04-27,2013-04-27,7,Saturday,27,117,17,April,4,2,2013,1,4,2012,2
2013-04-28,2013-04-28,1,Sunday,28,118,18,April,4,2,2013,1,4,2012,2
2013-04-29,2013-04-29,2,Monday,29,119,18,April,4,2,2013,1,4,2012,2
2013-04-30,2013-04-30,3,Tuesday,30,120,18,April,4,2,2013,1,4,2012,2
2013-05-01,2013-05-01,4,Wednesday,1,121,18,May,5,2,2013,1,4,2012,2
2013-05-02,2013-05-02,5,Thursday,2,122,18,May,5,2,2013,1,4,2012,2
2013-05-03,2013-05-03,6,Friday,3,123,18,May,5,2,2013,1,4,2012,2
2013-05-04,2013-05-04,7,Saturday,4,124,18,May,5,2,2013,1,4,2012,2
2013-05-05,2013-05-05,1,Sunday,5,125,19,May,5,2,2013,1,4,2012,2
2013-05-06,2013-05-06,2,Monday,6,126,19,May,5,2,2013,1,4,2012,2
2013-05-07,2013-05-07,3,Tuesday,7,127,19,May,5,2,2013,1,4,2012,2
2013-05-08,2013-05-08,4,Wednesday,8,128,19,May,5,2,2013,1,4,2012,2
2013-05-09,2013-05-09,5,Thursday,9,129,19,May,5,2,2013,1,4,2012,2
2013-05-10,2013-05-10,6,Friday,10,130,19,May,5,2,2013,1,4,2012,2
2013-05-11,2013-05-11,7,Saturday,11,131,19,May,5,2,2013,1,4,2012,2
2013-05-12,2013-05-12,1,Sunday,12,132,20,May,5,2,2013,1,4,2012,2
2013-05-13,2013-05-13,2,Monday,13,133,20,May,5,2,2013,1,4,2012,2
2013-05-14,2013-05-14,3,Tuesday,14,134,20,May,5,2,2013,1,4,2012,2
2013-05-15,2013-05-15,4,Wednesday,15,135,20,May,5,2,2013,1,4,2012,2
2013-05-16,2013-05-16,5,Thursday,16,136,20,May,5,2,2013,1,4,2012,2
2013-05-17,2013-05-17,6,Friday,17,137,20,May,5,2,2013,1,4,2012,2
2013-05-18,2013-05-18,7,Saturday,18,138,20,May,5,2,2013,1,4,2012,2
2013-05-19,2013-05-19,1,Sunday,19,139,21,May,5,2,2013,1,4,2012,2
2013-05-20,2013-05-20,2,Monday,20,140,21,May,5,2,2013,1,4,2012,2
2013-05-21,2013-05-21,3,Tuesday,21,141,21,May,5,2,2013,1,4,2012,2
2013-05-22,2013-05-22,4,Wednesday,22,142,21,May,5,2,2013,1,4,2012,2
2013-05-23,2013-05-23,5,Thursday,23,143,21,May,5,2,2013,1,4,2012,2
2013-05-24,2013-05-24,6,Friday,24,144,21,May,5,2,2013,1,4,2012,2
2013-05-25,2013-05-25,7,Saturday,25,145,21,May,5,2,2013,1,4,2012,2
2013-05-26,2013-05-26,1,Sunday,26,146,22,May,5,2,2013,1,4,2012,2
2013-05-27,2013-05-27,2,Monday,27,147,22,May,5,2,2013,1,4,2012,2
2013-05-28,2013-05-28,3,Tuesday,28,148,22,May,5,2,2013,1,4,2012,2
2013-05-29,2013-05-29,4,Wednesday,29,149,22,May,5,2,2013,1,4,2012,2
2013-05-30,2013-05-30,5,Thursday,30,150,22,May,5,2,2013,1,4,2012,2
2013-05-31,2013-05-31,6,Friday,31,151,22,May,5,2,2013,1,4,2012,2
2013-06-01,2013-06-01,7,Saturday,1,152,22,June,6,2,2013,1,4,2012,2
2013-06-02,2013-06-02,1,Sunday,2,153,23,June,6,2,2013,1,4,2012,2
2013-06-03,2013-06-03,2,Monday,3,154,23,June,6,2,2013,1,4,2012,2
2013-06-04,2013-06-04,3,Tuesday,4,155,23,June,6,2,2013,1,4,2012,2
2013-06-05,2013-06-05,4,Wednesday,5,156,23,June,6,2,2013,1,4,2012,2
2013-06-06,2013-06-06,5,Thursday,6,157,23,June,6,2,2013,1,4,2012,2
2013-06-07,2013-06-07,6,Friday,7,158,23,June,6,2,2013,1,4,2012,2
2013-06-08,2013-06-08,7,Saturday,8,159,23,June,6,2,2013,1,4,2012,2
2013-06-09,2013-06-09,1,Sunday,9,160,24,June,6,2,2013,1,4,2012,2
2013-06-10,2013-06-10,2,Monday,10,161,24,June,6,2,2013,1,4,2012,2
2013-06-11,2013-06-11,3,Tuesday,11,162,24,June,6,2,2013,1,4,2012,2
2013-06-12,2013-06-12,4,Wednesday,12,163,24,June,6,2,2013,1,4,2012,2
2013-06-13,2013-06-13,5,Thursday,13,164,24,June,6,2,2013,1,4,2012,2
2013-06-14,2013-06-14,6,Friday,14,165,24,June,6,2,2013,1,4,2012,2
2013-06-15,2013-06-15,7,Saturday,15,166,24,June,6,2,2013,1,4,2012,2
2013-06-16,2013-06-16,1,Sunday,16,167,25,June,6,2,2013,1,4,2012,2
2013-06-17,2013-06-17,2,Monday,17,168,25,June,6,2,2013,1,4,2012,2
2013-06-18,2013-06-18,3,Tuesday,18,169,25,June,6,2,2013,1,4,2012,2
2013-06-19,2013-06-19,4,Wednesday,19,170,25,June,6,2,2013,1,4,2012,2
2013-06-20,2013-06-20,5,Thursday,20,171,25,June,6,2,2013,1,4,2012,2
2013-06-21,2013-06-21,6,Friday,21,172,25,June,6,2,2013,1,4,2012,2
2013-06-22,2013-06-22,7,Saturday,22,173,25,June,6,2,2013,1,4,2012,2
2013-06-23,2013-06-23,1,Sunday,23,174,26,June,6,2,2013,1,4,2012,2
2013-06-24,2013-06-24,2,Monday,24,175,26,June,6,2,2013,1,4,2012,2
2013-06-25,2013-06-25,3,Tuesday,25,176,26,June,6,2,2013,1,4,2012,2
2013-06-26,2013-06-26,4,Wednesday,26,177,26,June,6,2,2013,1,4,2012,2
2013-06-27,2013-06-27,5,Thursday,27,178,26,June,6,2,2013,1,4,2012,2
2013-06-28,2013-06-28,6,Friday,28,179,26,June,6,2,2013,1,4,2012,2
2013-06-29,2013-06-29,7,Saturday,29,180,26,June,6,2,2013,1,4,2012,2
2013-06-30,2013-06-30,1,Sunday,30,181,27,June,6,2,2013,1,4,2012,2
2013-07-01,2013-07-01,2,Monday,1,182,27,July,7,3,2013,2,1,2013,1
2013-07-02,2013-07-02,3,Tuesday,2,183,27,July,7,3,2013,2,1,2013,1
2013-07-03,2013-07-03,4,Wednesday,3,184,27,July,7,3,2013,2,1,2013,1
2013-07-04,2013-07-04,5,Thursday,4,185,27,July,7,3,2013,2,1,2013,1
2013-07-05,2013-07-05,6,Friday,5,186,27,July,7,3,2013,2,1,2013,1
2013-07-06,2013-07-06,7,Saturday,6,187,27,July,7,3,2013,2,1,2013,1
2013-07-07,2013-07-07,1,Sunday,7,188,28,July,7,3,2013,2,1,2013,1
2013-07-08,2013-07-08,2,Monday,8,189,28,July,7,3,2013,2,1,2013,1
2013-07-09,2013-07-09,3,Tuesday,9,190,28,July,7,3,2013,2,1,2013,1
2013-07-10,2013-07-10,4,Wednesday,10,191,28,July,7,3,2013,2,1,2013,1
2013-07-11,2013-07-11,5,Thursday,11,192,28,July,7,3,2013,2,1,2013,1
2013-07-12,2013-07-12,6,Friday,12,193,28,July,7,3,2013,2,1,2013,1
2013-07-13,2013-07-13,7,Saturday,13,194,28,July,7,3,2013,2,1,2013,1
2013-07-14,2013-07-14,1,Sunday,14,195,29,July,7,3,2013,2,1,2013,1
2013-07-15,2013-07-15,2,Monday,15,196,29,July,7,3,2013,2,1,2013,1
2013-07-16,2013-07-16,3,Tuesday,16,197,29,July,7,3,2013,2,1,2013,1
2013-07-17,2013-07-17,4,Wednesday,17,198,29,July,7,3,2013,2,1,2013,1
2013-07-18,2013-07-18,5,Thursday,18,199,29,July,7,3,2013,2,1,2013,1
2013-07-19,2013-07-19,6,Friday,19,200,29,July,7,3,2013,2,1,2013,1
2013-07-20,2013-07-20,7,Saturday,20,201,29,July,7,3,2013,2,1,2013,1
2013-07-21,2013-07-21,1,Sunday,21,202,30,July,7,3,2013,2,1,2013,1
2013-07-22,2013-07-22,2,Monday,22,203,30,July,7,3,2013,2,1,2013,1
2013-07-23,2013-07-23,3,Tuesday,23,204,30,July,7,3,2013,2,1,2013,1
2013-07-24,2013-07-24,4,Wednesday,24,205,30,July,7,3,2013,2,1,2013,1
2013-07-25,2013-07-25,5,Thursday,25,206,30,July,7,3,2013,2,1,2013,1
2013-07-26,2013-07-26,6,Friday,26,207,30,July,7,3,2013,2,1,2013,1
2013-07-27,2013-07-27,7,Saturday,27,208,30,July,7,3,2013,2,1,2013,1
2013-07-28,2013-07-28,1,Sunday,28,209,31,July,7,3,2013,2,1,2013,1
2013-07-29,2013-07-29,2,Monday,29,210,31,July,7,3,2013,2,1,2013,1
2013-07-30,2013-07-30,3,Tuesday,30,211,31,July,7,3,2013,2,1,2013,1
2013-07-31,2013-07-31,4,Wednesday,31,212,31,July,7,3,2013,2,1,2013,1
2013-08-01,2013-08-01,5,Thursday,1,213,31,August,8,3,2013,2,1,2013,1
2013-08-02,2013-08-02,6,Friday,2,214,31,August,8,3,2013,2,1,2013,1
2013-08-03,2013-08-03,7,Saturday,3,215,31,August,8,3,2013,2,1,2013,1
2013-08-04,2013-08-04,1,Sunday,4,216,32,August,8,3,2013,2,1,2013,1
2013-08-05,2013-08-05,2,Monday,5,217,32,August,8,3,2013,2,1,2013,1
2013-08-06,2013-08-06,3,Tuesday,6,218,32,August,8,3,2013,2,1,2013,1
2013-08-07,2013-08-07,4,Wednesday,7,219,32,August,8,3,2013,2,1,2013,1
2013-08-08,2013-08-08,5,Thursday,8,220,32,August,8,3,2013,2,1,2013,1
2013-08-09,2013-08-09,6,Friday,9,221,32,August,8,3,2013,2,1,2013,1
2013-08-10,2013-08-10,7,Saturday,10,222,32,August,8,3,2013,2,1,2013,1
2013-08-11,2013-08-11,1,Sunday,11,223,33,August,8,3,2013,2,1,2013,1
2013-08-12,2013-08-12,2,Monday,12,224,33,August,8,3,2013,2,1,2013,1
2013-08-13,2013-08-13,3,Tuesday,13,225,33,August,8,3,2013,2,1,2013,1
2013-08-14,2013-08-14,4,Wednesday,14,226,33,August,8,3,2013,2,1,2013,1
2013-08-15,2013-08-15,5,Thursday,15,227,33,August,8,3,2013,2,1,2013,1
2013-08-16,2013-08-16,6,Friday,16,228,33,August,8,3,2013,2,1,2013,1
2013-08-17,2013-08-17,7,Saturday,17,229,33,August,8,3,2013,2,1,2013,1
2013-08-18,2013-08-18,1,Sunday,18,230,34,August,8,3,2013,2,1,2013,1
2013-08-19,2013-08-19,2,Monday,19,231,34,August,8,3,2013,2,1,2013,1
2013-08-20,2013-08-20,3,Tuesday,20,232,34,August,8,3,2013,2,1,2013,1
2013-08-21,2013-08-21,4,Wednesday,21,233,34,August,8,3,2013,2,1,2013,1
2013-08-22,2013-08-22,5,Thursday,22,234,34,August,8,3,2013,2,1,2013,1
2013-08-23,2013-08-23,6,Friday,23,235,34,August,8,3,2013,2,1,2013,1
2013-08-24,2013-08-24,7,Saturday,24,236,34,August,8,3,2013,2,1,2013,1
2013-08-25,2013-08-25,1,Sunday,25,237,35,August,8,3,2013,2,1,2013,1
2013-08-26,2013-08-26,2,Monday,26,238,35,August,8,3,2013,2,1,2013,1
2013-08-27,2013-08-27,3,Tuesday,27,239,35,August,8,3,2013,2,1,2013,1
2013-08-28,2013-08-28,4,Wednesday,28,240,35,August,8,3,2013,2,1,2013,1
2013-08-29,2013-08-29,5,Thursday,29,241,35,August,8,3,2013,2,1,2013,1
2013-08-30,2013-08-30,6,Friday,30,242,35,August,8,3,2013,2,1,2013,1
2013-08-31,2013-08-31,7,Saturday,31,243,35,August,8,3,2013,2,1,2013,1
2013-09-01,2013-09-01,1,Sunday,1,244,36,September,9,3,2013,2,1,2013,1
2013-09-02,2013-09-02,2,Monday,2,245,36,September,9,3,2013,2,1,2013,1
2013-09-03,2013-09-03,3,Tuesday,3,246,36,September,9,3,2013,2,1,2013,1
2013-09-04,2013-09-04,4,Wednesday,4,247,36,September,9,3,2013,2,1,2013,1
2013-09-05,2013-09-05,5,Thursday,5,248,36,September,9,3,2013,2,1,2013,1
2013-09-06,2013-09-06,6,Friday,6,249,36,September,9,3,2013,2,1,2013,1
2013-09-07,2013-09-07,7,Saturday,7,250,36,September,9,3,2013,2,1,2013,1
2013-09-08,2013-09-08,1,Sunday,8,251,37,September,9,3,2013,2,1,2013,1
2013-09-09,2013-09-09,2,Monday,9,252,37,September,9,3,2013,2,1,2013,1
2013-09-10,2013-09-10,3,Tuesday,10,253,37,September,9,3,2013,2,1,2013,1
2013-09-11,2013-09-11,4,Wednesday,11,254,37,September,9,3,2013,2,1,2013,1
2013-09-12,2013-09-12,5,Thursday,12,255,37,September,9,3,2013,2,1,2013,1
2013-09-13,2013-09-13,6,Friday,13,256,37,September,9,3,2013,2,1,2013,1
2013-09-14,2013-09-14,7,Saturday,14,257,37,September,9,3,2013,2,1,2013,1
2013-09-15,2013-09-15,1,Sunday,15,258,38,September,9,3,2013,2,1,2013,1
2013-09-16,2013-09-16,2,Monday,16,259,38,September,9,3,2013,2,1,2013,1
2013-09-17,2013-09-17,3,Tuesday,17,260,38,September,9,3,2013,2,1,2013,1
2013-09-18,2013-09-18,4,Wednesday,18,261,38,September,9,3,2013,2,1,2013,1
2013-09-19,2013-09-19,5,Thursday,19,262,38,September,9,3,2013,2,1,2013,1
2013-09-20,2013-09-20,6,Friday,20,263,38,September,9,3,2013,2,1,2013,1
2013-09-21,2013-09-21,7,Saturday,21,264,38,September,9,3,2013,2,1,2013,1
2013-09-22,2013-09-22,1,Sunday,22,265,39,September,9,3,2013,2,1,2013,1
2013-09-23,2013-09-23,2,Monday,23,266,39,September,9,3,2013,2,1,2013,1
2013-09-24,2013-09-24,3,Tuesday,24,267,39,September,9,3,2013,2,1,2013,1
2013-09-25,2013-09-25,4,Wednesday,25,268,39,September,9,3,2013,2,1,2013,1
2013-09-26,2013-09-26,5,Thursday,26,269,39,September,9,3,2013,2,1,2013,1
2013-09-27,2013-09-27,6,Friday,27,270,39,September,9,3,2013,2,1,2013,1
2013-09-28,2013-09-28,7,Saturday,28,271,39,September,9,3,2013,2,1,2013,1
2013-09-29,2013-09-29,1,Sunday,29,272,40,September,9,3,2013,2,1,2013,1
2013-09-30,2013-09-30,2,Monday,30,273,40,September,9,3,2013,2,1,2013,1
2013-10-01,2013-10-01,3,Tuesday,1,274,40,October,10,4,2013,2,2,2013,1
2013-10-02,2013-10-02,4,Wednesday,2,275,40,October,10,4,2013,2,2,2013,1
2013-10-03,2013-10-03,5,Thursday,3,276,40,October,10,4,2013,2,2,2013,1
2013-10-04,2013-10-04,6,Friday,4,277,40,October,10,4,2013,2,2,2013,1
2013-10-05,2013-10-05,7,Saturday,5,278,40,October,10,4,2013,2,2,2013,1
2013-10-06,2013-10-06,1,Sunday,6,279,41,October,10,4,2013,2,2,2013,1
2013-10-07,2013-10-07,2,Monday,7,280,41,October,10,4,2013,2,2,2013,1
2013-10-08,2013-10-08,3,Tuesday,8,281,41,October,10,4,2013,2,2,2013,1
2013-10-09,2013-10-09,4,Wednesday,9,282,41,October,10,4,2013,2,2,2013,1
2013-10-10,2013-10-10,5,Thursday,10,283,41,October,10,4,2013,2,2,2013,1
2013-10-11,2013-10-11,6,Friday,11,284,41,October,10,4,2013,2,2,2013,1
2013-10-12,2013-10-12,7,Saturday,12,285,41,October,10,4,2013,2,2,2013,1
2013-10-13,2013-10-13,1,Sunday,13,286,42,October,10,4,2013,2,2,2013,1
2013-10-14,2013-10-14,2,Monday,14,287,42,October,10,4,2013,2,2,2013,1
2013-10-15,2013-10-15,3,Tuesday,15,288,42,October,10,4,2013,2,2,2013,1
2013-10-16,2013-10-16,4,Wednesday,16,289,42,October,10,4,2013,2,2,2013,1
2013-10-17,2013-10-17,5,Thursday,17,290,42,October,10,4,2013,2,2,2013,1
2013-10-18,2013-10-18,6,Friday,18,291,42,October,10,4,2013,2,2,2013,1
2013-10-19,2013-10-19,7,Saturday,19,292,42,October,10,4,2013,2,2,2013,1
2013-10-20,2013-10-20,1,Sunday,20,293,43,October,10,4,2013,2,2,2013,1
2013-10-21,2013-10-21,2,Monday,21,294,43,October,10,4,2013,2,2,2013,1
2013-10-22,2013-10-22,3,Tuesday,22,295,43,October,10,4,2013,2,2,2013,1
2013-10-23,2013-10-23,4,Wednesday,23,296,43,October,10,4,2013,2,2,2013,1
2013-10-24,2013-10-24,5,Thursday,24,297,43,October,10,4,2013,2,2,2013,1
2013-10-25,2013-10-25,6,Friday,25,298,43,October,10,4,2013,2,2,2013,1
2013-10-26,2013-10-26,7,Saturday,26,299,43,October,10,4,2013,2,2,2013,1
2013-10-27,2013-10-27,1,Sunday,27,300,44,October,10,4,2013,2,2,2013,1
2013-10-28,2013-10-28,2,Monday,28,301,44,October,10,4,2013,2,2,2013,1
2013-10-29,2013-10-29,3,Tuesday,29,302,44,October,10,4,2013,2,2,2013,1
2013-10-30,2013-10-30,4,Wednesday,30,303,44,October,10,4,2013,2,2,2013,1
2013-10-31,2013-10-31,5,Thursday,31,304,44,October,10,4,2013,2,2,2013,1
2013-11-01,2013-11-01,6,Friday,1,305,44,November,11,4,2013,2,2,2013,1
2013-11-02,2013-11-02,7,Saturday,2,306,44,November,11,4,2013,2,2,2013,1
2013-11-03,2013-11-03,1,Sunday,3,307,45,November,11,4,2013,2,2,2013,1
2013-11-04,2013-11-04,2,Monday,4,308,45,November,11,4,2013,2,2,2013,1
2013-11-05,2013-11-05,3,Tuesday,5,309,45,November,11,4,2013,2,2,2013,1
2013-11-06,2013-11-06,4,Wednesday,6,310,45,November,11,4,2013,2,2,2013,1
2013-11-07,2013-11-07,5,Thursday,7,311,45,November,11,4,2013,2,2,2013,1
2013-11-08,2013-11-08,6,Friday,8,312,45,November,11,4,2013,2,2,2013,1
2013-11-09,2013-11-09,7,Saturday,9,313,45,November,11,4,2013,2,2,2013,1
2013-11-10,2013-11-10,1,Sunday,10,314,46,November,11,4,2013,2,2,2013,1
2013-11-11,2013-11-11,2,Monday,11,315,46,November,11,4,2013,2,2,2013,1
2013-11-12,2013-11-12,3,Tuesday,12,316,46,November,11,4,2013,2,2,2013,1
2013-11-13,2013-11-13,4,Wednesday,13,317,46,November,11,4,2013,2,2,2013,1
2013-11-14,2013-11-14,5,Thursday,14,318,46,November,11,4,2013,2,2,2013,1
2013-11-15,2013-11-15,6,Friday,15,319,46,November,11,4,2013,2,2,2013,1
2013-11-16,2013-11-16,7,Saturday,16,320,46,November,11,4,2013,2,2,2013,1
2013-11-17,2013-11-17,1,Sunday,17,321,47,November,11,4,2013,2,2,2013,1
2013-11-18,2013-11-18,2,Monday,18,322,47,November,11,4,2013,2,2,2013,1
2013-11-19,2013-11-19,3,Tuesday,19,323,47,November,11,4,2013,2,2,2013,1
2013-11-20,2013-11-20,4,Wednesday,20,324,47,November,11,4,2013,2,2,2013,1
2013-11-21,2013-11-21,5,Thursday,21,325,47,November,11,4,2013,2,2,2013,1
2013-11-22,2013-11-22,6,Friday,22,326,47,November,11,4,2013,2,2,2013,1
2013-11-23,2013-11-23,7,Saturday,23,327,47,November,11,4,2013,2,2,2013,1
2013-11-24,2013-11-24,1,Sunday,24,328,48,November,11,4,2013,2,2,2013,1
2013-11-25,2013-11-25,2,Monday,25,329,48,November,11,4,2013,2,2,2013,1
2013-11-26,2013-11-26,3,Tuesday,26,330,48,November,11,4,2013,2,2,2013,1
2013-11-27,2013-11-27,4,Wednesday,27,331,48,November,11,4,2013,2,2,2013,1
2013-11-28,2013-11-28,5,Thursday,28,332,48,November,11,4,2013,2,2,2013,1
2013-11-29,2013-11-29,6,Friday,29,333,48,November,11,4,2013,2,2,2013,1
2013-11-30,2013-11-30,7,Saturday,30,334,48,November,11,4,2013,2,2,2013,1
2013-12-01,2013-12-01,1,Sunday,1,335,49,December,12,4,2013,2,2,2013,1
2013-12-02,2013-12-02,2,Monday,2,336,49,December,12,4,2013,2,2,2013,1
2013-12-03,2013-12-03,3,Tuesday,3,337,49,December,12,4,2013,2,2,2013,1
2013-12-04,2013-12-04,4,Wednesday,4,338,49,December,12,4,2013,2,2,2013,1
2013-12-05,2013-12-05,5,Thursday,5,339,49,December,12,4,2013,2,2,2013,1
2013-12-06,2013-12-06,6,Friday,6,340,49,December,12,4,2013,2,2,2013,1
2013-12-07,2013-12-07,7,Saturday,7,341,49,December,12,4,2013,2,2,2013,1
2013-12-08,2013-12-08,1,Sunday,8,342,50,December,12,4,2013,2,2,2013,1
2013-12-09,2013-12-09,2,Monday,9,343,50,December,12,4,2013,2,2,2013,1
2013-12-10,2013-12-10,3,Tuesday,10,344,50,December,12,4,2013,2,2,2013,1
2013-12-11,2013-12-11,4,Wednesday,11,345,50,December,12,4,2013,2,2,2013,1
2013-12-12,2013-12-12,5,Thursday,12,346,50,December,12,4,2013,2,2,2013,1
2013-12-13,2013-12-13,6,Friday,13,347,50,December,12,4,2013,2,2,2013,1
2013-12-14,2013-12-14,7,Saturday,14,348,50,December,12,4,2013,2,2,2013,1
2013-12-15,2013-12-15,1,Sunday,15,349,51,December,12,4,2013,2,2,2013,1
2013-12-16,2013-12-16,2,Monday,16,350,51,December,12,4,2013,2,2,2013,1
2013-12-17,2013-12-17,3,Tuesday,17,351,51,December,12,4,2013,2,2,2013,1
2013-12-18,2013-12-18,4,Wednesday,18,352,51,December,12,4,2013,2,2,2013,1
2013-12-19,2013-12-19,5,Thursday,19,353,51,December,12,4,2013,2,2,2013,1
2013-12-20,2013-12-20,6,Friday,20,354,51,December,12,4,2013,2,2,2013,1
2013-12-21,2013-12-21,7,Saturday,21,355,51,December,12,4,2013,2,2,2013,1
2013-12-22,2013-12-22,1,Sunday,22,356,52,December,12,4,2013,2,2,2013,1
2013-12-23,2013-12-23,2,Monday,23,357,52,December,12,4,2013,2,2,2013,1
2013-12-24,2013-12-24,3,Tuesday,24,358,52,December,12,4,2013,2,2,2013,1
2013-12-25,2013-12-25,4,Wednesday,25,359,52,December,12,4,2013,2,2,2013,1
2013-12-26,2013-12-26,5,Thursday,26,360,52,December,12,4,2013,2,2,2013,1
2013-12-27,2013-12-27,6,Friday,27,361,52,December,12,4,2013,2,2,2013,1
2013-12-28,2013-12-28,7,Saturday,28,362,52,December,12,4,2013,2,2,2013,1
2013-12-29,2013-12-29,1,Sunday,29,363,53,December,12,4,2013,2,2,2013,1
2013-12-30,2013-12-30,2,Monday,30,364,53,December,12,4,2013,2,2,2013,1
2013-12-31,2013-12-31,3,Tuesday,31,365,53,December,12,4,2013,2,2,2013,1
2014-01-01,2014-01-01,4,Wednesday,1,1,1,January,1,1,2014,1,3,2013,2
2014-01-02,2014-01-02,5,Thursday,2,2,1,January,1,1,2014,1,3,2013,2
2014-01-03,2014-01-03,6,Friday,3,3,1,January,1,1,2014,1,3,2013,2
2014-01-04,2014-01-04,7,Saturday,4,4,1,January,1,1,2014,1,3,2013,2
2014-01-05,2014-01-05,1,Sunday,5,5,2,January,1,1,2014,1,3,2013,2
2014-01-06,2014-01-06,2,Monday,6,6,2,January,1,1,2014,1,3,2013,2
2014-01-07,2014-01-07,3,Tuesday,7,7,2,January,1,1,2014,1,3,2013,2
2014-01-08,2014-01-08,4,Wednesday,8,8,2,January,1,1,2014,1,3,2013,2
2014-01-09,2014-01-09,5,Thursday,9,9,2,January,1,1,2014,1,3,2013,2
2014-01-10,2014-01-10,6,Friday,10,10,2,January,1,1,2014,1,3,2013,2
2014-01-11,2014-01-11,7,Saturday,11,11,2,January,1,1,2014,1,3,2013,2
2014-01-12,2014-01-12,1,Sunday,12,12,3,January,1,1,2014,1,3,2013,2
2014-01-13,2014-01-13,2,Monday,13,13,3,January,1,1,2014,1,3,2013,2
2014-01-14,2014-01-14,3,Tuesday,14,14,3,January,1,1,2014,1,3,2013,2
2014-01-15,2014-01-15,4,Wednesday,15,15,3,January,1,1,2014,1,3,2013,2
2014-01-16,2014-01-16,5,Thursday,16,16,3,January,1,1,2014,1,3,2013,2
2014-01-17,2014-01-17,6,Friday,17,17,3,January,1,1,2014,1,3,2013,2
2014-01-18,2014-01-18,7,Saturday,18,18,3,January,1,1,2014,1,3,2013,2
2014-01-19,2014-01-19,1,Sunday,19,19,4,January,1,1,2014,1,3,2013,2
2014-01-20,2014-01-20,2,Monday,20,20,4,January,1,1,2014,1,3,2013,2
2014-01-21,2014-01-21,3,Tuesday,21,21,4,January,1,1,2014,1,3,2013,2
2014-01-22,2014-01-22,4,Wednesday,22,22,4,January,1,1,2014,1,3,2013,2
2014-01-23,2014-01-23,5,Thursday,23,23,4,January,1,1,2014,1,3,2013,2
2014-01-24,2014-01-24,6,Friday,24,24,4,January,1,1,2014,1,3,2013,2
2014-01-25,2014-01-25,7,Saturday,25,25,4,January,1,1,2014,1,3,2013,2
2014-01-26,2014-01-26,1,Sunday,26,26,5,January,1,1,2014,1,3,2013,2
2014-01-27,2014-01-27,2,Monday,27,27,5,January,1,1,2014,1,3,2013,2
2014-01-28,2014-01-28,3,Tuesday,28,28,5,January,1,1,2014,1,3,2013,2
2014-01-29,2014-01-29,4,Wednesday,29,29,5,January,1,1,2014,1,3,2013,2
2014-01-30,2014-01-30,5,Thursday,30,30,5,January,1,1,2014,1,3,2013,2
2014-01-31,2014-01-31,6,Friday,31,31,5,January,1,1,2014,1,3,2013,2
2014-02-01,2014-02-01,7,Saturday,1,32,5,February,2,1,2014,1,3,2013,2
2014-02-02,2014-02-02,1,Sunday,2,33,6,February,2,1,2014,1,3,2013,2
2014-02-03,2014-02-03,2,Monday,3,34,6,February,2,1,2014,1,3,2013,2
2014-02-04,2014-02-04,3,Tuesday,4,35,6,February,2,1,2014,1,3,2013,2
2014-02-05,2014-02-05,4,Wednesday,5,36,6,February,2,1,2014,1,3,2013,2
2014-02-06,2014-02-06,5,Thursday,6,37,6,February,2,1,2014,1,3,2013,2
2014-02-07,2014-02-07,6,Friday,7,38,6,February,2,1,2014,1,3,2013,2
2014-02-08,2014-02-08,7,Saturday,8,39,6,February,2,1,2014,1,3,2013,2
2014-02-09,2014-02-09,1,Sunday,9,40,7,February,2,1,2014,1,3,2013,2
2014-02-10,2014-02-10,2,Monday,10,41,7,February,2,1,2014,1,3,2013,2
2014-02-11,2014-02-11,3,Tuesday,11,42,7,February,2,1,2014,1,3,2013,2
2014-02-12,2014-02-12,4,Wednesday,12,43,7,February,2,1,2014,1,3,2013,2
2014-02-13,2014-02-13,5,Thursday,13,44,7,February,2,1,2014,1,3,2013,2
2014-02-14,2014-02-14,6,Friday,14,45,7,February,2,1,2014,1,3,2013,2
2014-02-15,2014-02-15,7,Saturday,15,46,7,February,2,1,2014,1,3,2013,2
2014-02-16,2014-02-16,1,Sunday,16,47,8,February,2,1,2014,1,3,2013,2
2014-02-17,2014-02-17,2,Monday,17,48,8,February,2,1,2014,1,3,2013,2
2014-02-18,2014-02-18,3,Tuesday,18,49,8,February,2,1,2014,1,3,2013,2
2014-02-19,2014-02-19,4,Wednesday,19,50,8,February,2,1,2014,1,3,2013,2
2014-02-20,2014-02-20,5,Thursday,20,51,8,February,2,1,2014,1,3,2013,2
2014-02-21,2014-02-21,6,Friday,21,52,8,February,2,1,2014,1,3,2013,2
2014-02-22,2014-02-22,7,Saturday,22,53,8,February,2,1,2014,1,3,2013,2
2014-02-23,2014-02-23,1,Sunday,23,54,9,February,2,1,2014,1,3,2013,2
2014-02-24,2014-02-24,2,Monday,24,55,9,February,2,1,2014,1,3,2013,2
2014-02-25,2014-02-25,3,Tuesday,25,56,9,February,2,1,2014,1,3,2013,2
2014-02-26,2014-02-26,4,Wednesday,26,57,9,February,2,1,2014,1,3,2013,2
2014-02-27,2014-02-27,5,Thursday,27,58,9,February,2,1,2014,1,3,2013,2
2014-02-28,2014-02-28,6,Friday,28,59,9,February,2,1,2014,1,3,2013,2
2014-03-01,2014-03-01,7,Saturday,1,60,9,March,3,1,2014,1,3,2013,2
2014-03-02,2014-03-02,1,Sunday,2,61,10,March,3,1,2014,1,3,2013,2
2014-03-03,2014-03-03,2,Monday,3,62,10,March,3,1,2014,1,3,2013,2
2014-03-04,2014-03-04,3,Tuesday,4,63,10,March,3,1,2014,1,3,2013,2
2014-03-05,2014-03-05,4,Wednesday,5,64,10,March,3,1,2014,1,3,2013,2
2014-03-06,2014-03-06,5,Thursday,6,65,10,March,3,1,2014,1,3,2013,2
2014-03-07,2014-03-07,6,Friday,7,66,10,March,3,1,2014,1,3,2013,2
2014-03-08,2014-03-08,7,Saturday,8,67,10,March,3,1,2014,1,3,2013,2
2014-03-09,2014-03-09,1,Sunday,9,68,11,March,3,1,2014,1,3,2013,2
2014-03-10,2014-03-10,2,Monday,10,69,11,March,3,1,2014,1,3,2013,2
2014-03-11,2014-03-11,3,Tuesday,11,70,11,March,3,1,2014,1,3,2013,2
2014-03-12,2014-03-12,4,Wednesday,12,71,11,March,3,1,2014,1,3,2013,2
2014-03-13,2014-03-13,5,Thursday,13,72,11,March,3,1,2014,1,3,2013,2
2014-03-14,2014-03-14,6,Friday,14,73,11,March,3,1,2014,1,3,2013,2
2014-03-15,2014-03-15,7,Saturday,15,74,11,March,3,1,2014,1,3,2013,2
2014-03-16,2014-03-16,1,Sunday,16,75,12,March,3,1,2014,1,3,2013,2
2014-03-17,2014-03-17,2,Monday,17,76,12,March,3,1,2014,1,3,2013,2
2014-03-18,2014-03-18,3,Tuesday,18,77,12,March,3,1,2014,1,3,2013,2
2014-03-19,2014-03-19,4,Wednesday,19,78,12,March,3,1,2014,1,3,2013,2
2014-03-20,2014-03-20,5,Thursday,20,79,12,March,3,1,2014,1,3,2013,2
2014-03-21,2014-03-21,6,Friday,21,80,12,March,3,1,2014,1,3,2013,2
2014-03-22,2014-03-22,7,Saturday,22,81,12,March,3,1,2014,1,3,2013,2
2014-03-23,2014-03-23,1,Sunday,23,82,13,March,3,1,2014,1,3,2013,2
2014-03-24,2014-03-24,2,Monday,24,83,13,March,3,1,2014,1,3,2013,2
2014-03-25,2014-03-25,3,Tuesday,25,84,13,March,3,1,2014,1,3,2013,2
2014-03-26,2014-03-26,4,Wednesday,26,85,13,March,3,1,2014,1,3,2013,2
2014-03-27,2014-03-27,5,Thursday,27,86,13,March,3,1,2014,1,3,2013,2
2014-03-28,2014-03-28,6,Friday,28,87,13,March,3,1,2014,1,3,2013,2
2014-03-29,2014-03-29,7,Saturday,29,88,13,March,3,1,2014,1,3,2013,2
2014-03-30,2014-03-30,1,Sunday,30,89,14,March,3,1,2014,1,3,2013,2
2014-03-31,2014-03-31,2,Monday,31,90,14,March,3,1,2014,1,3,2013,2
2014-04-01,2014-04-01,3,Tuesday,1,91,14,April,4,2,2014,1,4,2013,2
2014-04-02,2014-04-02,4,Wednesday,2,92,14,April,4,2,2014,1,4,2013,2
2014-04-03,2014-04-03,5,Thursday,3,93,14,April,4,2,2014,1,4,2013,2
2014-04-04,2014-04-04,6,Friday,4,94,14,April,4,2,2014,1,4,2013,2
2014-04-05,2014-04-05,7,Saturday,5,95,14,April,4,2,2014,1,4,2013,2
2014-04-06,2014-04-06,1,Sunday,6,96,15,April,4,2,2014,1,4,2013,2
2014-04-07,2014-04-07,2,Monday,7,97,15,April,4,2,2014,1,4,2013,2
2014-04-08,2014-04-08,3,Tuesday,8,98,15,April,4,2,2014,1,4,2013,2
2014-04-09,2014-04-09,4,Wednesday,9,99,15,April,4,2,2014,1,4,2013,2
2014-04-10,2014-04-10,5,Thursday,10,100,15,April,4,2,2014,1,4,2013,2
2014-04-11,2014-04-11,6,Friday,11,101,15,April,4,2,2014,1,4,2013,2
2014-04-12,2014-04-12,7,Saturday,12,102,15,April,4,2,2014,1,4,2013,2
2014-04-13,2014-04-13,1,Sunday,13,103,16,April,4,2,2014,1,4,2013,2
2014-04-14,2014-04-14,2,Monday,14,104,16,April,4,2,2014,1,4,2013,2
2014-04-15,2014-04-15,3,Tuesday,15,105,16,April,4,2,2014,1,4,2013,2
2014-04-16,2014-04-16,4,Wednesday,16,106,16,April,4,2,2014,1,4,2013,2
2014-04-17,2014-04-17,5,Thursday,17,107,16,April,4,2,2014,1,4,2013,2
2014-04-18,2014-04-18,6,Friday,18,108,16,April,4,2,2014,1,4,2013,2
2014-04-19,2014-04-19,7,Saturday,19,109,16,April,4,2,2014,1,4,2013,2
2014-04-20,2014-04-20,1,Sunday,20,110,17,April,4,2,2014,1,4,2013,2
2014-04-21,2014-04-21,2,Monday,21,111,17,April,4,2,2014,1,4,2013,2
2014-04-22,2014-04-22,3,Tuesday,22,112,17,April,4,2,2014,1,4,2013,2
2014-04-23,2014-04-23,4,Wednesday,23,113,17,April,4,2,2014,1,4,2013,2
2014-04-24,2014-04-24,5,Thursday,24,114,17,April,4,2,2014,1,4,2013,2
2014-04-25,2014-04-25,6,Friday,25,115,17,April,4,2,2014,1,4,2013,2
2014-04-26,2014-04-26,7,Saturday,26,116,17,April,4,2,2014,1,4,2013,2
2014-04-27,2014-04-27,1,Sunday,27,117,18,April,4,2,2014,1,4,2013,2
2014-04-28,2014-04-28,2,Monday,28,118,18,April,4,2,2014,1,4,2013,2
2014-04-29,2014-04-29,3,Tuesday,29,119,18,April,4,2,2014,1,4,2013,2
2014-04-30,2014-04-30,4,Wednesday,30,120,18,April,4,2,2014,1,4,2013,2
2014-05-01,2014-05-01,5,Thursday,1,121,18,May,5,2,2014,1,4,2013,2
2014-05-02,2014-05-02,6,Friday,2,122,18,May,5,2,2014,1,4,2013,2
2014-05-03,2014-05-03,7,Saturday,3,123,18,May,5,2,2014,1,4,2013,2
2014-05-04,2014-05-04,1,Sunday,4,124,19,May,5,2,2014,1,4,2013,2
2014-05-05,2014-05-05,2,Monday,5,125,19,May,5,2,2014,1,4,2013,2
2014-05-06,2014-05-06,3,Tuesday,6,126,19,May,5,2,2014,1,4,2013,2
2014-05-07,2014-05-07,4,Wednesday,7,127,19,May,5,2,2014,1,4,2013,2
2014-05-08,2014-05-08,5,Thursday,8,128,19,May,5,2,2014,1,4,2013,2
2014-05-09,2014-05-09,6,Friday,9,129,19,May,5,2,2014,1,4,2013,2
2014-05-10,2014-05-10,7,Saturday,10,130,19,May,5,2,2014,1,4,2013,2
2014-05-11,2014-05-11,1,Sunday,11,131,20,May,5,2,2014,1,4,2013,2
2014-05-12,2014-05-12,2,Monday,12,132,20,May,5,2,2014,1,4,2013,2
2014-05-13,2014-05-13,3,Tuesday,13,133,20,May,5,2,2014,1,4,2013,2
2014-05-14,2014-05-14,4,Wednesday,14,134,20,May,5,2,2014,1,4,2013,2
2014-05-15,2014-05-15,5,Thursday,15,135,20,May,5,2,2014,1,4,2013,2
2014-05-16,2014-05-16,6,Friday,16,136,20,May,5,2,2014,1,4,2013,2
2014-05-17,2014-05-17,7,Saturday,17,137,20,May,5,2,2014,1,4,2013,2
2014-05-18,2014-05-18,1,Sunday,18,138,21,May,5,2,2014,1,4,2013,2
2014-05-19,2014-05-19,2,Monday,19,139,21,May,5,2,2014,1,4,2013,2
2014-05-20,2014-05-20,3,Tuesday,20,140,21,May,5,2,2014,1,4,2013,2
2014-05-21,2014-05-21,4,Wednesday,21,141,21,May,5,2,2014,1,4,2013,2
2014-05-22,2014-05-22,5,Thursday,22,142,21,May,5,2,2014,1,4,2013,2
2014-05-23,2014-05-23,6,Friday,23,143,21,May,5,2,2014,1,4,2013,2
2014-05-24,2014-05-24,7,Saturday,24,144,21,May,5,2,2014,1,4,2013,2
2014-05-25,2014-05-25,1,Sunday,25,145,22,May,5,2,2014,1,4,2013,2
2014-05-26,2014-05-26,2,Monday,26,146,22,May,5,2,2014,1,4,2013,2
2014-05-27,2014-05-27,3,Tuesday,27,147,22,May,5,2,2014,1,4,2013,2
2014-05-28,2014-05-28,4,Wednesday,28,148,22,May,5,2,2014,1,4,2013,2
2014-05-29,2014-05-29,5,Thursday,29,149,22,May,5,2,2014,1,4,2013,2
2014-05-30,2014-05-30,6,Friday,30,150,22,May,5,2,2014,1,4,2013,2
2014-05-31,2014-05-31,7,Saturday,31,151,22,May,5,2,2014,1,4,2013,2
2014-06-01,2014-06-01,1,Sunday,1,152,23,June,6,2,2014,1,4,2013,2
2014-06-02,2014-06-02,2,Monday,2,153,23,June,6,2,2014,1,4,2013,2
2014-06-03,2014-06-03,3,Tuesday,3,154,23,June,6,2,2014,1,4,2013,2
2014-06-04,2014-06-04,4,Wednesday,4,155,23,June,6,2,2014,1,4,2013,2
2014-06-05,2014-06-05,5,Thursday,5,156,23,June,6,2,2014,1,4,2013,2
2014-06-06,2014-06-06,6,Friday,6,157,23,June,6,2,2014,1,4,2013,2
2014-06-07,2014-06-07,7,Saturday,7,158,23,June,6,2,2014,1,4,2013,2
2014-06-08,2014-06-08,1,Sunday,8,159,24,June,6,2,2014,1,4,2013,2
2014-06-09,2014-06-09,2,Monday,9,160,24,June,6,2,2014,1,4,2013,2
2014-06-10,2014-06-10,3,Tuesday,10,161,24,June,6,2,2014,1,4,2013,2
2014-06-11,2014-06-11,4,Wednesday,11,162,24,June,6,2,2014,1,4,2013,2
2014-06-12,2014-06-12,5,Thursday,12,163,24,June,6,2,2014,1,4,2013,2
2014-06-13,2014-06-13,6,Friday,13,164,24,June,6,2,2014,1,4,2013,2
2014-06-14,2014-06-14,7,Saturday,14,165,24,June,6,2,2014,1,4,2013,2
2014-06-15,2014-06-15,1,Sunday,15,166,25,June,6,2,2014,1,4,2013,2
2014-06-16,2014-06-16,2,Monday,16,167,25,June,6,2,2014,1,4,2013,2
2014-06-17,2014-06-17,3,Tuesday,17,168,25,June,6,2,2014,1,4,2013,2
2014-06-18,2014-06-18,4,Wednesday,18,169,25,June,6,2,2014,1,4,2013,2
2014-06-19,2014-06-19,5,Thursday,19,170,25,June,6,2,2014,1,4,2013,2
2014-06-20,2014-06-20,6,Friday,20,171,25,June,6,2,2014,1,4,2013,2
2014-06-21,2014-06-21,7,Saturday,21,172,25,June,6,2,2014,1,4,2013,2
2014-06-22,2014-06-22,1,Sunday,22,173,26,June,6,2,2014,1,4,2013,2
2014-06-23,2014-06-23,2,Monday,23,174,26,June,6,2,2014,1,4,2013,2
2014-06-24,2014-06-24,3,Tuesday,24,175,26,June,6,2,2014,1,4,2013,2
2014-06-25,2014-06-25,4,Wednesday,25,176,26,June,6,2,2014,1,4,2013,2
2014-06-26,2014-06-26,5,Thursday,26,177,26,June,6,2,2014,1,4,2013,2
2014-06-27,2014-06-27,6,Friday,27,178,26,June,6,2,2014,1,4,2013,2
2014-06-28,2014-06-28,7,Saturday,28,179,26,June,6,2,2014,1,4,2013,2
2014-06-29,2014-06-29,1,Sunday,29,180,27,June,6,2,2014,1,4,2013,2
2014-06-30,2014-06-30,2,Monday,30,181,27,June,6,2,2014,1,4,2013,2
2014-07-01,2014-07-01,3,Tuesday,1,182,27,July,7,3,2014,2,1,2014,1
2014-07-02,2014-07-02,4,Wednesday,2,183,27,July,7,3,2014,2,1,2014,1
2014-07-03,2014-07-03,5,Thursday,3,184,27,July,7,3,2014,2,1,2014,1
2014-07-04,2014-07-04,6,Friday,4,185,27,July,7,3,2014,2,1,2014,1
2014-07-05,2014-07-05,7,Saturday,5,186,27,July,7,3,2014,2,1,2014,1
2014-07-06,2014-07-06,1,Sunday,6,187,28,July,7,3,2014,2,1,2014,1
2014-07-07,2014-07-07,2,Monday,7,188,28,July,7,3,2014,2,1,2014,1
2014-07-08,2014-07-08,3,Tuesday,8,189,28,July,7,3,2014,2,1,2014,1
2014-07-09,2014-07-09,4,Wednesday,9,190,28,July,7,3,2014,2,1,2014,1
2014-07-10,2014-07-10,5,Thursday,10,191,28,July,7,3,2014,2,1,2014,1
2014-07-11,2014-07-11,6,Friday,11,192,28,July,7,3,2014,2,1,2014,1
2014-07-12,2014-07-12,7,Saturday,12,193,28,July,7,3,2014,2,1,2014,1
2014-07-13,2014-07-13,1,Sunday,13,194,29,July,7,3,2014,2,1,2014,1
2014-07-14,2014-07-14,2,Monday,14,195,29,July,7,3,2014,2,1,2014,1
2014-07-15,2014-07-15,3,Tuesday,15,196,29,July,7,3,2014,2,1,2014,1
2014-07-16,2014-07-16,4,Wednesday,16,197,29,July,7,3,2014,2,1,2014,1
2014-07-17,2014-07-17,5,Thursday,17,198,29,July,7,3,2014,2,1,2014,1
2014-07-18,2014-07-18,6,Friday,18,199,29,July,7,3,2014,2,1,2014,1
2014-07-19,2014-07-19,7,Saturday,19,200,29,July,7,3,2014,2,1,2014,1
2014-07-20,2014-07-20,1,Sunday,20,201,30,July,7,3,2014,2,1,2014,1
2014-07-21,2014-07-21,2,Monday,21,202,30,July,7,3,2014,2,1,2014,1
2014-07-22,2014-07-22,3,Tuesday,22,203,30,July,7,3,2014,2,1,2014,1
2014-07-23,2014-07-23,4,Wednesday,23,204,30,July,7,3,2014,2,1,2014,1
2014-07-24,2014-07-24,5,Thursday,24,205,30,July,7,3,2014,2,1,2014,1
2014-07-25,2014-07-25,6,Friday,25,206,30,July,7,3,2014,2,1,2014,1
2014-07-26,2014-07-26,7,Saturday,26,207,30,July,7,3,2014,2,1,2014,1
2014-07-27,2014-07-27,1,Sunday,27,208,31,July,7,3,2014,2,1,2014,1
2014-07-28,2014-07-28,2,Monday,28,209,31,July,7,3,2014,2,1,2014,1
2014-07-29,2014-07-29,3,Tuesday,29,210,31,July,7,3,2014,2,1,2014,1
2014-07-30,2014-07-30,4,Wednesday,30,211,31,July,7,3,2014,2,1,2014,1
2014-07-31,2014-07-31,5,Thursday,31,212,31,July,7,3,2014,2,1,2014,1
2014-08-01,2014-08-01,6,Friday,1,213,31,August,8,3,2014,2,1,2014,1
2014-08-02,2014-08-02,7,Saturday,2,214,31,August,8,3,2014,2,1,2014,1
2014-08-03,2014-08-03,1,Sunday,3,215,32,August,8,3,2014,2,1,2014,1
2014-08-04,2014-08-04,2,Monday,4,216,32,August,8,3,2014,2,1,2014,1
2014-08-05,2014-08-05,3,Tuesday,5,217,32,August,8,3,2014,2,1,2014,1
2014-08-06,2014-08-06,4,Wednesday,6,218,32,August,8,3,2014,2,1,2014,1
2014-08-07,2014-08-07,5,Thursday,7,219,32,August,8,3,2014,2,1,2014,1
2014-08-08,2014-08-08,6,Friday,8,220,32,August,8,3,2014,2,1,2014,1
2014-08-09,2014-08-09,7,Saturday,9,221,32,August,8,3,2014,2,1,2014,1
2014-08-10,2014-08-10,1,Sunday,10,222,33,August,8,3,2014,2,1,2014,1
2014-08-11,2014-08-11,2,Monday,11,223,33,August,8,3,2014,2,1,2014,1
2014-08-12,2014-08-12,3,Tuesday,12,224,33,August,8,3,2014,2,1,2014,1
2014-08-13,2014-08-13,4,Wednesday,13,225,33,August,8,3,2014,2,1,2014,1
2014-08-14,2014-08-14,5,Thursday,14,226,33,August,8,3,2014,2,1,2014,1
2014-08-15,2014-08-15,6,Friday,15,227,33,August,8,3,2014,2,1,2014,1
2014-08-16,2014-08-16,7,Saturday,16,228,33,August,8,3,2014,2,1,2014,1
2014-08-17,2014-08-17,1,Sunday,17,229,34,August,8,3,2014,2,1,2014,1
2014-08-18,2014-08-18,2,Monday,18,230,34,August,8,3,2014,2,1,2014,1
2014-08-19,2014-08-19,3,Tuesday,19,231,34,August,8,3,2014,2,1,2014,1
2014-08-20,2014-08-20,4,Wednesday,20,232,34,August,8,3,2014,2,1,2014,1
2014-08-21,2014-08-21,5,Thursday,21,233,34,August,8,3,2014,2,1,2014,1
2014-08-22,2014-08-22,6,Friday,22,234,34,August,8,3,2014,2,1,2014,1
2014-08-23,2014-08-23,7,Saturday,23,235,34,August,8,3,2014,2,1,2014,1
2014-08-24,2014-08-24,1,Sunday,24,236,35,August,8,3,2014,2,1,2014,1
2014-08-25,2014-08-25,2,Monday,25,237,35,August,8,3,2014,2,1,2014,1
2014-08-26,2014-08-26,3,Tuesday,26,238,35,August,8,3,2014,2,1,2014,1
2014-08-27,2014-08-27,4,Wednesday,27,239,35,August,8,3,2014,2,1,2014,1
2014-08-28,2014-08-28,5,Thursday,28,240,35,August,8,3,2014,2,1,2014,1
2014-08-29,2014-08-29,6,Friday,29,241,35,August,8,3,2014,2,1,2014,1
2014-08-30,2014-08-30,7,Saturday,30,242,35,August,8,3,2014,2,1,2014,1
2014-08-31,2014-08-31,1,Sunday,31,243,36,August,8,3,2014,2,1,2014,1
2014-09-01,2014-09-01,2,Monday,1,244,36,September,9,3,2014,2,1,2014,1
2014-09-02,2014-09-02,3,Tuesday,2,245,36,September,9,3,2014,2,1,2014,1
2014-09-03,2014-09-03,4,Wednesday,3,246,36,September,9,3,2014,2,1,2014,1
2014-09-04,2014-09-04,5,Thursday,4,247,36,September,9,3,2014,2,1,2014,1
2014-09-05,2014-09-05,6,Friday,5,248,36,September,9,3,2014,2,1,2014,1
2014-09-06,2014-09-06,7,Saturday,6,249,36,September,9,3,2014,2,1,2014,1
2014-09-07,2014-09-07,1,Sunday,7,250,37,September,9,3,2014,2,1,2014,1
2014-09-08,2014-09-08,2,Monday,8,251,37,September,9,3,2014,2,1,2014,1
2014-09-09,2014-09-09,3,Tuesday,9,252,37,September,9,3,2014,2,1,2014,1
2014-09-10,2014-09-10,4,Wednesday,10,253,37,September,9,3,2014,2,1,2014,1
2014-09-11,2014-09-11,5,Thursday,11,254,37,September,9,3,2014,2,1,2014,1
2014-09-12,2014-09-12,6,Friday,12,255,37,September,9,3,2014,2,1,2014,1
2014-09-13,2014-09-13,7,Saturday,13,256,37,September,9,3,2014,2,1,2014,1
2014-09-14,2014-09-14,1,Sunday,14,257,38,September,9,3,2014,2,1,2014,1
2014-09-15,2014-09-15,2,Monday,15,258,38,September,9,3,2014,2,1,2014,1
2014-09-16,2014-09-16,3,Tuesday,16,259,38,September,9,3,2014,2,1,2014,1
2014-09-17,2014-09-17,4,Wednesday,17,260,38,September,9,3,2014,2,1,2014,1
2014-09-18,2014-09-18,5,Thursday,18,261,38,September,9,3,2014,2,1,2014,1
2014-09-19,2014-09-19,6,Friday,19,262,38,September,9,3,2014,2,1,2014,1
2014-09-20,2014-09-20,7,Saturday,20,263,38,September,9,3,2014,2,1,2014,1
2014-09-21,2014-09-21,1,Sunday,21,264,39,September,9,3,2014,2,1,2014,1
2014-09-22,2014-09-22,2,Monday,22,265,39,September,9,3,2014,2,1,2014,1
2014-09-23,2014-09-23,3,Tuesday,23,266,39,September,9,3,2014,2,1,2014,1
2014-09-24,2014-09-24,4,Wednesday,24,267,39,September,9,3,2014,2,1,2014,1
2014-09-25,2014-09-25,5,Thursday,25,268,39,September,9,3,2014,2,1,2014,1
2014-09-26,2014-09-26,6,Friday,26,269,39,September,9,3,2014,2,1,2014,1
2014-09-27,2014-09-27,7,Saturday,27,270,39,September,9,3,2014,2,1,2014,1
2014-09-28,2014-09-28,1,Sunday,28,271,40,September,9,3,2014,2,1,2014,1
2014-09-29,2014-09-29,2,Monday,29,272,40,September,9,3,2014,2,1,2014,1
2014-09-30,2014-09-30,3,Tuesday,30,273,40,September,9,3,2014,2,1,2014,1
2014-10-01,2014-10-01,4,Wednesday,1,274,40,October,10,4,2014,2,2,2014,1
2014-10-02,2014-10-02,5,Thursday,2,275,40,October,10,4,2014,2,2,2014,1
2014-10-03,2014-10-03,6,Friday,3,276,40,October,10,4,2014,2,2,2014,1
2014-10-04,2014-10-04,7,Saturday,4,277,40,October,10,4,2014,2,2,2014,1
2014-10-05,2014-10-05,1,Sunday,5,278,41,October,10,4,2014,2,2,2014,1
2014-10-06,2014-10-06,2,Monday,6,279,41,October,10,4,2014,2,2,2014,1
2014-10-07,2014-10-07,3,Tuesday,7,280,41,October,10,4,2014,2,2,2014,1
2014-10-08,2014-10-08,4,Wednesday,8,281,41,October,10,4,2014,2,2,2014,1
2014-10-09,2014-10-09,5,Thursday,9,282,41,October,10,4,2014,2,2,2014,1
2014-10-10,2014-10-10,6,Friday,10,283,41,October,10,4,2014,2,2,2014,1
2014-10-11,2014-10-11,7,Saturday,11,284,41,October,10,4,2014,2,2,2014,1
2014-10-12,2014-10-12,1,Sunday,12,285,42,October,10,4,2014,2,2,2014,1
2014-10-13,2014-10-13,2,Monday,13,286,42,October,10,4,2014,2,2,2014,1
2014-10-14,2014-10-14,3,Tuesday,14,287,42,October,10,4,2014,2,2,2014,1
2014-10-15,2014-10-15,4,Wednesday,15,288,42,October,10,4,2014,2,2,2014,1
2014-10-16,2014-10-16,5,Thursday,16,289,42,October,10,4,2014,2,2,2014,1
2014-10-17,2014-10-17,6,Friday,17,290,42,October,10,4,2014,2,2,2014,1
2014-10-18,2014-10-18,7,Saturday,18,291,42,October,10,4,2014,2,2,2014,1
2014-10-19,2014-10-19,1,Sunday,19,292,43,October,10,4,2014,2,2,2014,1
2014-10-20,2014-10-20,2,Monday,20,293,43,October,10,4,2014,2,2,2014,1
2014-10-21,2014-10-21,3,Tuesday,21,294,43,October,10,4,2014,2,2,2014,1
2014-10-22,2014-10-22,4,Wednesday,22,295,43,October,10,4,2014,2,2,2014,1
2014-10-23,2014-10-23,5,Thursday,23,296,43,October,10,4,2014,2,2,2014,1
2014-10-24,2014-10-24,6,Friday,24,297,43,October,10,4,2014,2,2,2014,1
2014-10-25,2014-10-25,7,Saturday,25,298,43,October,10,4,2014,2,2,2014,1
2014-10-26,2014-10-26,1,Sunday,26,299,44,October,10,4,2014,2,2,2014,1
2014-10-27,2014-10-27,2,Monday,27,300,44,October,10,4,2014,2,2,2014,1
2014-10-28,2014-10-28,3,Tuesday,28,301,44,October,10,4,2014,2,2,2014,1
2014-10-29,2014-10-29,4,Wednesday,29,302,44,October,10,4,2014,2,2,2014,1
2014-10-30,2014-10-30,5,Thursday,30,303,44,October,10,4,2014,2,2,2014,1
2014-10-31,2014-10-31,6,Friday,31,304,44,October,10,4,2014,2,2,2014,1
2014-11-01,2014-11-01,7,Saturday,1,305,44,November,11,4,2014,2,2,2014,1
2014-11-02,2014-11-02,1,Sunday,2,306,45,November,11,4,2014,2,2,2014,1
2014-11-03,2014-11-03,2,Monday,3,307,45,November,11,4,2014,2,2,2014,1
2014-11-04,2014-11-04,3,Tuesday,4,308,45,November,11,4,2014,2,2,2014,1
2014-11-05,2014-11-05,4,Wednesday,5,309,45,November,11,4,2014,2,2,2014,1
2014-11-06,2014-11-06,5,Thursday,6,310,45,November,11,4,2014,2,2,2014,1
2014-11-07,2014-11-07,6,Friday,7,311,45,November,11,4,2014,2,2,2014,1
2014-11-08,2014-11-08,7,Saturday,8,312,45,November,11,4,2014,2,2,2014,1
2014-11-09,2014-11-09,1,Sunday,9,313,46,November,11,4,2014,2,2,2014,1
2014-11-10,2014-11-10,2,Monday,10,314,46,November,11,4,2014,2,2,2014,1
2014-11-11,2014-11-11,3,Tuesday,11,315,46,November,11,4,2014,2,2,2014,1
2014-11-12,2014-11-12,4,Wednesday,12,316,46,November,11,4,2014,2,2,2014,1
2014-11-13,2014-11-13,5,Thursday,13,317,46,November,11,4,2014,2,2,2014,1
2014-11-14,2014-11-14,6,Friday,14,318,46,November,11,4,2014,2,2,2014,1
2014-11-15,2014-11-15,7,Saturday,15,319,46,November,11,4,2014,2,2,2014,1
2014-11-16,2014-11-16,1,Sunday,16,320,47,November,11,4,2014,2,2,2014,1
2014-11-17,2014-11-17,2,Monday,17,321,47,November,11,4,2014,2,2,2014,1
2014-11-18,2014-11-18,3,Tuesday,18,322,47,November,11,4,2014,2,2,2014,1
2014-11-19,2014-11-19,4,Wednesday,19,323,47,November,11,4,2014,2,2,2014,1
2014-11-20,2014-11-20,5,Thursday,20,324,47,November,11,4,2014,2,2,2014,1
2014-11-21,2014-11-21,6,Friday,21,325,47,November,11,4,2014,2,2,2014,1
2014-11-22,2014-11-22,7,Saturday,22,326,47,November,11,4,2014,2,2,2014,1
2014-11-23,2014-11-23,1,Sunday,23,327,48,November,11,4,2014,2,2,2014,1
2014-11-24,2014-11-24,2,Monday,24,328,48,November,11,4,2014,2,2,2014,1
2014-11-25,2014-11-25,3,Tuesday,25,329,48,November,11,4,2014,2,2,2014,1
2014-11-26,2014-11-26,4,Wednesday,26,330,48,November,11,4,2014,2,2,2014,1
2014-11-27,2014-11-27,5,Thursday,27,331,48,November,11,4,2014,2,2,2014,1
2014-11-28,2014-11-28,6,Friday,28,332,48,November,11,4,2014,2,2,2014,1
2014-11-29,2014-11-29,7,Saturday,29,333,48,November,11,4,2014,2,2,2014,1
2014-11-30,2014-11-30,1,Sunday,30,334,49,November,11,4,2014,2,2,2014,1
2014-12-01,2014-12-01,2,Monday,1,335,49,December,12,4,2014,2,2,2014,1
2014-12-02,2014-12-02,3,Tuesday,2,336,49,December,12,4,2014,2,2,2014,1
2014-12-03,2014-12-03,4,Wednesday,3,337,49,December,12,4,2014,2,2,2014,1
2014-12-04,2014-12-04,5,Thursday,4,338,49,December,12,4,2014,2,2,2014,1
2014-12-05,2014-12-05,6,Friday,5,339,49,December,12,4,2014,2,2,2014,1
2014-12-06,2014-12-06,7,Saturday,6,340,49,December,12,4,2014,2,2,2014,1
2014-12-07,2014-12-07,1,Sunday,7,341,50,December,12,4,2014,2,2,2014,1
2014-12-08,2014-12-08,2,Monday,8,342,50,December,12,4,2014,2,2,2014,1
2014-12-09,2014-12-09,3,Tuesday,9,343,50,December,12,4,2014,2,2,2014,1
2014-12-10,2014-12-10,4,Wednesday,10,344,50,December,12,4,2014,2,2,2014,1
2014-12-11,2014-12-11,5,Thursday,11,345,50,December,12,4,2014,2,2,2014,1
2014-12-12,2014-12-12,6,Friday,12,346,50,December,12,4,2014,2,2,2014,1
2014-12-13,2014-12-13,7,Saturday,13,347,50,December,12,4,2014,2,2,2014,1
2014-12-14,2014-12-14,1,Sunday,14,348,51,December,12,4,2014,2,2,2014,1
2014-12-15,2014-12-15,2,Monday,15,349,51,December,12,4,2014,2,2,2014,1
2014-12-16,2014-12-16,3,Tuesday,16,350,51,December,12,4,2014,2,2,2014,1
2014-12-17,2014-12-17,4,Wednesday,17,351,51,December,12,4,2014,2,2,2014,1
2014-12-18,2014-12-18,5,Thursday,18,352,51,December,12,4,2014,2,2,2014,1
2014-12-19,2014-12-19,6,Friday,19,353,51,December,12,4,2014,2,2,2014,1
2014-12-20,2014-12-20,7,Saturday,20,354,51,December,12,4,2014,2,2,2014,1
2014-12-21,2014-12-21,1,Sunday,21,355,52,December,12,4,2014,2,2,2014,1
2014-12-22,2014-12-22,2,Monday,22,356,52,December,12,4,2014,2,2,2014,1
2014-12-23,2014-12-23,3,Tuesday,23,357,52,December,12,4,2014,2,2,2014,1
2014-12-24,2014-12-24,4,Wednesday,24,358,52,December,12,4,2014,2,2,2014,1
2014-12-25,2014-12-25,5,Thursday,25,359,52,December,12,4,2014,2,2,2014,1
2014-12-26,2014-12-26,6,Friday,26,360,52,December,12,4,2014,2,2,2014,1
2014-12-27,2014-12-27,7,Saturday,27,361,52,December,12,4,2014,2,2,2014,1
2014-12-28,2014-12-28,1,Sunday,28,362,53,December,12,4,2014,2,2,2014,1
2014-12-29,2014-12-29,2,Monday,29,363,53,December,12,4,2014,2,2,2014,1
2014-12-30,2014-12-30,3,Tuesday,30,364,53,December,12,4,2014,2,2,2014,1
2014-12-31,2014-12-31,4,Wednesday,31,365,53,December,12,4,2014,2,2,2014,1
